CSATWRRRESPYEQYF	TRBV20-1	TRBJ2-7
CASSSTWRRGGSGETQYF	TRBV7-9	TRBJ2-5
CASSYGTWRRGEQYF	TRBV7-2	TRBJ2-7
CASSLFGSGANVLTF	TRBV28	TRBJ2-6
CASSIFGSGANVLTF	TRBV6-5	TRBJ2-6
CATSRFGSGANVLTF	TRBV15	TRBJ2-6
CASSYGGNEAFF	TRBV6-5	TRBJ1-1
CASSRGGNEQFF	TRBV12-3	TRBJ2-1
CASSFGGNEQFF	TRBV5-8	TRBJ2-1
CASSIGGNEQFF	TRBV19	TRBJ2-1
CASSLGGNEQFF	TRBV7-2	TRBJ2-1
CASSLGGNEQFF	TRBV11-2	TRBJ2-1
CASSYGGNEQFF	TRBV6-6	TRBJ2-1
CSASRGDTQYF	TRBV20-1	TRBJ2-3
CASSRGDTQYF	TRBV3-1	TRBJ2-3
CASSRGETQYF	TRBV12-4	TRBJ2-5
CASSRGKTQYF	TRBV6-5	TRBJ2-5
CASSLGAGVQETQYF	TRBV7-9	TRBJ2-5
CASSLGQGVQETQYF	TRBV5-4	TRBJ2-5
CASSLGTGVQETQYF	TRBV5-4	TRBJ2-5
CASSLSGMNTEAFF	TRBV5-1	TRBJ1-1
CASSLSGLNTEAFF	TRBV12-3	TRBJ1-1
CASSLSGRNTEAFF	TRBV27	TRBJ1-1
CASSLSGANTEAFF	TRBV5-1	TRBJ1-1
CASSFGSHGEQFF	TRBV27	TRBJ2-1
CASSFGSRGEQFF	TRBV11-2	TRBJ2-1
CASSFGSSGELFF	TRBV19	TRBJ2-2
CASSYLPGELFF	TRBV6-3	TRBJ2-2
CAISELPGELFF	TRBV10-3	TRBJ2-2
CASSPLPGELFF	TRBV12-3	TRBJ2-2
CASSWRADTQYF	TRBV12-4	TRBJ2-3
CASSSRADTQYF	TRBV10-2	TRBJ2-3
CASSLRADTQYF	TRBV2	TRBJ2-3
CASSYRADTQYF	TRBV12-4	TRBJ2-3
CASSPLAGEVETQYF	TRBV28	TRBJ2-5
CASSELAGEVETQYF	TRBV2	TRBJ2-5
CASSLGGTLNEQFF	TRBV28	TRBJ2-1
CASSLVGTLNEQFF	TRBV7-8	TRBJ2-1
CASSFDGSNYGYTF	TRBV11-2	TRBJ1-2
CASSFDRSNYGYTF	TRBV11-2	TRBJ1-2
CASSTPSGNYGYTF	TRBV19	TRBJ1-2
CASSTPSGGYGYTF	TRBV28	TRBJ1-2
CASSVSAGNEQFF	TRBV2	TRBJ2-1
CAWSVSAGTEAFF	TRBV30	TRBJ1-1
CASSPEQGARSDEQFF	TRBV5-1	TRBJ2-1
CASSFEQGARSDEQFF	TRBV5-1	TRBJ2-1
CASSPNTGSYGYTF	TRBV7-6	TRBJ1-2
CASSGNTGSYGYTF	TRBV2	TRBJ1-2
CASSKPGLAGGPPDTQYF	TRBV7-2	TRBJ2-3
CASSKPGLAGGPRDTQYF	TRBV12-3	TRBJ2-3
CASSELGGGYEQYF	TRBV10-2	TRBJ2-7
CASSELGGGYGYTF	TRBV6-1	TRBJ1-2
CASSEYGERGYTF	TRBV6-1	TRBJ1-2
CATSEGGERGAFF	TRBV24-1	TRBJ1-1
CSVEARGRNTGELFF	TRBV29-1	TRBJ2-2
CASSARGRNTGELFF	TRBV11-3	TRBJ2-2
CASSVGGAYNSPLHF	TRBV2	TRBJ1-6
CASSVGAAYNSPLHF	TRBV5-1	TRBJ1-6
CAWKSAGVTEQFF	TRBV30	TRBJ2-1
CSVKSAGITEAFF	TRBV20-1	TRBJ1-1
CASSPRRWGEKLFF	TRBV9	TRBJ1-4
CASSPRRIGEKLFF	TRBV28	TRBJ1-4
CASSPNRVSGANVLTF	TRBV18	TRBJ2-6
CASSPNRNSGANVLTF	TRBV27	TRBJ2-6
CASGRGLNNEQFF	TRBV12-5	TRBJ2-1
CASGRGLNNEQFF	TRBV12-5	TRBJ2-1
CASGRGQNNEQFF	TRBV27	TRBJ2-1
CASSLAPAQTQYF	TRBV9	TRBJ2-5
CASSLAPADTQYF	TRBV5-4	TRBJ2-3
CASSPEQGARSDEQFF	TRBV5-1	TRBJ2-1
CASSPEQGARSDTQYF	TRBV5-1	TRBJ2-3
CATSFRTSGRNTGELFF	TRBV15	TRBJ2-2
CASSHRTSGRNTGELFF	TRBV3-1	TRBJ2-2
CASSSSGPPNEQFF	TRBV7-3	TRBJ2-1
CASSSSPPPNEQFF	TRBV11-3	TRBJ2-1
CASSLGLRVTEAFF	TRBV6-5	TRBJ1-1
CASSLGLEVTEAFF	TRBV5-4	TRBJ1-1
CSARSRDWKFSEAFF	TRBV20-1	TRBJ1-1
CSARSGDWKFSEAFF	TRBV20-1	TRBJ1-1
CASTSRGGSQETQYF	TRBV9	TRBJ2-5
CASTTRGGSQETQYF	TRBV9	TRBJ2-5
CASGLLHEQYF	TRBV6-1	TRBJ2-7
CASSLLHEQYF	TRBV28	TRBJ2-7
CASSYSGDDEQFF	TRBV6-5	TRBJ2-1
CASSYSGDDEQFF	TRBV6-5	TRBJ2-1
CASSYSGDDEQFF	TRBV6-5	TRBJ2-1
CASSYSGDDTQYF	TRBV6-5	TRBJ2-3
CASSYSGDDTQYF	TRBV6-5	TRBJ2-3
CASSYSGDDTQYF	TRBV6-5	TRBJ2-3
CASSYSGDDTQYF	TRBV6-5	TRBJ2-3
CASSYSGDDTQYF	TRBV6-5	TRBJ2-3
CSVEETGKAEAFF	TRBV29-1	TRBJ1-1
CATEGTGKAEQYF	TRBV24-1	TRBJ2-7
CASTAGQANEKLFF	TRBV12-3	TRBJ1-4
CASSAGQANEKLFF	TRBV13	TRBJ1-4
CATSRGEAGYTF	TRBV15	TRBJ1-2
CASSVGEAGYTF	TRBV2	TRBJ1-2
CAISGDRDTEAFF	TRBV10-3	TRBJ1-1
CSARGDRDTEAFF	TRBV20-1	TRBJ1-1
CASSLYMGSENTIYF	TRBV27	TRBJ1-3
CASSLYMGSGNTIYF	TRBV27	TRBJ1-3
CASSLPAGAGETQYF	TRBV5-6	TRBJ2-5
CASSLPAGTGETQYF	TRBV7-8	TRBJ2-5
CASSVLGAGNTIYF	TRBV9	TRBJ1-3
CASSVLGSGNTIYF	TRBV2	TRBJ1-3
CASNMDSRNQPQHF	TRBV6-6	TRBJ1-5
CASNMDSLNQPQHF	TRBV6-3	TRBJ1-5
CASSVAGDPYNEQFF	TRBV9	TRBJ2-1
CASSVAPDPYNEQFF	TRBV9	TRBJ2-1
CASSWSGVGQPQHF	TRBV6-6	TRBJ1-5
CASSESGVGQPQHF	TRBV9	TRBJ1-5
CASSPGDRAAFF	TRBV5-1	TRBJ1-1
CASSPPDRAAFF	TRBV28	TRBJ1-1
CASTQRGLGAFF	TRBV19	TRBJ1-1
CSATNRGLGQFF	TRBV20-1	TRBJ2-1
CASSPLDSDYGYTF	TRBV28	TRBJ1-2
CAWSPLDRDYGYTF	TRBV30	TRBJ1-2
CASSLGGSTDTQYF	TRBV5-4	TRBJ2-3
CASSLGGETDTQYF	TRBV27	TRBJ2-3
CASSLGGVTDTQYF	TRBV11-3	TRBJ2-3
CSASLGGSTDTQYF	TRBV20-1	TRBJ2-3
CASSLDSGNQPQHF	TRBV19	TRBJ1-5
CASSLDRGNQPQHF	TRBV12-3	TRBJ1-5
CASSLDGGNQPQHF	TRBV5-1	TRBJ1-5
CASSWASQETQYF	TRBV6-1	TRBJ2-5
CASSTASQETQYF	TRBV19	TRBJ2-5
CASSLASQETQYF	TRBV7-2	TRBJ2-5
CASSWGRGNTGELFF	TRBV5-1	TRBJ2-2
CASSWGRMNTGELFF	TRBV7-8	TRBJ2-2
CASSLGIAGADTQYF	TRBV7-3	TRBJ2-3
CASSLGLAGADTQYF	TRBV5-4	TRBJ2-3
CASSTGLAANTGELFF	TRBV19	TRBJ2-2
CASSTGLAGNTGELFF	TRBV19	TRBJ2-2
CASSLARQATDTQYF	TRBV5-1	TRBJ2-3
CASSLARQGTDTQYF	TRBV5-1	TRBJ2-3
CATSESTGGRADTQYF	TRBV24-1	TRBJ2-3
CAISESTGGRTDTQYF	TRBV10-3	TRBJ2-3
CSARGLAGVGGELFF	TRBV20-1	TRBJ2-2
CSARGLAGVGTEQYF	TRBV20-1	TRBJ2-7
CSVEWQGGTDTQYF	TRBV29-1	TRBJ2-3
CASSWQGGTDTQYF	TRBV6-5	TRBJ2-3
CASSQDQGSGANVLTF	TRBV4-1	TRBJ2-6
CASSQPQGSGANVLTF	TRBV3-1	TRBJ2-6
CASSPGGQGRNEQFF	TRBV3-1	TRBJ2-1
CAISQGGQGRNEQYF	TRBV12-3	TRBJ2-7
CASSLASNSPLHF	TRBV7-8	TRBJ1-6
CASSLASNQPQHF	TRBV11-2	TRBJ1-5
CASTQRGLGAFF	TRBV19	TRBJ1-1
CASSQRGLGYTF	TRBV4-1	TRBJ1-2
CASSPTGTNYGYTF	TRBV7-9	TRBJ1-2
CASRPTGTNYGYTF	TRBV5-4	TRBJ1-2
CASSQVSTGGLNF	TRBV14	TRBJ2-3
CASSQDSTGGYTF	TRBV13	TRBJ1-2
CASSLGSATNEKLFF	TRBV7-6	TRBJ1-4
CASSLGSAGNEKLFF	TRBV28	TRBJ1-4
CASRGTGGRNTIYF	TRBV6-5	TRBJ1-3
CSARGTGGRETQYF	TRBV20-1	TRBJ2-5
CASSLYENNSPLHF	TRBV12-3	TRBJ1-6
CASSLAENNSPLHF	TRBV12-3	TRBJ1-6
CASSTTVTGELFF	TRBV5-1	TRBJ2-2
CASSTTNTGELFF	TRBV28	TRBJ2-2
CASSDPGTGVEQYF	TRBV6-5	TRBJ2-7
CASSDPGTGYEQYF	TRBV10-2	TRBJ2-7
CASSQGGGAGETQYF	TRBV4-1	TRBJ2-5
CASSQGGGAGKTQYF	TRBV12-3	TRBJ2-5
CASRDRGSNTGELFF	TRBV11-1	TRBJ2-2
CSARDRSSNTGELFF	TRBV20-1	TRBJ2-2
CASSLRRDYEQYF	TRBV11-2	TRBJ2-7
CASSLRRDYGYTF	TRBV27	TRBJ1-2
CASSESFNYGYTF	TRBV10-2	TRBJ1-2
CASSELFNYGYTF	TRBV6-1	TRBJ1-2
CASTLGSGELFF	TRBV4-2	TRBJ2-2
CASTLGSTEAFF	TRBV28	TRBJ1-1
CASNRAYNEQFF	TRBV28	TRBJ2-1
CASNGAYNEQFF	TRBV28	TRBJ2-1
CAWSARVSYNSPLHF	TRBV30	TRBJ1-6
CATSRRVSYNSPLHF	TRBV15	TRBJ1-6
CASSLTGGLETQYF	TRBV6-5	TRBJ2-5
CASSLTGGRETQYF	TRBV19	TRBJ2-5
CASSLTGGQETQYF	TRBV18	TRBJ2-5
CASSLDRHNEQFF	TRBV11-2	TRBJ2-1
CASSLDRYNEQFF	TRBV27	TRBJ2-1
CASSLDRRNEQYF	TRBV7-9	TRBJ2-7
CASTLGGPDLAFF	TRBV19	TRBJ1-1
CAWSGPDLQTNEKLFF	TRBV30	TRBJ1-4
CASSFRVGPDLGTFF	TRBV7-2	TRBJ1-1
CASSQGPDLTYEQYF	TRBV3-1	TRBJ2-7
CASGSIDEQYF	TRBV28	TRBJ2-7
CASGSADEAFF	TRBV12-5	TRBJ1-1
CASSQEGRNQPQHF	TRBV4-2	TRBJ1-5
CASSPEGRNQPQHF	TRBV18	TRBJ1-5
CASSELAGGPDTQYF	TRBV6-1	TRBJ2-3
CASSEIAGGPDTQYF	TRBV6-1	TRBJ2-3
CASSLDGTPNYGYTF	TRBV11-2	TRBJ1-2
CASSLAGTPNYGYTF	TRBV12-4	TRBJ1-2
CSATGTVNSPLHF	TRBV20-1	TRBJ1-6
CASTGTVNQPQHF	TRBV28	TRBJ1-5
CASSLSTGTYEQYF	TRBV11-2	TRBJ2-7
CASSLSTATYEQYF	TRBV5-1	TRBJ2-7
CASSWTSQETQYF	TRBV6-5	TRBJ2-5
CASSWTSQETQYF	TRBV6-5	TRBJ2-5
CASSWASQETQYF	TRBV6-1	TRBJ2-5
CASSLDGNSPLHF	TRBV7-2	TRBJ1-6
CASSLDGNQPQHF	TRBV11-1	TRBJ1-5
CASSFGPADTQYF	TRBV12-4	TRBJ2-3
CASSFGPADTQYF	TRBV12-4	TRBJ2-3
CASSFGPADTQYF	TRBV12-4	TRBJ2-3
CASSFGPTDTQYF	TRBV12-3	TRBJ2-3
CATSDGPEETQYF	TRBV24-1	TRBJ2-5
CASSDGREETQYF	TRBV9	TRBJ2-5
CASSWDREVEQYF	TRBV5-1	TRBJ2-7
CASSWDRENEQFF	TRBV6-3	TRBJ2-1
CASSVEAGGGTQYF	TRBV9	TRBJ2-5
CASSVEAGGDTQYF	TRBV9	TRBJ2-3
CASSLGASGNTIYF	TRBV5-1	TRBJ1-3
CASSLGASGNEQFF	TRBV5-6	TRBJ2-1
CSVSPAGVYEQFF	TRBV29-1	TRBJ2-1
CASSPAGVDEQFF	TRBV6-5	TRBJ2-1
CASSQAGGPDTQYF	TRBV4-3	TRBJ2-3
CAWTQAGGPDTQYF	TRBV30	TRBJ2-3
CASKQTGYEQYF	TRBV10-2	TRBJ2-7
CATQQTGYEQYF	TRBV28	TRBJ2-7
CASSISGTAGEQYF	TRBV19	TRBJ2-7
CASSTSGTAGELFF	TRBV5-1	TRBJ2-2
CASSLGGETDTQYF	TRBV27	TRBJ2-3
CASSRGGETDTQYF	TRBV6-4	TRBJ2-3
CSARDPGGNTDTQYF	TRBV20-1	TRBJ2-3
CSARDLGGNTDTQYF	TRBV20-1	TRBJ2-3
CASSLSGANYEQYV	TRBV11-3	TRBJ2-7
CASSLSGANTEAFF	TRBV5-1	TRBJ1-1
CASSRQPSGNTIYF	TRBV7-2	TRBJ1-3
CASSLQPSGNTIYF	TRBV11-1	TRBJ1-3
CASSFGSSYNEQFF	TRBV7-9	TRBJ2-1
CASSFGSSYNEQFF	TRBV13	TRBJ2-1
CASSFGSTYNEQFF	TRBV5-5	TRBJ2-1
CASSFDFSYNSPLHF	TRBV11-3	TRBJ1-6
CASSFDSSYNSPLHF	TRBV12-4	TRBJ1-6
CAISGDRDTEAFF	TRBV10-3	TRBJ1-1
CASSPDRDTEAFF	TRBV5-4	TRBJ1-1
CASSSDRDTEAFF	TRBV27	TRBJ1-1
CSGGGLNTEAFF	TRBV20-1	TRBJ1-1
CATGGLGTEAFF	TRBV6-1	TRBJ1-1
CAWGGLYTEAFF	TRBV30	TRBJ1-1
CASSIGGSEAFF	TRBV19	TRBJ1-1
CASSIGGNEQFF	TRBV19	TRBJ2-1
CASSIGGDEQFF	TRBV19	TRBJ2-1
CSVEGSGEAFF	TRBV29-1	TRBJ1-1
CSAEGGGELFF	TRBV29-1	TRBJ2-2
CSAEGVGEAFF	TRBV29-1	TRBJ1-1
CASSTTSGELFF	TRBV19	TRBJ2-2
CASSQTSGEQYF	TRBV11-2	TRBJ2-7
CASSLTSGEQFF	TRBV27	TRBJ2-1
CASSLADGNTIYF	TRBV7-6	TRBJ1-3
CASSLALGNTIYF	TRBV7-8	TRBJ1-3
CASSLAGGNTIYF	TRBV5-4	TRBJ1-3
CASSLGRMETQYF	TRBV28	TRBJ2-5
CASSLGRQETQYF	TRBV5-5	TRBJ2-5
CASSLGREETQYF	TRBV7-7	TRBJ2-5
CASSLYMGSENTIYF	TRBV27	TRBJ1-3
CASSYMGSNQPQHF	TRBV6-3	TRBJ1-5
CASSLYMGSGNTIYF	TRBV27	TRBJ1-3
CASSLTGGRETQYF	TRBV19	TRBJ2-5
CASSLAGGRETQYF	TRBV12-3	TRBJ2-5
CASSLFGGRETQYF	TRBV7-6	TRBJ2-5
CASSLVGNTEAFF	TRBV5-5	TRBJ1-1
CASSLVGGTEAFF	TRBV5-8	TRBJ1-1
CASSLVGETEAFF	TRBV5-1	TRBJ1-1
CASSPTGGGYGYTF	TRBV6-5	TRBJ1-2
CASSRTGGGYGYTF	TRBV25-1	TRBJ1-2
CASSQTGGGYGYTF	TRBV19	TRBJ1-2
CASSQTGREQYF	TRBV5-1	TRBJ2-7
CASSYTGREQFF	TRBV6-5	TRBJ2-1
CASSKTGREQYF	TRBV7-6	TRBJ2-7
CASSLGGDTQYF	TRBV2	TRBJ2-3
CASSLGGETQYF	TRBV11-3	TRBJ2-5
CASSLGGETQYF	TRBV7-2	TRBJ2-5
CASSLGGLTLHF	TRBV27	TRBJ1-6
CASSFGQGPYNEQFF	TRBV11-2	TRBJ2-1
CASSFGQGVYNEQFF	TRBV11-2	TRBJ2-1
CASSFGQGTYNEQFF	TRBV11-2	TRBJ2-1
CASSSGLAVYEQYF	TRBV7-9	TRBJ2-7
CASSSGTAVYEQYF	TRBV28	TRBJ2-7
CAISTTGLGETQYF	TRBV10-3	TRBJ2-5
CASSITGLGETQYF	TRBV11-2	TRBJ2-5
CASSFQENTEAFF	TRBV7-2	TRBJ1-1
CASSFQEDTEAFF	TRBV11-3	TRBJ1-1
CAISDRVQETQYF	TRBV10-3	TRBJ2-5
CASSDRVRETQYF	TRBV19	TRBJ2-5
CASSLTRWDEQYF	TRBV11-3	TRBJ2-7
CASSLTRSDEQYF	TRBV7-3	TRBJ2-7
CASSFGQGVYNEQFF	TRBV11-2	TRBJ2-1
CASSFGTGVYNEQFF	TRBV7-9	TRBJ2-1
CASSIGGSEAFF	TRBV19	TRBJ1-1
CASSIGASEQFF	TRBV19	TRBJ2-1
CASSLTGGPDTQYF	TRBV7-2	TRBJ2-3
CASSLTGTPDTQYF	TRBV7-2	TRBJ2-3
CASSLGPTNEQFF	TRBV12-4	TRBJ2-1
CASSTGPTNEQFF	TRBV9	TRBJ2-1
CASSDRATGELFF	TRBV6-4	TRBJ2-2
CASSSRATGELFF	TRBV4-2	TRBJ2-2
CASSSSSGRSTDTQYF	TRBV6-6	TRBJ2-3
CASSFSSGRSTDTQYF	TRBV12-4	TRBJ2-3
CAWTGLAGYDTQYF	TRBV30	TRBJ2-3
CASTGLAGEDTQYF	TRBV2	TRBJ2-3
CASSLDRGSGYTF	TRBV3-1	TRBJ1-2
CASSLDRASGYTF	TRBV4-1	TRBJ1-2
CASSESVSGANVLTF	TRBV6-1	TRBJ2-6
CAISESESGANVLTF	TRBV10-3	TRBJ2-6
CASSPRGGATNEKLFF	TRBV18	TRBJ1-4
CASSERGGATNEKLFF	TRBV9	TRBJ1-4
CASSFRRREQYF	TRBV12-4	TRBJ2-7
CASSFRRREQYF	TRBV12-4	TRBJ2-7
CASSFRVREQYF	TRBV12-4	TRBJ2-7
CASSLGASGNEQFF	TRBV5-6	TRBJ2-1
CASSPGASGNEQFF	TRBV7-9	TRBJ2-1
CASSLRLANTGELFF	TRBV7-3	TRBJ2-2
CASSLRLSNTGELFF	TRBV5-4	TRBJ2-2
CASSITGTMNTEAFF	TRBV19	TRBJ1-1
CASSITGTLNTEAFF	TRBV19	TRBJ1-1
CASSPQDGYTF	TRBV18	TRBJ1-2
CASSRQDGYTF	TRBV28	TRBJ1-2
CASSFTGGLQPQHF	TRBV7-2	TRBJ1-5
CASSFTGGSQPQHF	TRBV5-1	TRBJ1-5
CASSLGRGTNTGELFF	TRBV27	TRBJ2-2
CASSKGRGTNTGELFF	TRBV6-4	TRBJ2-2
CASSYRGDGYTF	TRBV6-5	TRBJ1-2
CASSYRGDTQYF	TRBV5-1	TRBJ2-3
CASNMDSRNQPQHF	TRBV6-6	TRBJ1-5
CASNMDSLNQPQHF	TRBV6-3	TRBJ1-5
CASSEARGGEQFF	TRBV10-1	TRBJ2-1
CASSEARGYEQYF	TRBV2	TRBJ2-7
CASSLSAGATGELFF	TRBV7-9	TRBJ2-2
CASSLGAGATGELFF	TRBV5-1	TRBJ2-2
CSASRGDTQYF	TRBV20-1	TRBJ2-3
CASSRGDTQYF	TRBV3-1	TRBJ2-3
CASSPGDTQYF	TRBV7-8	TRBJ2-3
CASSLGDTQYF	TRBV6-1	TRBJ2-3
CASSLGLGNTIYF	TRBV7-9	TRBJ1-3
CASSLGYGNTIYF	TRBV12-4	TRBJ1-3
CASSLGSGNTIYF	TRBV7-7	TRBJ1-3
CSAYDEKQFF	TRBV20-1	TRBJ2-1
CASSDEKLFF	TRBV12-3	TRBJ1-4
CASSLPGNTIYF	TRBV28	TRBJ1-3
CASSLPGDTIYF	TRBV6-1	TRBJ1-3
CASSELADSYNEQFF	TRBV10-1	TRBJ2-1
CASSELAGSYNEQFF	TRBV6-1	TRBJ2-1
CASSLSTVDTQYF	TRBV7-9	TRBJ2-3
CASSLSSVDTQYF	TRBV11-2	TRBJ2-3
CASSLSSVDTQYF	TRBV11-2	TRBJ2-3
CASSKGWDQPQHF	TRBV6-1	TRBJ1-5
CATSKGKDQPQHF	TRBV15	TRBJ1-5
CASSFRTSNEQFF	TRBV5-1	TRBJ2-1
CASSFGTSNEQFF	TRBV7-8	TRBJ2-1
CASHYDTEAFF	TRBV2	TRBJ1-1
CASHYDTEAFF	TRBV2	TRBJ1-1
CASSYDTEAFF	TRBV2	TRBJ1-1
CASSVGSQPQHF	TRBV28	TRBJ1-5
CSASVGSEPQHF	TRBV20-1	TRBJ1-5
CASSQDRRSEQFF	TRBV4-1	TRBJ2-1
CASSQDRRYEQYF	TRBV4-2	TRBJ2-7
CAISEGTSNYGYTF	TRBV10-3	TRBJ1-2
CASSEGTVNYGYTF	TRBV2	TRBJ1-2
CASSLTGANYEQYF	TRBV7-3	TRBJ2-7
CASSLSGANYEQYV	TRBV11-3	TRBJ2-7
CASISGTEETQYF	TRBV28	TRBJ2-5
CASRSGTEETQYF	TRBV7-9	TRBJ2-5
CASSKTSANTGELFF	TRBV5-1	TRBJ2-2
CASSSTSANTGELFF	TRBV5-4	TRBJ2-2
CASSTNSGSYNEQFF	TRBV9	TRBJ2-1
CASSTTSGSYNEQFF	TRBV7-2	TRBJ2-1
CASSFSGGYNEQFF	TRBV5-1	TRBJ2-1
CASSFSSGYNEQFF	TRBV5-6	TRBJ2-1
CASSRQTNTGELFF	TRBV19	TRBJ2-2
CASSEQTNTGELFF	TRBV10-1	TRBJ2-2
CAIRGTGGTGELFF	TRBV10-3	TRBJ2-2
CSARGQGGTGELFF	TRBV20-1	TRBJ2-2
CSARGQGGTGELFF	TRBV20-1	TRBJ2-2
CSARGQGGTGELFF	TRBV20-1	TRBJ2-2
CSARGQGGTGELFF	TRBV20-1	TRBJ2-2
CASSFLGTGELFF	TRBV27	TRBJ2-2
CASSFLGTGELFF	TRBV27	TRBJ2-2
CASSFLQTGELFF	TRBV7-2	TRBJ2-2
CASSLASDSSYEQYF	TRBV7-6	TRBJ2-7
CASSLASWSSYEQYF	TRBV7-6	TRBJ2-7
CAISELPGELFF	TRBV10-3	TRBJ2-2
CASSEYPGEAFF	TRBV25-1	TRBJ2-1
CASSPTGPGGYTF	TRBV3-1	TRBJ1-2
CASSPTGEGGYTF	TRBV3-1	TRBJ1-2
CSATGGPGDTQYF	TRBV20-1	TRBJ2-3
CASTGGPTDTQYF	TRBV30	TRBJ2-3
CASSQGEGGNTEAFF	TRBV4-3	TRBJ1-1
CASSQGKGGNTEAFF	TRBV4-2	TRBJ1-1
CASSLTGSSGNTIYF	TRBV5-1	TRBJ1-3
CASSLTVSSGNTIYF	TRBV5-1	TRBJ1-3
CASSLSSVSEQYF	TRBV7-2	TRBJ2-7
CASSLSSVAEAFF	TRBV7-2	TRBJ1-1
CASSLSSVAEAFF	TRBV7-2	TRBJ1-1
CASSLGGPDTQYF	TRBV7-2	TRBJ2-3
CASSLGGPETQYF	TRBV7-8	TRBJ2-5
CASSPLWGGNTGELFF	TRBV4-2	TRBJ2-2
CASSPLAGGNTGELFF	TRBV5-1	TRBJ2-2
CASSLLGGGYEQYF	TRBV27	TRBJ2-7
CASSELGGGYEQYF	TRBV10-2	TRBJ2-7
CASSVDGANQPQHF	TRBV9	TRBJ1-5
CASSVDGVNQPQHF	TRBV9	TRBJ1-5
CSATRTVNTGELFF	TRBV20-1	TRBJ2-2
CASTGTVNTGELFF	TRBV28	TRBJ2-2
CASSLAGGNTIYF	TRBV5-4	TRBJ1-3
CASSRAGGNTIYF	TRBV6-5	TRBJ1-3
CASSYLGNEQFF	TRBV6-6	TRBJ2-1
CASSYGGNEQFF	TRBV6-6	TRBJ2-1
CASSYGGNEAFF	TRBV6-5	TRBJ1-1
CASSSTAHGLAYEQYF	TRBV11-2	TRBJ2-7
CASSSLGTAHGYTF	TRBV6-5	TRBJ1-2
CSARLIFGRTAHGYTF	TRBV20-1	TRBJ1-2
CASSLQGDTQYF	TRBV7-9	TRBJ2-3
CASSLPGDTIYF	TRBV6-1	TRBJ1-3
CASSLGGDTQYF	TRBV2	TRBJ2-3
CASSLYMGSENTIYF	TRBV27	TRBJ1-3
CASSLYMGSGNTIYF	TRBV27	TRBJ1-3
CASSLYMVSPEAFF	TRBV7-6	TRBJ1-1
CASSLPGTSGNNEQFF	TRBV7-9	TRBJ2-1
CASSLYGTSGNNEQFF	TRBV27	TRBJ2-1
CASSFGSSGELFF	TRBV19	TRBJ2-2
CASSIGSSGELFF	TRBV19	TRBJ2-2
CASSPRQGGGELFF	TRBV27	TRBJ2-2
CASSPGQGGGELFF	TRBV5-1	TRBJ2-2
CASSEGTSGYEQYF	TRBV6-3	TRBJ2-7
CATSEGTGGYEQYF	TRBV24-1	TRBJ2-7
CSASLGLAGGGDTQYF	TRBV20-1	TRBJ2-3
CASSLGLAGAGDTQYF	TRBV7-9	TRBJ2-3
CASSFGSTYNEQFF	TRBV5-5	TRBJ2-1
CASSFDSTYNEQFF	TRBV28	TRBJ2-1
CASPSLAGELFF	TRBV6-1	TRBJ2-2
CSVPGLAGERVF	TRBV29-1	TRBJ2-1
CASILAGGAYEQYF	TRBV2	TRBJ2-7
CSFNLAGGAYEQYF	TRBV20-1	TRBJ2-7
CSARAQGYSNQPQHF	TRBV20-1	TRBJ1-5
CASRGQGYSNQPQHF	TRBV2	TRBJ1-5
CASSLGQRTQYF	TRBV28	TRBJ2-5
CASSLGQETQYF	TRBV11-2	TRBJ2-5
CASSLGQETQYF	TRBV27	TRBJ2-5
CASSPTGGNTIYF	TRBV12-3	TRBJ1-3
CASSPTGGETQYF	TRBV4-2	TRBJ2-5
CASYLGGNTGELFF	TRBV5-1	TRBJ2-2
CASSLGGNTGELFF	TRBV7-9	TRBJ2-2
CASSLHGTEETQYF	TRBV7-8	TRBJ2-5
CASSLTGTEETQYF	TRBV11-3	TRBJ2-5
CASSLGGAYNEQFF	TRBV7-9	TRBJ2-1
CASSLGGATNEQFF	TRBV5-6	TRBJ2-1
CSAGTSGTGELFF	TRBV29-1	TRBJ2-2
CSVGGSGTGELFF	TRBV29-1	TRBJ2-2
CASSQVTGELFF	TRBV4-1	TRBJ2-2
CASSQRTGELFF	TRBV18	TRBJ2-2
CASSQNTGELFF	TRBV6-1	TRBJ2-2
CASSLGLPYEQYF	TRBV11-2	TRBJ2-7
CASSLGLDYEQYF	TRBV27	TRBJ2-7
CASSLGLTYEQYF	TRBV5-6	TRBJ2-7
CASSVGTSGYNEQFF	TRBV7-9	TRBJ2-1
CASSLGTSGYNEQFF	TRBV9	TRBJ2-1
CASSPGTSGYNEQFF	TRBV11-3	TRBJ2-1
CAWSVGTSGYNEQFF	TRBV30	TRBJ2-1
CASSGTGYEQYF	TRBV6-1	TRBJ2-7
CASSGTGAEAFF	TRBV5-6	TRBJ1-1
CAWSGTGNEQFF	TRBV30	TRBJ2-1
CASSLVGREQYF	TRBV7-2	TRBJ2-7
CASSLQGREQYF	TRBV10-2	TRBJ2-7
CASSLAGREAFF	TRBV11-2	TRBJ1-1
CASSRTDTQYF	TRBV3-1	TRBJ2-3
CSASRGDTQYF	TRBV20-1	TRBJ2-3
CASSRGDTQYF	TRBV3-1	TRBJ2-3
CAWSVGAEAFF	TRBV30	TRBJ1-1
CAWSDGAEAFF	TRBV30	TRBJ1-1
CASSQGAEAFF	TRBV4-1	TRBJ1-1
CASSPGAEQYF	TRBV6-6	TRBJ2-7
CASSLQGWNTEAFF	TRBV5-6	TRBJ1-1
CASSLQGGNTEAFF	TRBV7-2	TRBJ1-1
CASSLQGPNTEAFF	TRBV27	TRBJ1-1
CASSLGQGATDTQYF	TRBV7-7	TRBJ2-3
CASSLGQGAPDTQYF	TRBV5-4	TRBJ2-3
CASSLGGSRNEQFF	TRBV28	TRBJ2-1
CASSLEGSRNEQFF	TRBV5-6	TRBJ2-1
CASSYLYQETQYF	TRBV6-3	TRBJ2-5
CASSYLQQETQYF	TRBV12-4	TRBJ2-5
CASSRKPGELFF	TRBV12-3	TRBJ2-2
CASSYKPGELFF	TRBV6-5	TRBJ2-2
CAWSVSSGYNEQFF	TRBV30	TRBJ2-1
CAWSVSSGYNEQFF	TRBV30	TRBJ2-1
CASSFSSGYNEQFF	TRBV5-6	TRBJ2-1
CASSASGTGELFF	TRBV12-3	TRBJ2-2
CASSASGTDEAFF	TRBV7-9	TRBJ1-1
CSARDNRKTFSNQPQHF	TRBV20-1	TRBJ1-5
CASSKKDYKTFSTSAP	TRBV21-1	TRBJ2-4
CASTPLGGTDTQYF	TRBV6-5	TRBJ2-3
CASHPLGGTDTQYF	TRBV27	TRBJ2-3
CASSFGSSYEQYF	TRBV5-5	TRBJ2-7
CASSFGSSGELFF	TRBV19	TRBJ2-2
CSAREPDEQFF	TRBV20-1	TRBJ2-1
CASREGDEQFF	TRBV10-2	TRBJ2-1
CASSLEGLGGYTF	TRBV5-1	TRBJ1-2
CATSLQGLGGYTF	TRBV15	TRBJ1-2
CASSLSGLNEQFF	TRBV11-2	TRBJ2-1
CASSLSSLNEQFF	TRBV11-2	TRBJ2-1
CASSYRADTQYF	TRBV12-4	TRBJ2-3
CASSYRGDTQYF	TRBV5-1	TRBJ2-3
CASSRPAQETQYF	TRBV18	TRBJ2-5
CASSFPAQETQYF	TRBV28	TRBJ2-5
CASSLSGGAGEQYF	TRBV28	TRBJ2-7
CASSLSQGAGELFF	TRBV7-2	TRBJ2-2
CASSLGVGEKLFF	TRBV7-3	TRBJ1-4
CASSQGVGEKLFF	TRBV6-5	TRBJ1-4
CASSFGWTYNEQFF	TRBV27	TRBJ2-1
CASSFGSTYNEQFF	TRBV5-5	TRBJ2-1
CASSASGGSYEQYF	TRBV7-2	TRBJ2-7
CASRASGGSYEQYF	TRBV7-3	TRBJ2-7
CASRASGGSYEQYF	TRBV7-3	TRBJ2-7
CASRASGGSYEQYF	TRBV7-3	TRBJ2-7
CASRASGGSYEQYF	TRBV7-3	TRBJ2-7
CASSQTVGSNQPQHF	TRBV3-1	TRBJ1-5
CASSQGVGSNQPQHF	TRBV3-1	TRBJ1-5
CASSLSNEQFF	TRBV5-1	TRBJ2-1
CATSLSNTQYF	TRBV24-1	TRBJ2-3
CSATPGLAGNEQFF	TRBV20-1	TRBJ2-1
CASTPGLANNEQFF	TRBV11-2	TRBJ2-1
CASSFSGRTDTQYF	TRBV7-9	TRBJ2-3
CASSFGGRTDTQYF	TRBV7-3	TRBJ2-3
CASSQDSGETQYF	TRBV3-1	TRBJ2-5
CASSQDRGETQYF	TRBV3-1	TRBJ2-5
CASSLGQETQYF	TRBV11-2	TRBJ2-5
CASSLGQETQYF	TRBV27	TRBJ2-5
CASSLGGETQYF	TRBV11-3	TRBJ2-5
CASSLGGETQYF	TRBV7-2	TRBJ2-5
CASSLGAETQYF	TRBV12-3	TRBJ2-5
CASSLDRGQETQYF	TRBV7-9	TRBJ2-5
CASSLDAGQETQYF	TRBV7-9	TRBJ2-5
CASSPQAGGTYEQYF	TRBV18	TRBJ2-7
CASSPVAGGTYEQYF	TRBV7-3	TRBJ2-7
CASSLANEKLFF	TRBV27	TRBJ1-4
CASSPANEKLFF	TRBV7-2	TRBJ1-4
CASSESAGNTIYF	TRBV6-1	TRBJ1-3
CASSESMGNTIYF	TRBV10-1	TRBJ1-3
CASSPGTTYEQYF	TRBV3-1	TRBJ2-7
CASSPPTTYEQYF	TRBV28	TRBJ2-7
CASSTPGTSYNEQFF	TRBV6-3	TRBJ2-1
CASSLPGTSYNEQFF	TRBV19	TRBJ2-1
CASGHRGRETQYF	TRBV7-8	TRBJ2-5
CSVGSRGRETQYF	TRBV29-1	TRBJ2-5
CASSLQEDTEAFF	TRBV6-5	TRBJ1-1
CASSFQEDTEAFF	TRBV11-3	TRBJ1-1
CSVGEKSTDTQYF	TRBV29-1	TRBJ2-3
CADGELSTDTQYF	TRBV2	TRBJ2-3
CASSLGGGYTEAFF	TRBV6-1	TRBJ1-1
CASSPGGGYTEAFF	TRBV18	TRBJ1-1
CAWSVLAAYNEQFF	TRBV30	TRBJ2-1
CAWSVLADYNEQFF	TRBV30	TRBJ2-1
CATSRPGQANYGYTF	TRBV15	TRBJ1-2
CASSLPGQANYGYTF	TRBV7-2	TRBJ1-2
CASSLGLAAYNEQFF	TRBV7-2	TRBJ2-1
CASSLGGAAYNEQFF	TRBV27	TRBJ2-1
CSATGTYNQPQHF	TRBV20-1	TRBJ1-5
CASTGTVNQPQHF	TRBV28	TRBJ1-5
CASSPGTGSSYEQYF	TRBV18	TRBJ2-7
CASSPGTSSSYEQYF	TRBV9	TRBJ2-7
CASSRQGTHEQYF	TRBV25-1	TRBJ2-7
CASSRQGTYEQYF	TRBV18	TRBJ2-7
CASSPTGADTQYF	TRBV18	TRBJ2-3
CASSPTGYDTQYF	TRBV7-9	TRBJ2-3
CASSIRGTQYF	TRBV6-3	TRBJ2-5
CASSIRETQYF	TRBV12-4	TRBJ2-5
CASSRSYNSPLHF	TRBV5-1	TRBJ1-6
CASSREYNSPLHF	TRBV18	TRBJ1-6
CASSLGRDSEAFF	TRBV7-2	TRBJ1-1
CASSLDRDSEAFF	TRBV5-1	TRBJ1-1
CASSPGVANEKLFF	TRBV4-2	TRBJ1-4
CASSLGVANEKLFF	TRBV28	TRBJ1-4
CASSLDQETQYF	TRBV5-4	TRBJ2-5
CASSLDQKTQYF	TRBV12-3	TRBJ2-5
CASSQVGSSEQYF	TRBV3-1	TRBJ2-7
CASSQVGSYEQYF	TRBV3-1	TRBJ2-7
CASSQVGSYEQYF	TRBV4-1	TRBJ2-7
CATSGQGSNQPQHF	TRBV6-3	TRBJ1-5
CASSGQGSHQPQHF	TRBV2	TRBJ1-5
CASSYGGRYEQYF	TRBV6-5	TRBJ2-7
CASSYGGRTEAFF	TRBV6-5	TRBJ1-1
CASSLGGPEAFF	TRBV7-2	TRBJ1-1
CASSLGGNEQFF	TRBV7-2	TRBJ2-1
CASSLGGNEQFF	TRBV11-2	TRBJ2-1
CASSLGGTEAFF	TRBV27	TRBJ1-1
CASSLGGGEQFF	TRBV11-3	TRBJ2-1
CASSSNTEAFF	TRBV12-4	TRBJ1-1
CASNSNTEAFF	TRBV12-3	TRBJ1-1
CSTKSNTEAFF	TRBV29-1	TRBJ1-1
CASSGTGYEQYF	TRBV6-1	TRBJ2-7
CASSGDGYEQYF	TRBV25-1	TRBJ2-7
CASSGQGYEQYF	TRBV7-2	TRBJ2-7
CASSLGGSTDTQYF	TRBV5-4	TRBJ2-3
CASSLGQSTDTQYF	TRBV5-1	TRBJ2-3
CSASLGGSTDTQYF	TRBV20-1	TRBJ2-3
CASSVVYEQYF	TRBV13	TRBJ2-7
CASSEVYEQYF	TRBV25-1	TRBJ2-7
CASSLVYEQFF	TRBV7-2	TRBJ2-1
CASSVQGGEQYF	TRBV2	TRBJ2-7
CASSQQGGEQYF	TRBV13	TRBJ2-7
CASSLQGGEQYF	TRBV27	TRBJ2-7
CASSLDPNTEAFF	TRBV5-1	TRBJ1-1
CASSLDINTEAFF	TRBV7-2	TRBJ1-1
CASSLDSNTEAFF	TRBV11-1	TRBJ1-1
CASSLVGETQYF	TRBV11-2	TRBJ2-5
CASSLGGETQYF	TRBV11-3	TRBJ2-5
CASSLGGETQYF	TRBV7-2	TRBJ2-5
CASSLLGETQYF	TRBV11-2	TRBJ2-5
CASNRGYNEQFF	TRBV5-6	TRBJ2-1
CASNRAYNEQFF	TRBV28	TRBJ2-1
CASSFTGGNTIYF	TRBV12-4	TRBJ1-3
CASSPTGGNTIYF	TRBV12-3	TRBJ1-3
CASSVGHTGELFF	TRBV9	TRBJ2-2
CASSFGHTGELFF	TRBV11-2	TRBJ2-2
CASSLGDRAQETQYF	TRBV5-1	TRBJ2-5
CASSLGDRVQETQYF	TRBV7-2	TRBJ2-5
CASSLGAETQYF	TRBV12-3	TRBJ2-5
CAWSLGAATLHF	TRBV30	TRBJ1-6
CASSDYRGTEAFF	TRBV10-1	TRBJ1-1
CASSDSRGTEAFF	TRBV2	TRBJ1-1
CASSLGLGNTIYF	TRBV7-9	TRBJ1-3
CASSLALGNTIYF	TRBV7-8	TRBJ1-3
CASSTRCTDTQYF	TRBV21-1	TRBJ2-3
CASSTRVTDTQYF	TRBV19	TRBJ2-3
CASSYLPGELFF	TRBV6-3	TRBJ2-2
CASSYLRGEQFF	TRBV6-6	TRBJ2-1
CASSLQEDTEAFF	TRBV6-5	TRBJ1-1
CASSLTEDTEAFF	TRBV12-3	TRBJ1-1
CASSLTEDTEAFF	TRBV12-3	TRBJ1-1
CASSGNNQPQHF	TRBV2	TRBJ1-5
CASQGNNQPQHF	TRBV10-2	TRBJ1-5
CASSETGGTYEQYF	TRBV6-1	TRBJ2-7
CAISETGGSYEQYF	TRBV10-3	TRBJ2-7
CASSPGLGEKLFF	TRBV7-9	TRBJ1-4
CASSPGFGEKLFF	TRBV9	TRBJ1-4
CASSLDTGQPQHF	TRBV11-2	TRBJ1-5
CASSLDWGQPQHF	TRBV11-2	TRBJ1-5
CASSLGGTGNTIYF	TRBV7-7	TRBJ1-3
CASSLGETGNTIYF	TRBV12-3	TRBJ1-3
CASSLLAKNIQYF	TRBV12-3	TRBJ2-4
CASSLGAKNIQYF	TRBV27	TRBJ2-4
CASSSGRGSYEQYF	TRBV19	TRBJ2-7
CAWSSGRGRYEQYF	TRBV30	TRBJ2-7
CAWSVGATNEKLFF	TRBV30	TRBJ1-4
CASSVSATNEKLFF	TRBV9	TRBJ1-4
CASSFDGYEQYF	TRBV12-3	TRBJ2-7
CASSFDYYEQYF	TRBV7-9	TRBJ2-7
CASSESFNYGYTF	TRBV10-2	TRBJ1-2
CAISESENYGYTF	TRBV10-3	TRBJ1-2
CASSLGQETQYF	TRBV11-2	TRBJ2-5
CASSLGQETQYF	TRBV27	TRBJ2-5
CASSLSQETQYF	TRBV11-2	TRBJ2-5
CASSLDQETQYF	TRBV5-4	TRBJ2-5
CATSRDSTDTQYF	TRBV15	TRBJ2-3
CASSKDSTDTQYF	TRBV6-5	TRBJ2-3
CASSGDSTDTQYF	TRBV28	TRBJ2-3
CASSSGEQFF	TRBV6-3	TRBJ2-1
CSATSGEQYF	TRBV20-1	TRBJ2-7
CASSSGELFF	TRBV11-2	TRBJ2-2
CSASSGGYNEQFF	TRBV20-1	TRBJ2-1
CASSSRGYNEQFF	TRBV14	TRBJ2-1
CASSSAGYNEQFF	TRBV19	TRBJ2-1
CASSSAGYNEQFF	TRBV12-4	TRBJ2-1
CASSVGLEQFF	TRBV9	TRBJ2-1
CASSSGLEQYF	TRBV12-3	TRBJ2-7
CASSQGLEAFF	TRBV3-1	TRBJ1-1
CSVLLAGTDTQYF	TRBV29-1	TRBJ2-3
CASSLAGTDTQYF	TRBV7-2	TRBJ2-3
CSARLAGTDTQYF	TRBV20-1	TRBJ2-3
CASSLIGGSYNEQFF	TRBV7-3	TRBJ2-1
CASSLGGGSYNEQFF	TRBV5-4	TRBJ2-1
CASSLSGGSYNEQFF	TRBV7-3	TRBJ2-1
CASSLSGTEAFF	TRBV11-2	TRBJ1-1
CASSLSGFEQFF	TRBV5-8	TRBJ2-1
CASSLSGFEAFF	TRBV28	TRBJ1-1
CSASPTGAEQYF	TRBV20-1	TRBJ2-7
CASSGTGAEAFF	TRBV5-6	TRBJ1-1
CASSFTGAEQYF	TRBV28	TRBJ2-7
CASSLAGMNTEAFF	TRBV7-8	TRBJ1-1
CASSLDGMNTEAFF	TRBV5-1	TRBJ1-1
CASSLSGMNTEAFF	TRBV5-1	TRBJ1-1
CASSETGYGYTF	TRBV9	TRBJ1-2
CASSATGYGYTF	TRBV6-1	TRBJ1-2
CASSQTGYGYTF	TRBV14	TRBJ1-2
CASSLQGGNTEAFF	TRBV7-2	TRBJ1-1
CASSLTGGNTEAFF	TRBV4-1	TRBJ1-1
CASSLGGGNTEAFF	TRBV13	TRBJ1-1
CASSRGVQETQYF	TRBV5-4	TRBJ2-5
CASSRGGQETQYF	TRBV4-1	TRBJ2-5
CASSRGRQETQYF	TRBV19	TRBJ2-5
CASSLGGNQPQHF	TRBV11-2	TRBJ1-5
CASSLGGNQPQHF	TRBV27	TRBJ1-5
CASSLVGNQPQHF	TRBV7-2	TRBJ1-5
CASSLDGNQPQHF	TRBV11-1	TRBJ1-5
CSASAQASYEQYF	TRBV20-1	TRBJ2-7
CASSLQASYEQYF	TRBV28	TRBJ2-7
CASLGQGGTGELFF	TRBV6-1	TRBJ2-2
CSARGQGGTGELFF	TRBV20-1	TRBJ2-2
CSARGQGGTGELFF	TRBV20-1	TRBJ2-2
CSARGQGGTGELFF	TRBV20-1	TRBJ2-2
CSARGQGGTGELFF	TRBV20-1	TRBJ2-2
CATSEGTGGYEQYF	TRBV24-1	TRBJ2-7
CASSEGTGGSEQFF	TRBV6-1	TRBJ2-1
CASSLSTNQPQHF	TRBV28	TRBJ1-5
CASSLATNQPQHF	TRBV7-2	TRBJ1-5
CASSLQDTEAFF	TRBV5-6	TRBJ1-1
CASSGQDTEAFF	TRBV6-1	TRBJ1-1
CASSPDINYGYTF	TRBV12-4	TRBJ1-2
CASSVDINYGYTF	TRBV9	TRBJ1-2
CASSSASNQPQHF	TRBV11-2	TRBJ1-5
CASSSAHNQPQHF	TRBV6-5	TRBJ1-5
CAISIQITDTQYF	TRBV10-3	TRBJ2-3
CASSGQITDTQYF	TRBV2	TRBJ2-3
CASSLSGRYNEQFF	TRBV7-9	TRBJ2-1
CASSNSGRYNEQFF	TRBV7-9	TRBJ2-1
CASSLSGLNTEAFF	TRBV12-3	TRBJ1-1
CASSLSELNTEAFF	TRBV5-1	TRBJ1-1
CASSFQLQETQYF	TRBV12-3	TRBJ2-5
CASSSQLQETQYF	TRBV18	TRBJ2-5
CASSITGGQPQHF	TRBV19	TRBJ1-5
CASSIQGGQPQHF	TRBV19	TRBJ1-5
CASSLAGTSNQPQHF	TRBV5-1	TRBJ1-5
CASSLRGTSNQPQHF	TRBV5-8	TRBJ1-5
CASSRTTNTEAFF	TRBV7-2	TRBJ1-1
CAISRTGNTEAFF	TRBV10-3	TRBJ1-1
CASSRTENTEAFF	TRBV5-1	TRBJ1-1
CASSLGYTDTQYF	TRBV19	TRBJ2-3
CASSLGWTDTQYF	TRBV27	TRBJ2-3
CASSLGVTDTQYF	TRBV5-1	TRBJ2-3
CASSVGGNTEAFF	TRBV9	TRBJ1-1
CASSVGMNTEAFF	TRBV6-5	TRBJ1-1
CATSVGVNTEAFF	TRBV24-1	TRBJ1-1
CAWSIGNTEAFF	TRBV30	TRBJ1-1
CSASSGNTEAFF	TRBV20-1	TRBJ1-1
CASSGGNTEAFF	TRBV2	TRBJ1-1
CSASRGNTEAFF	TRBV20-1	TRBJ1-1
CASSLDRSNTGELFF	TRBV5-6	TRBJ2-2
CASSLDRLNTGELFF	TRBV5-6	TRBJ2-2
CASSLDRLNTGELFF	TRBV5-6	TRBJ2-2
CASSLDRGLNTEAFF	TRBV13	TRBJ1-1
CASSPDRGLNTEAFF	TRBV19	TRBJ1-1
CASSDSNQPQHF	TRBV7-9	TRBJ1-5
CSVGDSNQPQHF	TRBV20-1	TRBJ1-5
CATSDSNQPQHF	TRBV24-1	TRBJ1-5
CASSLRGYGYEQYF	TRBV5-1	TRBJ2-7
CASSLRGQGYEQYF	TRBV5-5	TRBJ2-7
CSARGQGGTGELFF	TRBV20-1	TRBJ2-2
CSARGQGGTGELFF	TRBV20-1	TRBJ2-2
CSARGQGGTGELFF	TRBV20-1	TRBJ2-2
CSARGQGGTGELFF	TRBV20-1	TRBJ2-2
CASRGQGNTGELFF	TRBV5-1	TRBJ2-2
CASSPQGMGTDTQYF	TRBV4-2	TRBJ2-3
CASSPQGAGTDTQYF	TRBV6-5	TRBJ2-3
CASSASGISYNEQFF	TRBV25-1	TRBJ2-1
CASSASGVSYNEQFF	TRBV7-9	TRBJ2-1
CSPSGGNNEQFF	TRBV20-1	TRBJ2-1
CASSGGNTEAFF	TRBV2	TRBJ1-1
CASSLDWGNTEAFF	TRBV5-6	TRBJ1-1
CATSLSWGNTEAFF	TRBV15	TRBJ1-1
CASSQTPNTEAFF	TRBV2	TRBJ1-1
CASSQDPNTEAFF	TRBV3-1	TRBJ1-1
CASSLETSGYEQYF	TRBV5-1	TRBJ2-7
CASSLGTSGYEGFF	TRBV7-9	TRBJ2-1
CASSLGTGSNQPQHF	TRBV5-6	TRBJ1-5
CASSLGTLSNQPQHF	TRBV12-4	TRBJ1-5
CASTLAYEQFF	TRBV2	TRBJ2-1
CASTLAREQFF	TRBV2	TRBJ2-1
CASSLEWGNEQFF	TRBV11-2	TRBJ2-1
CASSLNWGNEQYF	TRBV5-6	TRBJ2-7
CASSPTGLDTEAFF	TRBV7-2	TRBJ1-1
CASSQTGLDTEAFF	TRBV3-1	TRBJ1-1
CASSQGGQETQYF	TRBV5-4	TRBJ2-5
CASSQVGQETQYF	TRBV18	TRBJ2-5
CASIGNTEAFF	TRBV19	TRBJ1-1
CASIGGTEAFF	TRBV28	TRBJ1-1
CASSPPGPEQYF	TRBV7-2	TRBJ2-7
CLVSPAGPEAFF	TRBV30	TRBJ1-1
CAWSVLGDTEAFF	TRBV30	TRBJ1-1
CASSFLGDTEAFF	TRBV5-1	TRBJ1-1
CASSPDRNQPQHF	TRBV18	TRBJ1-5
CASSPDRDQPQHF	TRBV5-4	TRBJ1-5
CASSFGTSNEQFF	TRBV7-8	TRBJ2-1
CASSFGTSDEQYF	TRBV7-9	TRBJ2-7
CASSYSGDDEQFF	TRBV6-5	TRBJ2-1
CASSYSGDDEQFF	TRBV6-5	TRBJ2-1
CASSYSGDDEQFF	TRBV6-5	TRBJ2-1
CASSYSGGDEQYF	TRBV6-5	TRBJ2-7
CASSGDFTDTQYF	TRBV28	TRBJ2-3
CASSGDSTDTQYF	TRBV28	TRBJ2-3
CASSQVTGELFF	TRBV4-1	TRBJ2-2
CASSQVGGEQYF	TRBV4-1	TRBJ2-7
CASSHQETQYF	TRBV11-2	TRBJ2-5
CASSGQETQYF	TRBV5-5	TRBJ2-5
CASSPQETQYF	TRBV18	TRBJ2-5
CASSAQETQYF	TRBV7-6	TRBJ2-5
CSARVGSTDTQYF	TRBV20-1	TRBJ2-3
CASRTGSTDTQYF	TRBV25-1	TRBJ2-3
CASRRGSTDTQYF	TRBV27	TRBJ2-3
CASSISLNTEAFF	TRBV19	TRBJ1-1
CASSIDLNTEAFF	TRBV19	TRBJ1-1
CASSYSGAGSYEQYF	TRBV6-5	TRBJ2-7
CASSYSGTGSYEQYF	TRBV6-5	TRBJ2-7
CASSPPMNTEAFF	TRBV18	TRBJ1-1
CASSPPPNTEAFF	TRBV4-1	TRBJ1-1
CASSLDLNTGELFF	TRBV5-4	TRBJ2-2
CASSLYLNTGELFF	TRBV27	TRBJ2-2
CASSFGGAGDTQYF	TRBV12-3	TRBJ2-3
CASSLGGAGDTQYF	TRBV12-3	TRBJ2-3
CASSTGQNTGELFF	TRBV5-1	TRBJ2-2
CASSTGSNTGELFF	TRBV6-3	TRBJ2-2
CASSFQGYTEAFF	TRBV28	TRBJ1-1
CASSQQGYTEAFF	TRBV3-1	TRBJ1-1
CATSLSNTQYF	TRBV24-1	TRBJ2-3
CASSLENTIYF	TRBV12-4	TRBJ1-3
CASSIATGELFF	TRBV19	TRBJ2-2
CASSIWTGEAFF	TRBV5-4	TRBJ1-1
CASSLVGETQYF	TRBV11-2	TRBJ2-5
CASSRVGETQYF	TRBV6-6	TRBJ2-5
CASGRGGSTDTQYF	TRBV12-5	TRBJ2-3
CASGAGGSTDTQYF	TRBV9	TRBJ2-3
CASSLEGGLETQYF	TRBV7-9	TRBJ2-5
CASSLTGGLETQYF	TRBV6-5	TRBJ2-5
CASSLDSGNQPQHF	TRBV19	TRBJ1-5
CASSLDSSNQPQHF	TRBV2	TRBJ1-5
CASSLTGVSGNTIYF	TRBV12-3	TRBJ1-3
CASSLTGSSGNTIYF	TRBV5-1	TRBJ1-3
CASSLLGETDTQYF	TRBV7-6	TRBJ2-3
CASSLGGETDTQYF	TRBV27	TRBJ2-3
CASSEPGTYEQYF	TRBV6-1	TRBJ2-7
CASSERGTYEQYF	TRBV25-1	TRBJ2-7
CASSESGSGNEQFF	TRBV10-1	TRBJ2-1
CASSFSGSGNEQFF	TRBV11-2	TRBJ2-1
CASSYLGGGEQFF	TRBV6-3	TRBJ2-1
CASSPLGGGEAFF	TRBV18	TRBJ1-1
CASSRPAQETQYF	TRBV18	TRBJ2-5
CASSRAAQETQYF	TRBV3-1	TRBJ2-5
CASSVGVGTDTQYF	TRBV9	TRBJ2-3
CASSVGQGTDTQYF	TRBV9	TRBJ2-3
CASSLTGANYEQYF	TRBV7-3	TRBJ2-7
CASSLTGAIYEQYF	TRBV28	TRBJ2-7
CASRGQGNTGELFF	TRBV5-1	TRBJ2-2
CASRLQGNTGELFF	TRBV12-4	TRBJ2-2
CASSLGGTSEAFF	TRBV28	TRBJ1-1
CASSLGGTSEAFF	TRBV28	TRBJ1-1
CASSLGGTSEAFF	TRBV28	TRBJ1-1
CASSLGGVSEAFF	TRBV11-3	TRBJ1-1
CASSGGTNYNEQFF	TRBV28	TRBJ2-1
CASSGGTDYNEQFF	TRBV28	TRBJ2-1
CASSLTETQYF	TRBV12-3	TRBJ2-5
CASSLTGTQYF	TRBV5-1	TRBJ2-5
CASSSTPGELFF	TRBV6-6	TRBJ2-2
CASSSPPGEQFF	TRBV9	TRBJ2-1
CASRQGAQETQYF	TRBV12-3	TRBJ2-5
CSAQQGAQETQYF	TRBV20-1	TRBJ2-5
CASSLGTSGSYEQFF	TRBV5-1	TRBJ2-1
CASSLGTSRSYEQYF	TRBV12-4	TRBJ2-7
CASSEFGDEQFF	TRBV10-1	TRBJ2-1
CASSEQGDEQFF	TRBV11-1	TRBJ2-1
CASSFGSSYEQYF	TRBV5-5	TRBJ2-7
CASSFGSGYEQYF	TRBV11-2	TRBJ2-7
CASSVGSQPQHF	TRBV28	TRBJ1-5
CAWSVGVQPQHF	TRBV30	TRBJ1-5
CASRGGGEETQYF	TRBV25-1	TRBJ2-5
CATRLGGEETQYF	TRBV10-3	TRBJ2-5
CASSRDGISGNTIYF	TRBV6-5	TRBJ1-3
CASSRDGLSGNTIYF	TRBV28	TRBJ1-3
CSVRSTDTQYF	TRBV29-1	TRBJ2-3
CASGSTDTQYF	TRBV3-1	TRBJ2-3
CASSSTDTQYF	TRBV6-3	TRBJ2-3
CASSSTDTQYF	TRBV7-9	TRBJ2-3
CASSVEGNTEAFF	TRBV9	TRBJ1-1
CAWSVRGNTEAFF	TRBV30	TRBJ1-1
CASSVGGNTEAFF	TRBV9	TRBJ1-1
CAWSGTGNEQFF	TRBV30	TRBJ2-1
CASSITGNEQFF	TRBV19	TRBJ2-1
CASSLTGNEQFF	TRBV7-9	TRBJ2-1
CSTLRGGGTDTQYF	TRBV29-1	TRBJ2-3
CSVERGGGTDTQYF	TRBV29-1	TRBJ2-3
CASSEGTGIYEQYF	TRBV10-2	TRBJ2-7
CATSEGTGGYEQYF	TRBV24-1	TRBJ2-7
CASSGTGGAETQYF	TRBV2	TRBJ2-5
CASSGTGGGETQYF	TRBV2	TRBJ2-5
CASSLGREETQYF	TRBV7-7	TRBJ2-5
CASSDGREETQYF	TRBV9	TRBJ2-5
CASSLDRDHEQYF	TRBV2	TRBJ2-7
CASSLDRDSEAFF	TRBV5-1	TRBJ1-1
CAISSRGNEKLFF	TRBV10-3	TRBJ1-4
CASSLRGNEKLFF	TRBV12-4	TRBJ1-4
CASSLDRDYGYTF	TRBV7-9	TRBJ1-2
CASSLRRDYGYTF	TRBV27	TRBJ1-2
CSGKGQWNTEAFF	TRBV29-1	TRBJ1-1
CAIKGQSNTEAFF	TRBV6-6	TRBJ1-1
CASSSGLAGVETQYF	TRBV7-2	TRBJ2-5
CASSGGLAGVETQYF	TRBV5-4	TRBJ2-5
CASSFTYEQYF	TRBV6-6	TRBJ2-7
CASSFTGELFF	TRBV12-4	TRBJ2-2
CADSTGHQETQYF	TRBV2	TRBJ2-5
CASSSGHQETQYF	TRBV13	TRBJ2-5
CASSQDLNTGELFF	TRBV3-1	TRBJ2-2
CASSLDLNTGELFF	TRBV5-4	TRBJ2-2
CASSTTGGNSPLHF	TRBV19	TRBJ1-6
CASSRTGGNSPLHF	TRBV2	TRBJ1-6
CASSLRQGQETQYF	TRBV5-1	TRBJ2-5
CASSLRQGGETQYF	TRBV12-3	TRBJ2-5
CASSYGQGVTDTQYF	TRBV6-5	TRBJ2-3
CATSRGQGVTDTQYF	TRBV15	TRBJ2-3
CASSRLAGHEQYF	TRBV5-5	TRBJ2-7
CATSRLAGEEQYF	TRBV15	TRBJ2-7
CSARGTGSSYNSPLHF	TRBV20-1	TRBJ1-6
CASRPTGSSYNSPLHF	TRBV3-1	TRBJ1-6
CARSLADTQYF	TRBV10-2	TRBJ2-3
CASSLAQTQYF	TRBV7-6	TRBJ2-5
CASSLGTKAFF	TRBV27	TRBJ1-1
CASSLGEKLFF	TRBV28	TRBJ1-4
CASSRGETQYF	TRBV12-4	TRBJ2-5
CAWSRGEGEFF	TRBV30	TRBJ2-1
CASSVLGADTQYF	TRBV9	TRBJ2-3
CASSVGGADTQYF	TRBV9	TRBJ2-3
CASSGGQRNTEAFF	TRBV7-9	TRBJ1-1
CASSGGQLNTEAFF	TRBV2	TRBJ1-1
CSARENTGELFF	TRBV20-1	TRBJ2-2
CAGREDTGELFF	TRBV12-4	TRBJ2-2
CASSRTGYNSPLHF	TRBV19	TRBJ1-6
CASSRTGGNSPLHF	TRBV2	TRBJ1-6
CASSASYNSPLHF	TRBV9	TRBJ1-6
CASSRSYNSPLHF	TRBV5-1	TRBJ1-6
CASSVEGGYEQYF	TRBV9	TRBJ2-7
CASSVQGGYEQYF	TRBV2	TRBJ2-7
CASSLGGRETQYF	TRBV5-6	TRBJ2-5
CASSLGLRETQYF	TRBV19	TRBJ2-5
CASSIGGNEQFF	TRBV19	TRBJ2-1
CASSITGNEQFF	TRBV19	TRBJ2-1
CASSLQASYEQYF	TRBV28	TRBJ2-7
CASSLQSSYEQYV	TRBV5-1	TRBJ2-7
CASSDGLAGSYNEQFF	TRBV6-5	TRBJ2-1
CASSQGLAGSYNEQFF	TRBV4-3	TRBJ2-1
CASSQGLAGSYNEQFF	TRBV4-3	TRBJ2-1
CASSQDGETQYF	TRBV4-3	TRBJ2-5
CASSQDEETQYF	TRBV3-1	TRBJ2-5
CASSRQGGYNEQFF	TRBV11-3	TRBJ2-1
CASSRAGGYNEQFF	TRBV7-3	TRBJ2-1
CASSPPSYEQYF	TRBV6-6	TRBJ2-7
CASSPPSGELFF	TRBV5-1	TRBJ2-2
CASSLGHSNYGYTF	TRBV12-4	TRBJ1-2
CASSLGDSNYGYTF	TRBV5-1	TRBJ1-2
CASSLARMNTEAFF	TRBV5-1	TRBJ1-1
CASSLDRMNTEAFF	TRBV7-3	TRBJ1-1
CASSLSGTEAFF	TRBV11-2	TRBJ1-1
CASSLSRTEQYF	TRBV5-6	TRBJ2-7
CASSYGQFNQPQHF	TRBV6-5	TRBJ1-5
CASSVGQFNQPQHF	TRBV10-2	TRBJ1-5
CASSLGTSGSYEQFF	TRBV5-1	TRBJ2-1
CASSLGPSGSYEQYF	TRBV7-6	TRBJ2-7
CASSEASGSTDTQYF	TRBV6-1	TRBJ2-3
CASSLASGSTDTQYF	TRBV7-9	TRBJ2-3
CASSPGLAGLQETQYF	TRBV28	TRBJ2-5
CASSPGLAGSQETQYF	TRBV5-1	TRBJ2-5
CASSLAQGSEAFF	TRBV7-9	TRBJ1-1
CASSLSQGSEQYF	TRBV13	TRBJ2-7
CASSLAGMNTEAFF	TRBV7-8	TRBJ1-1
CASSLARMNTEAFF	TRBV5-1	TRBJ1-1
CASSYSTGGYEQYF	TRBV6-6	TRBJ2-7
CASSYRTGGYEQYF	TRBV6-3	TRBJ2-7
CASSLGGLDEQFF	TRBV5-5	TRBJ2-1
CASSLGGLGEQYF	TRBV5-1	TRBJ2-7
CASSANTGELFF	TRBV13	TRBJ2-2
CASSQNTGELFF	TRBV6-1	TRBJ2-2
CASSLNTGELFF	TRBV11-3	TRBJ2-2
CASSLGSGSTDTQYF	TRBV5-1	TRBJ2-3
CASSMGSGSTDTQYF	TRBV19	TRBJ2-3
CASSLDGINEQFF	TRBV11-3	TRBJ2-1
CASSLDGSNEQFF	TRBV7-6	TRBJ2-1
CASSQREETQYF	TRBV3-1	TRBJ2-5
CASSQDEETQYF	TRBV3-1	TRBJ2-5
CASSLSSLNEQFF	TRBV11-2	TRBJ2-1
CASSLSSGNEQFF	TRBV11-2	TRBJ2-1
CASSPRTSGYNEQFF	TRBV6-5	TRBJ2-1
CASSPGTSGYNEQFF	TRBV11-3	TRBJ2-1
CASSLEAGTEQYF	TRBV5-1	TRBJ2-7
CASSLGAGTEAFF	TRBV27	TRBJ1-1
CASSLADGYGYTF	TRBV5-1	TRBJ1-2
CASSLAQGYGYTF	TRBV5-5	TRBJ1-2
CASSYLPGELFF	TRBV6-3	TRBJ2-2
CASSYKPGELFF	TRBV6-5	TRBJ2-2
CASSLTGAYEQYF	TRBV28	TRBJ2-7
CASSLTGAYEQYF	TRBV7-8	TRBJ2-7
CASSLTGAGELFF	TRBV27	TRBJ2-2
CASSLTGAGELFF	TRBV27	TRBJ2-2
CASSLTGAGELFF	TRBV27	TRBJ2-2
CASSLTGAGELFF	TRBV27	TRBJ2-2
CASSWGGTSTDTQYF	TRBV5-4	TRBJ2-3
CASSGGGTSTDTQYF	TRBV3-1	TRBJ2-3
CASSIATGELFF	TRBV19	TRBJ2-2
CASSYATGEQYF	TRBV6-3	TRBJ2-7
CASSVGLEQFF	TRBV9	TRBJ2-1
CASSVGTEQFF	TRBV9	TRBJ2-1
CAWSVGAEAFF	TRBV30	TRBJ1-1
CASSLRTEAFF	TRBV7-2	TRBJ1-1
CASSLNTEAFF	TRBV7-2	TRBJ1-1
CASSLDTEAFF	TRBV5-1	TRBJ1-1
CASSFGHEQYF	TRBV27	TRBJ2-7
CASSFGVEAFF	TRBV11-2	TRBJ1-1
CASSFGYEQFF	TRBV5-1	TRBJ2-1
CASSQTGELFF	TRBV3-1	TRBJ2-2
CASSQTNEQFF	TRBV4-1	TRBJ2-1
CASSPQLNTEAFF	TRBV12-3	TRBJ1-1
CAWSPQGNTEAFF	TRBV30	TRBJ1-1
CASSPGLAQETQYF	TRBV5-4	TRBJ2-5
CASSPGTAQETQYF	TRBV18	TRBJ2-5
CASSLIRGQETQYF	TRBV11-2	TRBJ2-5
CASSLDRGQETQYF	TRBV7-9	TRBJ2-5
CASSFPSSYNEQFF	TRBV11-2	TRBJ2-1
CASSFGSSYNEQFF	TRBV7-9	TRBJ2-1
CASSFGSSYNEQFF	TRBV13	TRBJ2-1
CASSSVATNEKLFF	TRBV27	TRBJ1-4
CARSSGATNEKLFF	TRBV2	TRBJ1-4
CASSLMGSDTQYF	TRBV5-1	TRBJ2-3
CASSLYGSDTQYF	TRBV7-3	TRBJ2-3
CASSYSAGYGYTF	TRBV6-5	TRBJ1-2
CASSYSNGYGYTF	TRBV6-3	TRBJ1-2
CASSFGANEQFF	TRBV11-2	TRBJ2-1
CASSFGANEQFF	TRBV11-2	TRBJ2-1
CASSFGGNEQFF	TRBV5-8	TRBJ2-1
CSAPGQGETEAFF	TRBV20-1	TRBJ1-1
CSAPGQGNTEAFF	TRBV20-1	TRBJ1-1
CASSWDRGADTQYF	TRBV5-6	TRBJ2-3
CASSFDRGADTQYF	TRBV5-4	TRBJ2-3
CASSTSGLNTEAFF	TRBV5-5	TRBJ1-1
CASSLSGLNTEAFF	TRBV12-3	TRBJ1-1
CASSFLGDEQFF	TRBV5-5	TRBJ2-1
CASSPLGDEQFF	TRBV19	TRBJ2-1
CATSSRGGNTEAFF	TRBV15	TRBJ1-1
CASSSRGLNTEAFF	TRBV7-9	TRBJ1-1
CASSVAGGNEQFF	TRBV19	TRBJ2-1
CAWSVAGGSEQYF	TRBV30	TRBJ2-7
CAWSVAGGSEQYF	TRBV30	TRBJ2-7
CASSPETGTYEQYF	TRBV18	TRBJ2-7
CAWSPGTGTYEQYF	TRBV30	TRBJ2-7
CSVSPGGSSYNEQFF	TRBV29-1	TRBJ2-1
CASSPGGTSYNEQFF	TRBV6-5	TRBJ2-1
CASSLGGGRSYEQYF	TRBV11-3	TRBJ2-7
CASSLGGGNSYEQYF	TRBV7-2	TRBJ2-7
CASSLGADYEQYF	TRBV7-2	TRBJ2-7
CASSLGLDYEQYF	TRBV27	TRBJ2-7
CASSFSGRTDTQYF	TRBV7-9	TRBJ2-3
CASSVSGRTDTQYF	TRBV10-2	TRBJ2-3
CATSSRGGNTEAFF	TRBV15	TRBJ1-1
CASSSKGGNTEAFF	TRBV7-9	TRBJ1-1
CASSLDRMNTEAFF	TRBV7-3	TRBJ1-1
CASSLDGMNTEAFF	TRBV5-1	TRBJ1-1
CASSRQGGNTEAFF	TRBV18	TRBJ1-1
CAWSRQGRNTEAFF	TRBV30	TRBJ1-1
CASSSGTGDYNEQFF	TRBV7-9	TRBJ2-1
CASSSGTGLYNEQFF	TRBV5-1	TRBJ2-1
CASSLQGREQYF	TRBV10-2	TRBJ2-7
CASSEQGREQYF	TRBV2	TRBJ2-7
CASRGGNQPQHF	TRBV6-1	TRBJ1-5
CASRQGNQPQHF	TRBV6-1	TRBJ1-5
CSARRGNQPQHF	TRBV20-1	TRBJ1-5
CSARDRSSYEQFF	TRBV20-1	TRBJ2-1
CSARDRDSYEQYF	TRBV20-1	TRBJ2-7
CSARDRGSYEQYF	TRBV20-1	TRBJ2-7
CATSRLAGGPDTQYF	TRBV15	TRBJ2-3
CASSELAGGPDTQYF	TRBV6-1	TRBJ2-3
CASSRDRNTGELFF	TRBV5-1	TRBJ2-2
CASSSDRNTGELFF	TRBV7-3	TRBJ2-2
CASSLDAGNTEAFF	TRBV5-1	TRBJ1-1
CASSLDWGNTEAFF	TRBV5-6	TRBJ1-1
CASSLGSGSTDTQYF	TRBV5-1	TRBJ2-3
CASSLASGSTDTQYF	TRBV7-9	TRBJ2-3
CSARDRDSYEQYF	TRBV20-1	TRBJ2-7
CSASDRDSYEQYF	TRBV20-1	TRBJ2-7
CASSTRTSGTDTQYF	TRBV27	TRBJ2-3
CASSKRTSGTDTQYF	TRBV5-4	TRBJ2-3
CASSQDESYNEQFF	TRBV6-5	TRBJ2-1
CASSQDFSYNEQFF	TRBV6-4	TRBJ2-1
CASSPGVGYTF	TRBV18	TRBJ1-2
CSGSSGVGYTF	TRBV29-1	TRBJ1-2
CASSLSGANTEAFF	TRBV5-1	TRBJ1-1
CASSLGGANTEAFF	TRBV7-2	TRBJ1-1
CASSLRGYTDTQYF	TRBV7-9	TRBJ2-3
CASSLRGGTDTQYF	TRBV11-2	TRBJ2-3
CASSRRGYEQYF	TRBV7-2	TRBJ2-7
CASSRRGNEQFF	TRBV6-5	TRBJ2-1
CSASDRGSYEQYF	TRBV20-1	TRBJ2-7
CSASDRDSYEQYF	TRBV20-1	TRBJ2-7
CASSLSGGAGEQYF	TRBV28	TRBJ2-7
CASSLNGGAGEQYF	TRBV7-9	TRBJ2-7
CASSFGGSSYNEQFF	TRBV11-2	TRBJ2-1
CASSFSGSSYNEQFF	TRBV27	TRBJ2-1
CASSLGRNTEAFF	TRBV7-2	TRBJ1-1
CASSLGKNTEAFF	TRBV27	TRBJ1-1
CASSLGVNTEAFF	TRBV2	TRBJ1-1
CASSLGVNTEAFF	TRBV28	TRBJ1-1
CASSLGDEQYF	TRBV7-9	TRBJ2-7
CASSLGGEQFF	TRBV7-6	TRBJ2-1
CASSLGHEQYF	TRBV5-1	TRBJ2-7
CASSLGYEQYF	TRBV5-1	TRBJ2-7
CASSLGYEQYF	TRBV3-1	TRBJ2-7
CASSPGPGNTIYF	TRBV3-1	TRBJ1-3
CASSPGAGNTIYF	TRBV7-2	TRBJ1-3
CASSLASNQPQHF	TRBV11-2	TRBJ1-5
CASSSASNQPQHF	TRBV11-2	TRBJ1-5
CSASSGTSTDTQYF	TRBV20-1	TRBJ2-3
CASLSGTSTDTQYF	TRBV19	TRBJ2-3
CASSLGQGNYGYTF	TRBV5-6	TRBJ1-2
CASSLGQPNYGYTF	TRBV3-1	TRBJ1-2
CASSFRSEQYF	TRBV27	TRBJ2-7
CASSSRSEQFF	TRBV4-1	TRBJ2-1
CASSLGRNEQFF	TRBV6-5	TRBJ2-1
CASSLGYNEQFF	TRBV28	TRBJ2-1
CASSLGYNEQFF	TRBV5-5	TRBJ2-1
CASSLGGNEQFF	TRBV7-2	TRBJ2-1
CASSLGGNEQFF	TRBV11-2	TRBJ2-1
CASSLGRYNEQFF	TRBV7-9	TRBJ2-1
CASSLDRYNEQFF	TRBV27	TRBJ2-1
CASSFQGRTEAFF	TRBV5-1	TRBJ1-1
CASSFQGYTEAFF	TRBV28	TRBJ1-1
CASSLAGRNTEAFF	TRBV11-2	TRBJ1-1
CASSLSGRNTEAFF	TRBV27	TRBJ1-1
CASSPGTSFYNEQFF	TRBV27	TRBJ2-1
CASSPGTSGYNEQFF	TRBV11-3	TRBJ2-1
CAWSAGYQETQYF	TRBV30	TRBJ2-5
CASSGGYQETQYF	TRBV10-1	TRBJ2-5
CASSLATNQPQHF	TRBV7-2	TRBJ1-5
CASSLASNQPQHF	TRBV11-2	TRBJ1-5
CAWSPQGNTEAFF	TRBV30	TRBJ1-1
CASSPQGGTEAFF	TRBV18	TRBJ1-1
CASSPQGGTEAFF	TRBV18	TRBJ1-1
CASSQVGDTIYF	TRBV3-1	TRBJ1-3
CASSQRGDTQYF	TRBV3-1	TRBJ2-3
CASSLGGNEQFF	TRBV7-2	TRBJ2-1
CASSLGGNEQFF	TRBV11-2	TRBJ2-1
CASSLTGNEQFF	TRBV7-9	TRBJ2-1
CASSLDGNEQYF	TRBV5-1	TRBJ2-7
CASSSQGGYEQYF	TRBV12-4	TRBJ2-7
CASSSTGGYEQYF	TRBV11-2	TRBJ2-7
CASSLDRAYEQYF	TRBV19	TRBJ2-7
CASSLGRAYEQYF	TRBV11-2	TRBJ2-7
CASSLGTGSNQPQHF	TRBV5-6	TRBJ1-5
CASSLGYGSNQPQHF	TRBV11-2	TRBJ1-5
CASSLESYEQYF	TRBV5-6	TRBJ2-7
CASSLEVYEQYF	TRBV7-9	TRBJ2-7
CASSVSVNTEAFF	TRBV2	TRBJ1-1
CATSVGVNTEAFF	TRBV24-1	TRBJ1-1
CASSLDSNQPQHF	TRBV7-8	TRBJ1-5
CASSLDGNQPQHF	TRBV11-1	TRBJ1-5
CASSLSRGNTEAFF	TRBV5-1	TRBJ1-1
CATSLSWGNTEAFF	TRBV15	TRBJ1-1
CASSYRGDTQYF	TRBV5-1	TRBJ2-3
CASSQRGDTQYF	TRBV3-1	TRBJ2-3
CASSLVLDTQYF	TRBV12-4	TRBJ2-3
CASSLVTDTQYF	TRBV7-9	TRBJ2-3
CASSLAVGDEQYF	TRBV7-9	TRBJ2-7
CASSLAAGDEQFF	TRBV7-9	TRBJ2-1
CASRRTGTYEQYF	TRBV7-9	TRBJ2-7
CASRRTGVYEQFF	TRBV5-4	TRBJ2-1
CASSLGTGVGYTF	TRBV7-8	TRBJ1-2
CASSLGTGRGYTF	TRBV7-3	TRBJ1-2
CSARYGTSTDTQYF	TRBV20-1	TRBJ2-3
CASRTGTSTDTQYF	TRBV6-5	TRBJ2-3
CASSLGGTYEQYF	TRBV3-1	TRBJ2-7
CASSLGGTSEAFF	TRBV28	TRBJ1-1
CASSLGGTSEAFF	TRBV28	TRBJ1-1
CASSLGGTSEAFF	TRBV28	TRBJ1-1
CASSLGGTRFF	TRBV5-6	TRBJ2-1
CASSLTGTQYF	TRBV5-1	TRBJ2-5
CASSLSGKETQYF	TRBV7-9	TRBJ2-5
CASSLSGEETQYF	TRBV12-3	TRBJ2-5
CASSPRDRGYEQYF	TRBV5-1	TRBJ2-7
CASSVRDRGYEQYF	TRBV4-1	TRBJ2-7
CASSLVQGTEAFF	TRBV7-2	TRBJ1-1
CASSLVGGTEAFF	TRBV5-8	TRBJ1-1
CASSLFAGSSYNEQFF	TRBV11-3	TRBJ2-1
CASSLAAGSSYNEQFF	TRBV11-2	TRBJ2-1
CASSLGGGEQFF	TRBV11-3	TRBJ2-1
CASSAGGGEQYF	TRBV9	TRBJ2-7
CASSPGGGEQYV	TRBV18	TRBJ2-7
CASGQETQYF	TRBV25-1	TRBJ2-5
CASGRETQYF	TRBV7-9	TRBJ2-5
CSAGAETQYF	TRBV20-1	TRBJ2-5
CASSAVMNTEAFF	TRBV2	TRBJ1-1
CAWSAEMNTEAFF	TRBV30	TRBJ1-1
CASSPTSGSSYNEQFF	TRBV7-6	TRBJ2-1
CASSATSGSSYNEQFF	TRBV3-1	TRBJ2-1
CASNRAYNEQFF	TRBV28	TRBJ2-1
CSVHRAYNEQFF	TRBV29-1	TRBJ2-1
CASSPLGYEQYF	TRBV5-1	TRBJ2-7
CASSPLGDEQFF	TRBV19	TRBJ2-1
CASSLGTNSPLHF	TRBV7-9	TRBJ1-6
CASSLGRNSPLHF	TRBV3-1	TRBJ1-6
CASSLVGGPYEQYF	TRBV28	TRBJ2-7
CASSLAGGPYEQYF	TRBV13	TRBJ2-7
CASSRTGGTDTQYF	TRBV12-4	TRBJ2-3
CASSPTGGTDTQYF	TRBV7-7	TRBJ2-3
CASSYPGELFF	TRBV6-3	TRBJ2-2
CASSYPNEQFF	TRBV6-6	TRBJ2-1
CASSPGQGTYEQYF	TRBV6-5	TRBJ2-7
CAWSPGTGTYEQYF	TRBV30	TRBJ2-7
CASSLAGRNTEAFF	TRBV11-2	TRBJ1-1
CASSLAGMNTEAFF	TRBV7-8	TRBJ1-1
CASSQVGGTEAFF	TRBV3-1	TRBJ1-1
CASSLVGGTEAFF	TRBV5-8	TRBJ1-1
CASSLSGYNEQFF	TRBV5-1	TRBJ2-1
CASSLSGLNEQFF	TRBV11-2	TRBJ2-1
CASSTGTGNQPQHF	TRBV19	TRBJ1-5
CASSTGAGNQPQHF	TRBV19	TRBJ1-5
CASSEQGREQYF	TRBV2	TRBJ2-7
CASSEQGDEQFF	TRBV11-1	TRBJ2-1
CASSLGGSQPQHF	TRBV7-9	TRBJ1-5
CASSLGGNQPQHF	TRBV11-2	TRBJ1-5
CASSLGGNQPQHF	TRBV27	TRBJ1-5
CSASLSRSTDTQYF	TRBV20-1	TRBJ2-3
CASSLDRSTDTQYF	TRBV9	TRBJ2-3
CASSLGGAGAYEQYF	TRBV5-1	TRBJ2-7
CASSLGGQGAYEQYF	TRBV7-9	TRBJ2-7
CASSLGGGEQFF	TRBV11-3	TRBJ2-1
CASSLRGGEQFF	TRBV5-1	TRBJ2-1
CASSLQGGEQYF	TRBV27	TRBJ2-7
CATSQRDTEAFF	TRBV28	TRBJ1-1
CASSSRDTEAFF	TRBV7-9	TRBJ1-1
CASSLFRTDTQYF	TRBV28	TRBJ2-3
CASSLERTDTQYF	TRBV7-2	TRBJ2-3
CASSTGINQPQHF	TRBV11-2	TRBJ1-5
CASSTGPNQPQHF	TRBV6-4	TRBJ1-5
CASSSRGYNEQFF	TRBV14	TRBJ2-1
CASSSRSYNEQFF	TRBV5-4	TRBJ2-1
CASSLVTDTQYF	TRBV7-9	TRBJ2-3
CASSPVTDTQYF	TRBV12-4	TRBJ2-3
CASSDSGTSTDTQYF	TRBV10-1	TRBJ2-3
CASSVSGTSTDTQYF	TRBV9	TRBJ2-3
CASSLGLAGYNEQFF	TRBV5-1	TRBJ2-1
CASSLGLAAYNEQFF	TRBV7-2	TRBJ2-1
CSVAGGANYGYTF	TRBV29-1	TRBJ1-2
CASRGGANYGYTF	TRBV6-1	TRBJ1-2
CASSSDSEAFF	TRBV7-3	TRBJ1-1
CASSSRSEQFF	TRBV4-1	TRBJ2-1
CASSLLGEQYF	TRBV7-8	TRBJ2-7
CASSLLHEQYF	TRBV28	TRBJ2-7
CASRGLARYNEQFF	TRBV28	TRBJ2-1
CSARGLAEYNEQFF	TRBV20-1	TRBJ2-1
CASSLGGRETQYF	TRBV5-6	TRBJ2-5
CASSLGGPETQYF	TRBV7-8	TRBJ2-5
CSASGGEQYF	TRBV20-1	TRBJ2-7
CASSSGEQFF	TRBV6-3	TRBJ2-1
CASSSGELFF	TRBV11-2	TRBJ2-2
CASSLYGSSTDTQYF	TRBV5-8	TRBJ2-3
CASSLGGSSTDTQYF	TRBV6-3	TRBJ2-3
CASSLGGSSTDTQYF	TRBV12-4	TRBJ2-3
CASSLGTGSNQPQHF	TRBV5-6	TRBJ1-5
CASSLGTGNNQPQHF	TRBV18	TRBJ1-5
CASSTGLTYEQYF	TRBV11-2	TRBJ2-7
CASSLGLTYEQYF	TRBV5-6	TRBJ2-7
CASSLGQSTDTQYF	TRBV5-1	TRBJ2-3
CASSLGQYTDTQYF	TRBV11-3	TRBJ2-3
CASSLGQYTDTQYF	TRBV11-3	TRBJ2-3
CASSRTDTQYF	TRBV3-1	TRBJ2-3
CASSFTDTQYF	TRBV12-4	TRBJ2-3
CASSFTDTQYF	TRBV6-3	TRBJ2-3
CASSSTDTQYF	TRBV6-3	TRBJ2-3
CASSSTDTQYF	TRBV7-9	TRBJ2-3
CASSSRYNEQFF	TRBV7-2	TRBJ2-1
CASSSRYNEQFF	TRBV7-2	TRBJ2-1
CASSSRYNEQFF	TRBV7-2	TRBJ2-1
CASSSRYNEQFF	TRBV11-2	TRBJ2-1
CASSSRHNEQFF	TRBV13	TRBJ2-1
CAWSRQGYNEQFF	TRBV30	TRBJ2-1
CASSVQGYNEQFF	TRBV13	TRBJ2-1
CASSLAGGAETQYF	TRBV5-1	TRBJ2-5
CASSLAGGRETQYF	TRBV12-3	TRBJ2-5
CASSRGETQYF	TRBV12-4	TRBJ2-5
CAISEGETQYF	TRBV10-3	TRBJ2-5
CASSFGETQYF	TRBV11-1	TRBJ2-5
CASSPLGYEQYF	TRBV5-1	TRBJ2-7
CASSLLGYEQYF	TRBV11-3	TRBJ2-7
CSARDTGDTEAFF	TRBV20-1	TRBJ1-1
CSARGTGDTEAFF	TRBV20-1	TRBJ1-1
CSASGTGSYEQYF	TRBV20-1	TRBJ2-7
CASSGDGSYEQYF	TRBV12-4	TRBJ2-7
CQHRGLGTDTQYF	TRBV21-1	TRBJ2-3
CSARGLSTDTQYF	TRBV20-1	TRBJ2-3
CASSLRGGTDTQYF	TRBV11-2	TRBJ2-3
CASSFRGGTDTQYF	TRBV5-4	TRBJ2-3
CAWSRRDEQFF	TRBV30	TRBJ2-1
CASSRRNEQFF	TRBV5-6	TRBJ2-1
CASSLTGNEQFF	TRBV7-9	TRBJ2-1
CASSLTRNEQFF	TRBV7-3	TRBJ2-1
CASSLTRNEQFF	TRBV7-3	TRBJ2-1
CASSLTRNEQFF	TRBV7-3	TRBJ2-1
CASSLTRNEQFF	TRBV27	TRBJ2-1
CASSLTRNEQFF	TRBV27	TRBJ2-1
CASSLTRNEQFF	TRBV27	TRBJ2-1
CASSQDPNTEAFF	TRBV3-1	TRBJ1-1
CASSLDPNTEAFF	TRBV5-1	TRBJ1-1
CASSLDRGNQPQHF	TRBV12-3	TRBJ1-5
CASSIDRGNQPQHF	TRBV19	TRBJ1-5
CASSSFYEQYF	TRBV12-4	TRBJ2-7
CASSSMYEQYF	TRBV5-6	TRBJ2-7
CASSSHYEQYF	TRBV28	TRBJ2-7
CASSQGNTIYF	TRBV3-1	TRBJ1-3
CASSQGHTIYF	TRBV6-5	TRBJ1-3
CASSSLTGELFF	TRBV7-8	TRBJ2-2
CASSFLTGELFF	TRBV12-3	TRBJ2-2
CASSRRGETQYF	TRBV3-1	TRBJ2-5
CASSGRGETQYF	TRBV5-6	TRBJ2-5
CSARDRANSPLHF	TRBV20-1	TRBJ1-6
CSARDRDNSPLHF	TRBV29-1	TRBJ1-6
CAWSGGQGGTEAFF	TRBV30	TRBJ1-1
CASSWGQGGTEAFF	TRBV5-1	TRBJ1-1
CASSRLAAYNEQFF	TRBV4-1	TRBJ2-1
CASSRLAAYNEQFF	TRBV4-1	TRBJ2-1
CASSRLAAYNEQFF	TRBV4-1	TRBJ2-1
CAWSVLAAYNEQFF	TRBV30	TRBJ2-1
CASSLGPGNYGYTF	TRBV7-2	TRBJ1-2
CASSLGQGNYGYTF	TRBV5-6	TRBJ1-2
CASSLGQGSGELFF	TRBV5-6	TRBJ2-2
CASSLGQGYGELFF	TRBV2	TRBJ2-2
CASSQGSEQYF	TRBV16	TRBJ2-7
CASSQGAEAFF	TRBV4-1	TRBJ1-1
CASSQGLEAFF	TRBV3-1	TRBJ1-1
CASSLRADTQYF	TRBV2	TRBJ2-3
CASSLLADTQYF	TRBV12-4	TRBJ2-3
CASSQVGGEQYF	TRBV4-1	TRBJ2-7
CASSQQGGEQYF	TRBV13	TRBJ2-7
CASSPPSGELFF	TRBV5-1	TRBJ2-2
CASSPPAGELFF	TRBV4-1	TRBJ2-2
CASSRGRQETQYF	TRBV19	TRBJ2-5
CASSLGRQETQYF	TRBV5-5	TRBJ2-5
CASSEELNTEAFF	TRBV2	TRBJ1-1
CASSESLNTEAFF	TRBV2	TRBJ1-1
CASSLGGGYTEAFF	TRBV6-1	TRBJ1-1
CASSLGGGNTEAFF	TRBV13	TRBJ1-1
CASSVQGGYEQYF	TRBV2	TRBJ2-7
CASSSQGGYEQYF	TRBV12-4	TRBJ2-7
CSATEGTDTQYF	TRBV20-1	TRBJ2-3
CSASEGTDTQYF	TRBV20-1	TRBJ2-3
CASIQGAEAFF	TRBV12-4	TRBJ1-1
CASSQGAEAFF	TRBV4-1	TRBJ1-1
CSARDRGSYEQYF	TRBV20-1	TRBJ2-7
CSASDRGSYEQYF	TRBV20-1	TRBJ2-7
CASSSSGQETQYF	TRBV7-2	TRBJ2-5
CATSISGQETQYF	TRBV15	TRBJ2-5
CASSPPGIYGYTF	TRBV18	TRBJ1-2
CASSPPGTYGYTF	TRBV3-1	TRBJ1-2
CASSLTGGTTEAFF	TRBV7-2	TRBJ1-1
CASSLTGGNTEAFF	TRBV4-1	TRBJ1-1
CASSSGTGGLEQYF	TRBV7-9	TRBJ2-7
CASSSGTGGNEQFF	TRBV27	TRBJ2-1
CASSLGDEQYF	TRBV7-9	TRBJ2-7
CASSLGDTQYF	TRBV6-1	TRBJ2-3
CASSPPPNTEAFF	TRBV4-1	TRBJ1-1
CASSPGPNTEAFF	TRBV6-3	TRBJ1-1
CASSFSGGYNEQFF	TRBV5-1	TRBJ2-1
CASSISGGYNEQFF	TRBV19	TRBJ2-1
CASSLGGPEAFF	TRBV7-2	TRBJ1-1
CASSTGGPEQFF	TRBV11-3	TRBJ2-1
CASSPGQGGGELFF	TRBV5-1	TRBJ2-2
CASSPGQGAGELFF	TRBV18	TRBJ2-2
CASSTGTANTGELFF	TRBV5-4	TRBJ2-2
CASSLGTANTGELFF	TRBV3-1	TRBJ2-2
CASSSLGTEAFF	TRBV27	TRBJ1-1
CASSSGGTEAFF	TRBV5-1	TRBJ1-1
CASSSGLNQPQHF	TRBV7-2	TRBJ1-5
CASSAGLNQPQHF	TRBV19	TRBJ1-5
CASSADGNQPQHF	TRBV5-1	TRBJ1-5
CASSLDGNQPQHF	TRBV11-1	TRBJ1-5
CASSFDRNQPQHF	TRBV11-2	TRBJ1-5
CASSPDRNQPQHF	TRBV18	TRBJ1-5
CASSPKGGTEAFF	TRBV28	TRBJ1-1
CASSPQGGTEAFF	TRBV18	TRBJ1-1
CASSPQGGTEAFF	TRBV18	TRBJ1-1
CASSLTRGTEAFF	TRBV5-1	TRBJ1-1
CASSLARGTEAFF	TRBV5-1	TRBJ1-1
CASSWGTDTQYF	TRBV13	TRBJ2-3
CASSRGTDTQYF	TRBV6-3	TRBJ2-3
CSASEGTDTQYF	TRBV20-1	TRBJ2-3
CASSLQGGNTEAFF	TRBV7-2	TRBJ1-1
CASSRQGGNTEAFF	TRBV18	TRBJ1-1
CASSLLHEQYF	TRBV28	TRBJ2-7
CASSLGHEQYF	TRBV5-1	TRBJ2-7
CASSLFYEQYF	TRBV28	TRBJ2-7
CASSLVYEQFF	TRBV7-2	TRBJ2-1
CASSLGYEQYF	TRBV5-1	TRBJ2-7
CASSLGYEQYF	TRBV3-1	TRBJ2-7
CASSGQGNTGELFF	TRBV6-4	TRBJ2-2
CASRGQGNTGELFF	TRBV5-1	TRBJ2-2
CAWSVGATNEKLFF	TRBV30	TRBJ1-4
CARSSGATNEKLFF	TRBV2	TRBJ1-4
CASSLGQGAYEQYV	TRBV6-5	TRBJ2-7
CASSLFQGAYEQYF	TRBV5-1	TRBJ2-7
CASSQQGAEAFF	TRBV7-9	TRBJ1-1
CASSQQGGEQYF	TRBV13	TRBJ2-7
CASSSVQETQYF	TRBV28	TRBJ2-5
CASSEVQETQYF	TRBV28	TRBJ2-5
CASSSGPSTDTQYF	TRBV5-1	TRBJ2-3
CSASSGTSTDTQYF	TRBV20-1	TRBJ2-3
CASSLQGNYGYTF	TRBV5-6	TRBJ1-2
CASSLLGNYGYTF	TRBV5-4	TRBJ1-2
CASSFGYSYEQYF	TRBV5-6	TRBJ2-7
CASSFGSSYEQYF	TRBV5-5	TRBJ2-7
CASSAGGTQYF	TRBV9	TRBJ2-3
CASSLGGTRFF	TRBV5-6	TRBJ2-1
CASSPGQGISYEQYF	TRBV6-5	TRBJ2-7
CASSPGQGYSYEQYF	TRBV6-1	TRBJ2-7
CASSLRTEAFF	TRBV7-2	TRBJ1-1
CASSLRREAFF	TRBV28	TRBJ1-1
CASSLGLSEQFF	TRBV6-3	TRBJ2-1
CASSLGTSEAFF	TRBV5-4	TRBJ1-1
CASSLSLYNEQFF	TRBV7-3	TRBJ2-1
CASSLSGYNEQFF	TRBV5-1	TRBJ2-1
CSARTSDSYEQYF	TRBV20-1	TRBJ2-7
CSARTSGSYEQYF	TRBV20-1	TRBJ2-7
CASSFTYEQYF	TRBV6-6	TRBJ2-7
CASSFGYEQFF	TRBV5-1	TRBJ2-1
CASSPNTEAFF	TRBV6-6	TRBJ1-1
CASSLNTEAFF	TRBV7-2	TRBJ1-1
CASSSNTEAFF	TRBV12-4	TRBJ1-1
CASSRVGETQYF	TRBV6-6	TRBJ2-5
CASSRRGETQYF	TRBV3-1	TRBJ2-5
CASSPGSYEQYF	TRBV6-3	TRBJ2-7
CASSRGSYEQYF	TRBV27	TRBJ2-7
CASSQGSYEQYF	TRBV3-1	TRBJ2-7
CASSQGSYEQYF	TRBV7-9	TRBJ2-7
CAVARGNYGYTF	TRBV10-3	TRBJ1-2
CSLNRGNYGYTF	TRBV20-1	TRBJ1-2
CASSPGRDTQYF	TRBV7-2	TRBJ2-3
CSASPGADTQYF	TRBV20-1	TRBJ2-3
CASSPPGPEQYF	TRBV7-2	TRBJ2-7
CASSPPGHEQYF	TRBV6-5	TRBJ2-7
CASSQGTQETQYF	TRBV4-3	TRBJ2-5
CASSQGGQETQYF	TRBV5-4	TRBJ2-5
CAWSVGGGQFF	TRBV30	TRBJ2-1
CASSVGYGYTF	TRBV2	TRBJ1-2
CASSPGSLELFF	TRBV5-5	TRBJ2-2
CASSPGSYEQYF	TRBV6-3	TRBJ2-7
CASSPGGEYGYTF	TRBV6-6	TRBJ1-2
CASSPGGVYGYTF	TRBV5-1	TRBJ1-2
CASSPQNTEAFF	TRBV18	TRBJ1-1
CASSYQNTEAFF	TRBV2	TRBJ1-1
CASSRGQGGYGYTF	TRBV5-1	TRBJ1-2
CASSPGQGGYGYTF	TRBV12-3	TRBJ1-2
CASSLGGTRFF	TRBV5-6	TRBJ2-1
CASSLGDTQYF	TRBV6-1	TRBJ2-3
CASSIDLNTEAFF	TRBV19	TRBJ1-1
CASSRDLNTEAFF	TRBV7-8	TRBJ1-1
CASRRGSTDTQYF	TRBV27	TRBJ2-3
CASRRQSTDTQYF	TRBV7-9	TRBJ2-3
CASSLEGDYGYTF	TRBV28	TRBJ1-2
CASSLEGSYGYTF	TRBV5-4	TRBJ1-2
CSASVGTGNQPQHF	TRBV20-1	TRBJ1-5
CASSTGTGNQPQHF	TRBV19	TRBJ1-5
CATSGQGSNQPQHF	TRBV6-3	TRBJ1-5
CASSPQGSNQPQHF	TRBV4-1	TRBJ1-5
CASSQTNTGELFF	TRBV7-9	TRBJ2-2
CASSTTNTGELFF	TRBV28	TRBJ2-2
CASSPRLNTEAFF	TRBV5-8	TRBJ1-1
CASSPQLNTEAFF	TRBV12-3	TRBJ1-1
CASSPGAQETQYF	TRBV12-3	TRBJ2-5
CASSPGQQETQYF	TRBV7-2	TRBJ2-5
CSARGTYEQYF	TRBV20-1	TRBJ2-7
CASRGTGELFF	TRBV2	TRBJ2-2
CASSRRGNEQFF	TRBV6-5	TRBJ2-1
CASSRGGNEQFF	TRBV12-3	TRBJ2-1
CASSRDYNEQFF	TRBV6-6	TRBJ2-1
CAWSRSYNEQFF	TRBV30	TRBJ2-1
CASSSFYEQYF	TRBV12-4	TRBJ2-7
CASSLFYEQYF	TRBV28	TRBJ2-7
CASSLGGGSYEQYF	TRBV11-2	TRBJ2-7
CASSLGGGLYEQYF	TRBV7-2	TRBJ2-7
CASSLGYNEQFF	TRBV28	TRBJ2-1
CASSLGYNEQFF	TRBV5-5	TRBJ2-1
CASSLEYNEQFF	TRBV5-1	TRBJ2-1
CASSQGGADTQYF	TRBV4-2	TRBJ2-3
CASSVGGADTQYF	TRBV9	TRBJ2-3
CAISRTGNTEAFF	TRBV10-3	TRBJ1-1
CASSRTGRTEAFF	TRBV19	TRBJ1-1
CASSTGTANTEAFF	TRBV5-1	TRBJ1-1
CAISVGTANTEAFF	TRBV10-3	TRBJ1-1
CASSLGGGNTEAFF	TRBV13	TRBJ1-1
CASSLGGANTEAFF	TRBV7-2	TRBJ1-1
CSASTGTGPYEQYF	TRBV20-1	TRBJ2-7
CAISTGTGSYEQYF	TRBV10-3	TRBJ2-7
CASSPGANVLTF	TRBV11-2	TRBJ2-6
CASSPGANVLTF	TRBV28	TRBJ2-6
CASSSGANVLTF	TRBV7-9	TRBJ2-6
CSARENTGELFF	TRBV20-1	TRBJ2-2
CSVHENTGELFF	TRBV29-1	TRBJ2-2
CASSLGATEAFF	TRBV5-1	TRBJ1-1
CASSLGAYEQYF	TRBV5-4	TRBJ2-7
CASSLQGAGEQYF	TRBV27	TRBJ2-7
CASSLTGAGELFF	TRBV27	TRBJ2-2
CASSLTGAGELFF	TRBV27	TRBJ2-2
CASSLTGAGELFF	TRBV27	TRBJ2-2
CASSLTGAGELFF	TRBV27	TRBJ2-2
CASSLGTSGYEGFF	TRBV7-9	TRBJ2-1
CASSEGTSGYEQYF	TRBV6-3	TRBJ2-7
CASSYDTEAFF	TRBV2	TRBJ1-1
CASSYGTELFF	TRBV6-3	TRBJ1-4
CASSSQYNEQFF	TRBV28	TRBJ2-1
CASSSRYNEQFF	TRBV7-2	TRBJ2-1
CASSSRYNEQFF	TRBV7-2	TRBJ2-1
CASSSRYNEQFF	TRBV7-2	TRBJ2-1
CASSSRYNEQFF	TRBV11-2	TRBJ2-1
CASSPQGGTEAFF	TRBV18	TRBJ1-1
CASSPQGGTEAFF	TRBV18	TRBJ1-1
CASSGQGGTEAFF	TRBV25-1	TRBJ1-1
CASIGNTEAFF	TRBV19	TRBJ1-1
CASRGNTEAFF	TRBV28	TRBJ1-1
CAWMGNTEAFF	TRBV30	TRBJ1-1
CASSLGGGNTEAFF	TRBV13	TRBJ1-1
CASSLGQGNTEAFF	TRBV7-2	TRBJ1-1
CASSLELGEQYF	TRBV11-2	TRBJ2-7
CSASLSLGELFF	TRBV20-1	TRBJ2-2
CASSLDRAYEQYF	TRBV19	TRBJ2-7
CASSRDRAYEQYF	TRBV5-1	TRBJ2-7
CASSSLTGELFF	TRBV7-8	TRBJ2-2
CASSSGTGELFF	TRBV7-9	TRBJ2-2
CASSLRGNTIYF	TRBV28	TRBJ1-3
CASSLPGNTIYF	TRBV28	TRBJ1-3
CASSLTRNEQFF	TRBV7-3	TRBJ2-1
CASSLTRNEQFF	TRBV7-3	TRBJ2-1
CASSLTRNEQFF	TRBV7-3	TRBJ2-1
CASSLTRNEQFF	TRBV27	TRBJ2-1
CASSLTRNEQFF	TRBV27	TRBJ2-1
CASSLTRNEQFF	TRBV27	TRBJ2-1
CASSLGRNEQFF	TRBV6-5	TRBJ2-1
CSASSGNTEAFF	TRBV20-1	TRBJ1-1
CASSSGGTEAFF	TRBV5-1	TRBJ1-1
CASSSGGYEQYF	TRBV5-6	TRBJ2-7
CASSSGGTEAFF	TRBV5-1	TRBJ1-1
CQHRGLGTDTQYF	TRBV21-1	TRBJ2-3
CSARGVGTDTQYF	TRBV20-1	TRBJ2-3
CASSLGAGTEAFF	TRBV27	TRBJ1-1
CASSLGLGTEQFF	TRBV27	TRBJ2-1
CASSLGDSNQPQHF	TRBV27	TRBJ1-5
CASSLGYSNQPQHF	TRBV12-3	TRBJ1-5
CASSPTGAGEQYF	TRBV14	TRBJ2-7
CASSLTGAGELFF	TRBV27	TRBJ2-2
CASSLTGAGELFF	TRBV27	TRBJ2-2
CASSLTGAGELFF	TRBV27	TRBJ2-2
CASSLTGAGELFF	TRBV27	TRBJ2-2
CASSLGRNTEAFF	TRBV7-2	TRBJ1-1
CASSLQRNTEAFF	TRBV7-9	TRBJ1-1
CASSPAETSTF	TRBV7-9	TRBJ2-1
CASSPQETQYF	TRBV18	TRBJ2-5
CASSGDGYEQYF	TRBV25-1	TRBJ2-7
CASSFDGYEQYF	TRBV12-3	TRBJ2-7
CASSPGTSYEQYF	TRBV7-2	TRBJ2-7
CASSPGTTYEQYF	TRBV3-1	TRBJ2-7
CASSLGGSSYEQYF	TRBV11-2	TRBJ2-7
CASSLGGGSYEQYF	TRBV11-2	TRBJ2-7
CASSPGQGAYEQYF	TRBV5-1	TRBJ2-7
CASSPGQGAGELFF	TRBV18	TRBJ2-2
CASSPGHGYTF	TRBV11-2	TRBJ1-2
CASSPGVGYTF	TRBV18	TRBJ1-2
CASSPGTAYGYTF	TRBV28	TRBJ1-2
CASSAGTAYGYTF	TRBV6-6	TRBJ1-2
CASSAGTAYGYTF	TRBV5-6	TRBJ1-2
CASSLTGSSYNEQFF	TRBV19	TRBJ2-1
CASSSTGSSYNEQFF	TRBV7-9	TRBJ2-1
CASSLTSTDTQYF	TRBV27	TRBJ2-3
CASSLWSTDTQYF	TRBV5-4	TRBJ2-3
CSASTGTGPYEQYF	TRBV20-1	TRBJ2-7
CASSRGTGPYEQYF	TRBV7-9	TRBJ2-7
CASSLSQETQYF	TRBV11-2	TRBJ2-5
CASSRSQETQYF	TRBV7-9	TRBJ2-5
CASSESLNTEAFF	TRBV2	TRBJ1-1
CASSISLNTEAFF	TRBV19	TRBJ1-1
CASSRDSGYEQYV	TRBV3-1	TRBJ2-7
CSASRDRGYEQYF	TRBV20-1	TRBJ2-7
CSVSPGGSSYNEQFF	TRBV29-1	TRBJ2-1
CASSFGGSSYNEQFF	TRBV11-2	TRBJ2-1
CATSSFQETQYF	TRBV15	TRBJ2-5
CASSSVQETQYF	TRBV28	TRBJ2-5
CASSQGSYEQYF	TRBV3-1	TRBJ2-7
CASSQGSYEQYF	TRBV7-9	TRBJ2-7
CASSQGYYEQYF	TRBV7-2	TRBJ2-7
CAWSPQGNTEAFF	TRBV30	TRBJ1-1
CSASPLGNTEAFF	TRBV20-1	TRBJ1-1
CASSLDSNQPQHF	TRBV7-8	TRBJ1-5
CASSLASNQPQHF	TRBV11-2	TRBJ1-5
CASTRSYEQYF	TRBV2	TRBJ2-7
CASTDSYEQYF	TRBV27	TRBJ2-7
CASSSGGYEQYF	TRBV5-6	TRBJ2-7
CSASSPGYEQYF	TRBV20-1	TRBJ2-7
CASSQDLGNTEAFF	TRBV4-1	TRBJ1-1
CASSQDQGNTEAFF	TRBV4-1	TRBJ1-1
CASSLIGGSYEQYF	TRBV7-3	TRBJ2-7
CASSLGGGSYEQYF	TRBV11-2	TRBJ2-7
CASSVSGSSYNEQFF	TRBV19	TRBJ2-1
CASSFSGSSYNEQFF	TRBV27	TRBJ2-1
CASSRGGQETQYF	TRBV4-1	TRBJ2-5
CASSQGGQETQYF	TRBV5-4	TRBJ2-5
CASSQGSYEQYF	TRBV3-1	TRBJ2-7
CASSQGSYEQYF	TRBV7-9	TRBJ2-7
CASSQSSYEQYF	TRBV3-1	TRBJ2-7
CARSLADTQYF	TRBV10-2	TRBJ2-3
CASSLGDTQYF	TRBV6-1	TRBJ2-3
CASSFGHEQYF	TRBV27	TRBJ2-7
CASSLGHEQYF	TRBV5-1	TRBJ2-7
CASSGQETQYF	TRBV5-5	TRBJ2-5
CASRGQETQYF	TRBV19	TRBJ2-5
CASSGGGSYNEQFF	TRBV13	TRBJ2-1
CASSPGGSYNEQFF	TRBV12-3	TRBJ2-1
CASSLLGSSYEQYF	TRBV5-1	TRBJ2-7
CASSLGGSSYEQYF	TRBV11-2	TRBJ2-7
CASSFFGEAFF	TRBV7-2	TRBJ1-1
CASSFTGELFF	TRBV12-4	TRBJ2-2
CASSLQSSYEQYV	TRBV5-1	TRBJ2-7
CASSLESSYEQYF	TRBV7-8	TRBJ2-7
CAWSSGYYNEQFF	TRBV30	TRBJ2-1
CSASSGGYNEQFF	TRBV20-1	TRBJ2-1
CSASKGQGPYEQYF	TRBV20-1	TRBJ2-7
CASSAGQGPYEQYF	TRBV9	TRBJ2-7
CASSAGTGAYEQYF	TRBV2	TRBJ2-7
CASSQGTGAYEQYF	TRBV9	TRBJ2-7
CASSWGGDEQFF	TRBV5-1	TRBJ2-1
CASSIGGDEQFF	TRBV19	TRBJ2-1
CSARDAEAFF	TRBV20-1	TRBJ1-1
CSARDGEQFF	TRBV20-1	TRBJ2-1
CASSLGGEQFF	TRBV7-6	TRBJ2-1
CASSLGGTRFF	TRBV5-6	TRBJ2-1
CASSLQGREQYF	TRBV10-2	TRBJ2-7
CASSLQGGEQYF	TRBV27	TRBJ2-7
CASSKGLSYEQYF	TRBV7-9	TRBJ2-7
CASSAGLSYEQYF	TRBV11-2	TRBJ2-7
CASSLGGTYEQYF	TRBV3-1	TRBJ2-7
CASSLGLTYEQYF	TRBV5-6	TRBJ2-7
CASSEGQGTYEQYF	TRBV10-2	TRBJ2-7
CASSPGQGTYEQYF	TRBV6-5	TRBJ2-7
CASSPGSYEQYF	TRBV6-3	TRBJ2-7
CASSPPSYEQYF	TRBV6-6	TRBJ2-7
CASSLETDTQYF	TRBV11-2	TRBJ2-3
CASSLVTDTQYF	TRBV7-9	TRBJ2-3
CATSKTGGYEQYF	TRBV24-1	TRBJ2-7
CASSSTGGYEQYF	TRBV11-2	TRBJ2-7
CASSLGTAYEQYF	TRBV18	TRBJ2-7
CASSLGRAYEQYF	TRBV11-2	TRBJ2-7
CASRGGGYEQYF	TRBV2	TRBJ2-7
CSAREGGYEQFF	TRBV20-1	TRBJ2-1
CSAREGGYEQFF	TRBV20-1	TRBJ2-1
CASSLTGSSYNEQFF	TRBV19	TRBJ2-1
CASSLYGSSYNEQFF	TRBV27	TRBJ2-1
CASSWGSEQFF	TRBV7-9	TRBJ2-1
CASSWGNEQYF	TRBV5-5	TRBJ2-7
CASSLESYEQYF	TRBV5-6	TRBJ2-7
CASSLSSYEQYF	TRBV28	TRBJ2-7
CSAAQGNEQYF	TRBV20-1	TRBJ2-7
CASTQGNEQFF	TRBV7-9	TRBJ2-1
CASSPITDTQYF	TRBV7-7	TRBJ2-3
CASSPVTDTQYF	TRBV12-4	TRBJ2-3
CASSYGGEAFF	TRBV6-3	TRBJ1-1
CASSYGGEAFF	TRBV6-3	TRBJ1-1
CASSYPGELFF	TRBV6-3	TRBJ2-2
CASRRGSTDTQYF	TRBV27	TRBJ2-3
CSVDRGSTDTQYF	TRBV29-1	TRBJ2-3
CATSQSTEAFF	TRBV10-3	TRBJ1-1
CAISESTEAFF	TRBV10-3	TRBJ1-1
CSARGTYEQYF	TRBV20-1	TRBJ2-7
CSVRDTYEQYF	TRBV29-1	TRBJ2-7
CASSYDTEAFF	TRBV2	TRBJ1-1
CASSLDTEAFF	TRBV5-1	TRBJ1-1
CASRTTNTEAFF	TRBV27	TRBJ1-1
CASRTRNTEAFF	TRBV2	TRBJ1-1
CASRTRNTEAFF	TRBV2	TRBJ1-1
CASRTRNTEAFF	TRBV2	TRBJ1-1
CASRTRNTEAFF	TRBV2	TRBJ1-1
CASSPSNTEAFF	TRBV25-1	TRBJ1-1
CASSPQNTEAFF	TRBV18	TRBJ1-1
CSARDRSSYEQFF	TRBV20-1	TRBJ2-1
CASRDFSSYEQYF	TRBV6-3	TRBJ2-7
CASSLGLAGYNEQFF	TRBV5-1	TRBJ2-1
CSASGGLAGYNEQFF	TRBV20-1	TRBJ2-1
CAWSVTYEQYF	TRBV30	TRBJ2-7
CASSVVYEQYF	TRBV13	TRBJ2-7
CSAEGGGELFF	TRBV29-1	TRBJ2-2
CASRGGGEQYF	TRBV6-6	TRBJ2-7
CASSPGTSYEQYF	TRBV7-2	TRBJ2-7
CASSPGASYEQYF	TRBV27	TRBJ2-7
CASRTGPNTEAFF	TRBV3-1	TRBJ1-1
CSARTGSNTEAFF	TRBV29-1	TRBJ1-1
CSGLSGSSYNEQFF	TRBV20-1	TRBJ2-1
CSVFSGSSYNEQFF	TRBV29-1	TRBJ2-1
CRFGHLNTEAFF	TRBV20-1	TRBJ1-1
CSGGGLNTEAFF	TRBV20-1	TRBJ1-1
CASSFGMNTEAFF	TRBV19	TRBJ1-1
CASSVGMNTEAFF	TRBV6-5	TRBJ1-1
CASSLGVNTEAFF	TRBV2	TRBJ1-1
CASSLGVNTEAFF	TRBV28	TRBJ1-1
CATSVGVNTEAFF	TRBV24-1	TRBJ1-1
CASRGGGEQYF	TRBV6-6	TRBJ2-7
CASRGTGELFF	TRBV2	TRBJ2-2
CASSRSQETQYF	TRBV7-9	TRBJ2-5
CASSRTQETQYF	TRBV3-1	TRBJ2-5
CASRGYSTDTQYF	TRBV6-3	TRBJ2-3
CSARGLSTDTQYF	TRBV20-1	TRBJ2-3
CASSPGQGAYEQYF	TRBV5-1	TRBJ2-7
CASSPGQGTYEQYF	TRBV6-5	TRBJ2-7
CASSGGNTEAFF	TRBV2	TRBJ1-1
CAWGGGNTEAFF	TRBV30	TRBJ1-1
CSWRLAGIYEQYF	TRBV29-1	TRBJ2-7
CAVRLAGAYEQYF	TRBV6-1	TRBJ2-7
CASSYGGEAFF	TRBV6-3	TRBJ1-1
CASSYGGEAFF	TRBV6-3	TRBJ1-1
CASSYGTELFF	TRBV6-3	TRBJ1-4
CASSGYEQFF	TRBV5-6	TRBJ2-1
CSASGGEQYF	TRBV20-1	TRBJ2-7
CASRRGGEQYF	TRBV10-2	TRBJ2-7
CASRGGGEQYF	TRBV6-6	TRBJ2-7
CASRGNTEAFF	TRBV28	TRBJ1-1
CASRGDTEAFF	TRBV2	TRBJ1-1
CASSRNNEQFF	TRBV6-6	TRBJ2-1
CASSRNNEQFF	TRBV6-6	TRBJ2-1
CASSRNNEQFF	TRBV6-6	TRBJ2-1
CASSRNNEQFF	TRBV6-6	TRBJ2-1
CASSRNNEQFF	TRBV6-6	TRBJ2-1
CASSRNNEQFF	TRBV6-6	TRBJ2-1
CASSRNNEQFF	TRBV6-6	TRBJ2-1
CASSRNNEQFF	TRBV6-6	TRBJ2-1
CASSRNNEQFF	TRBV6-6	TRBJ2-1
CASSRRNEQFF	TRBV5-6	TRBJ2-1
CASSLSGTEAFF	TRBV11-2	TRBJ1-1
CASSLGGTEAFF	TRBV27	TRBJ1-1
CASSSINEQFF	TRBV28	TRBJ2-1
CASSSYNEQFF	TRBV27	TRBJ2-1
CAWGGGNTEAFF	TRBV30	TRBJ1-1
CSGGGLNTEAFF	TRBV20-1	TRBJ1-1
CASSLGATEAFF	TRBV5-1	TRBJ1-1
CASSLGGTEAFF	TRBV27	TRBJ1-1
CAWSVRGNTEAFF	TRBV30	TRBJ1-1
CASSFRGNTEAFF	TRBV5-1	TRBJ1-1
CASSFRGNTEAFF	TRBV5-1	TRBJ1-1
CASSLGQGAYEQYV	TRBV6-5	TRBJ2-7
CASSPGQGAYEQYF	TRBV5-1	TRBJ2-7
CASSQGSEQYF	TRBV16	TRBJ2-7
CASSWGSEQFF	TRBV7-9	TRBJ2-1
CASYRGYEQYF	TRBV30	TRBJ2-7
CASFRGYEQYF	TRBV2	TRBJ2-7
CASSFTYEQYF	TRBV6-6	TRBJ2-7
CAWSVTYEQYF	TRBV30	TRBJ2-7
CASSADRGYEQYF	TRBV19	TRBJ2-7
CSASRDRGYEQYF	TRBV20-1	TRBJ2-7
CASSLLETQYF	TRBV28	TRBJ2-5
CASSLTETQYF	TRBV12-3	TRBJ2-5
CSASRDRGYEQYF	TRBV20-1	TRBJ2-7
CASSRDRAYEQYF	TRBV5-1	TRBJ2-7
CASSTDTQYF	TRBV2	TRBJ2-3
CASSTDTQYF	TRBV2	TRBJ2-3
CASSTDTQYF	TRBV2	TRBJ2-3
CASSTDTQYF	TRBV2	TRBJ2-3
CASSTDTQYF	TRBV2	TRBJ2-3
CASSTDTQYF	TRBV2	TRBJ2-3
CASSTDTQYF	TRBV2	TRBJ2-3
CASSTDTQYF	TRBV2	TRBJ2-3
CRPDTDTQYF	TRBV20-1	TRBJ2-3
CASGSQETQYF	TRBV2	TRBJ2-5
CSEGRQETQYF	TRBV20-1	TRBJ2-5
CAWGGGNTEAFF	TRBV30	TRBJ1-1
CAIGWGNTEAFF	TRBV10-3	TRBJ1-1
CASRGAYEQYF	TRBV12-4	TRBJ2-7
CSARGTYEQYF	TRBV20-1	TRBJ2-7
CASSVGGNTEAFF	TRBV9	TRBJ1-1
CASSIGGNTEAFF	TRBV19	TRBJ1-1
CASSSGLEQYF	TRBV12-3	TRBJ2-7
CASSSGREQYF	TRBV5-1	TRBJ2-7
CASSLSSYEQYF	TRBV28	TRBJ2-7
CASSQSSYEQYF	TRBV3-1	TRBJ2-7
CASSPGNEQFF	TRBV7-9	TRBJ2-1
CASSPGAEQYF	TRBV6-6	TRBJ2-7
CASSSGGTEAFF	TRBV5-1	TRBJ1-1
CASSLGGTEAFF	TRBV27	TRBJ1-1
CASSSYNEQFF	TRBV27	TRBJ2-1
CASSGYNEQFF	TRBV2	TRBJ2-1
CASSQTGELFF	TRBV3-1	TRBJ2-2
CASSFTGELFF	TRBV12-4	TRBJ2-2
CASSLLGEQYF	TRBV7-8	TRBJ2-7
CASSLGGEQFF	TRBV7-6	TRBJ2-1
CASRGNTEAFF	TRBV28	TRBJ1-1
CASRQNTEAFF	TRBV3-1	TRBJ1-1
CASSVGTEQFF	TRBV9	TRBJ2-1
CASSYGTELFF	TRBV6-3	TRBJ1-4
CASSPGNEQFF	TRBV7-9	TRBJ2-1
CASSWGNEQYF	TRBV5-5	TRBJ2-7
CASSTSTDTQYF	TRBV6-6	TRBJ2-3
CASSFSTDTQYF	TRBV12-4	TRBJ2-3
CASSLGGEQFF	TRBV7-6	TRBJ2-1
CASSYGGEAFF	TRBV6-3	TRBJ1-1
CASSYGGEAFF	TRBV6-3	TRBJ1-1
CASSFGYEQFF	TRBV5-1	TRBJ2-1
CASSLGYEQYF	TRBV5-1	TRBJ2-7
CASSLGYEQYF	TRBV3-1	TRBJ2-7
CASSQTSGGNEQFF	TRBV6-3	TRBJ2-1
CASSQTSGGNEQFF	TRBV6-3	TRBJ2-1
CASSYFGGLAFF	TRBV13	TRBJ1-1
CASSYFGGLAFF	TRBV13	TRBJ1-1
CASSSLPRESGYTF	TRBV28	TRBJ1-2
CASSSLPRESGYTF	TRBV28	TRBJ1-2
CASSPHPGQPQHF	TRBV28	TRBJ1-5
CASSPHPGQPQHF	TRBV28	TRBJ1-5
CASSYQGTSPLHF	TRBV6-5	TRBJ1-6
CASSYQGTSPLHF	TRBV6-5	TRBJ1-6
CASSYQGTSPLHF	TRBV6-5	TRBJ1-6
CATSDLGAGDTDTQYF	TRBV24-1	TRBJ2-3
CATSDLGAGDTDTQYF	TRBV24-1	TRBJ2-3
CATSRGTVSYEQYF	TRBV15	TRBJ2-7
CATSRGTVSYEQYF	TRBV15	TRBJ2-7
CATSRGTVSYEQYF	TRBV15	TRBJ2-7
CATSRGTVSYEQYF	TRBV15	TRBJ2-7
CATSRGTVSYEQYF	TRBV15	TRBJ2-7
CATSRGTVSYEQYF	TRBV15	TRBJ2-7
CASSSPRASTYEQYF	TRBV21-1	TRBJ2-7
CASSSPRASTYEQYF	TRBV21-1	TRBJ2-7
CASSLTSGETQYF	TRBV7-6	TRBJ2-5
CASSLTSGETQYF	TRBV7-6	TRBJ2-5
CASSDGRGLHSNQPQHF	TRBV6-6	TRBJ1-5
CASSDGRGLHSNQPQHF	TRBV6-1	TRBJ1-5
CASSQGGTPLHF	TRBV3-1	TRBJ1-6
CASSQGGTPLHF	TRBV14	TRBJ1-6
CASSVWDGGMGDYGYTF	TRBV9	TRBJ1-2
CASSVWDGGMGDYGYTF	TRBV9	TRBJ1-2
CASSVWDGGMGDYGYTF	TRBV9	TRBJ1-2
CASSVWDGGMGDYGYTF	TRBV9	TRBJ1-2
CASSVAAGQETQYF	TRBV9	TRBJ2-5
CASSVAAGQETQYF	TRBV9	TRBJ2-5
CASSSEQQGGYGYTF	TRBV11-2	TRBJ1-2
CASSSEQQGGYGYTF	TRBV11-2	TRBJ1-2
CASSSSGPIRNTEAFF	TRBV7-9	TRBJ1-1
CASSSSGPIRNTEAFF	TRBV7-9	TRBJ1-1
CASSHGQVGNYGYTF	TRBV4-1	TRBJ1-2
CASSHGQVGNYGYTF	TRBV4-1	TRBJ1-2
CSARAPGGGSGMETQYF	TRBV20-1	TRBJ2-5
CSARAPGGGSGMETQYF	TRBV20-1	TRBJ2-5
CASSVDYGGGANEQFF	TRBV9	TRBJ2-1
CASSVDYGGGANEQFF	TRBV9	TRBJ2-1
CASRPRTEPNTEAFF	TRBV7-2	TRBJ1-1
CASRPRTEPNTEAFF	TRBV7-2	TRBJ1-1
CASTRRPRDRLTGELFF	TRBV12-4	TRBJ2-2
CASTRRPRDRLTGELFF	TRBV12-4	TRBJ2-2
CASSSGTSSIGDTQYF	TRBV5-1	TRBJ2-3
CASSSGTSSIGDTQYF	TRBV5-1	TRBJ2-3
CASSSGTSSIGDTQYF	TRBV5-1	TRBJ2-3
CASSSGTSSIGDTQYF	TRBV5-1	TRBJ2-3
CATSDLVSGEDEQFF	TRBV24-1	TRBJ2-1
CATSDLVSGEDEQFF	TRBV24-1	TRBJ2-1
CASSVTSGGYNEQFF	TRBV7-9	TRBJ2-1
CASSVTSGGYNEQFF	TRBV7-9	TRBJ2-1
CASSSSGGASIQYF	TRBV5-8	TRBJ2-4
CASSSSGGASIQYF	TRBV5-8	TRBJ2-4
CASSLVTGTHYGYTF	TRBV6-5	TRBJ1-2
CASSLVTGTHYGYTF	TRBV6-5	TRBJ1-2
CASNLDRGGNQPQHF	TRBV2	TRBJ1-5
CASNLDRGGNQPQHF	TRBV2	TRBJ1-5
CASSSNRAVNEKLFF	TRBV5-4	TRBJ1-4
CASSSNRAVNEKLFF	TRBV5-4	TRBJ1-4
CSAPTPERGDTDTQYF	TRBV20-1	TRBJ2-3
CSAPTPERGDTDTQYF	TRBV20-1	TRBJ2-3
CASSTPGQALYEQYF	TRBV11-2	TRBJ2-7
CASSTPGQALYEQYF	TRBV11-2	TRBJ2-7
CASSTPGQALYEQYF	TRBV11-2	TRBJ2-7
CSASGPSGGRGDNSPLHF	TRBV20-1	TRBJ1-6
CSASGPSGGRGDNSPLHF	TRBV20-1	TRBJ1-6
CSASGPSGGRGDNSPLHF	TRBV20-1	TRBJ1-6
CASSGSGSGETQYF	TRBV2	TRBJ2-5
CASSGSGSGETQYF	TRBV2	TRBJ2-5
CASSLTRGLLNGYTF	TRBV27	TRBJ1-2
CASSLTRGLLNGYTF	TRBV27	TRBJ1-2
CASRIGGGGYTF	TRBV12-3	TRBJ1-2
CASRIGGGGYTF	TRBV12-4	TRBJ1-2
CASSQDPASGSYEQYF	TRBV4-2	TRBJ2-7
CASSQDPASGSYEQYF	TRBV4-2	TRBJ2-7
CASSQDPASGSYEQYF	TRBV4-2	TRBJ2-7
CASSQDPASGSYEQYF	TRBV4-2	TRBJ2-7
CASSQDPASGSYEQYF	TRBV4-2	TRBJ2-7
CASRDGLAGITDTQYF	TRBV6-1	TRBJ2-3
CASRDGLAGITDTQYF	TRBV6-1	TRBJ2-3
CASRDGLAGITDTQYF	TRBV6-6	TRBJ2-3
CASSLLTGSGTEAFF	TRBV5-1	TRBJ1-1
CASSLLTGSGTEAFF	TRBV5-1	TRBJ1-1
CASSEDRGGETQYF	TRBV12-4	TRBJ2-5
CASSEDRGGETQYF	TRBV12-4	TRBJ2-5
CASMGSRWETQYF	TRBV5-1	TRBJ2-5
CASMGSRWETQYF	TRBV5-1	TRBJ2-5
CASMGSRWETQYF	TRBV5-1	TRBJ2-5
CASMGSRWETQYF	TRBV5-1	TRBJ2-5
CAWVLQGHGYGYTF	TRBV30	TRBJ1-2
CAWVLQGHGYGYTF	TRBV30	TRBJ1-2
CASSQDDDVGGDTQYF	TRBV3-1	TRBJ2-3
CASSQDDDVGGDTQYF	TRBV3-1	TRBJ2-3
CSAHQTYEQYF	TRBV20-1	TRBJ2-7
CSAHQTYEQYF	TRBV20-1	TRBJ2-7
CSAHQTYEQYF	TRBV20-1	TRBJ2-7
CASSLISSTNEKLFF	TRBV5-6	TRBJ1-4
CASSLISSTNEKLFF	TRBV5-6	TRBJ1-4
CASSLISSTNEKLFF	TRBV5-6	TRBJ1-4
CSATWGREAYEQYF	TRBV20-1	TRBJ2-7
CSATWGREAYEQYF	TRBV20-1	TRBJ2-7
CASSTQRLALDNEQFF	TRBV28	TRBJ2-1
CASSTQRLALDNEQFF	TRBV28	TRBJ2-1
CASSTGIFGYTF	TRBV19	TRBJ1-2
CASSTGIFGYTF	TRBV19	TRBJ1-2
CASSEALAGGTDTQYF	TRBV6-1	TRBJ2-3
CASSEALAGGTDTQYF	TRBV6-1	TRBJ2-3
CASSSDRETYGYTF	TRBV7-9	TRBJ1-2
CASSSDRETYGYTF	TRBV7-9	TRBJ1-2
CASSSDRETYGYTF	TRBV7-9	TRBJ1-2
CSARNPGLADWNEQFF	TRBV20-1	TRBJ2-1
CSARNPGLADWNEQFF	TRBV20-1	TRBJ2-1
CSARNPGLADWNEQFF	TRBV20-1	TRBJ2-1
CASSLPSGRANEQFF	TRBV7-8	TRBJ2-1
CASSLPSGRANEQFF	TRBV11-3	TRBJ2-1
CASFSRSTGELFF	TRBV11-3	TRBJ2-2
CASFSRSTGELFF	TRBV11-3	TRBJ2-2
CASFSRSTGELFF	TRBV11-3	TRBJ2-2
CASFSRSTGELFF	TRBV11-3	TRBJ2-2
CASSPRQVYNEQFF	TRBV19	TRBJ2-1
CASSPRQVYNEQFF	TRBV19	TRBJ2-1
CASSLEGGRSTDTQYF	TRBV5-4	TRBJ2-3
CASSLEGGRSTDTQYF	TRBV5-4	TRBJ2-3
CASEPWVLSSYEQYF	TRBV5-1	TRBJ2-7
CASEPWVLSSYEQYF	TRBV5-1	TRBJ2-7
CASEPWVLSSYEQYF	TRBV5-1	TRBJ2-7
CASSIRSSYEQYF	TRBV19	TRBJ2-7
CASSIRSSYEQYF	TRBV19	TRBJ2-7
CASSLGARGKNEQFF	TRBV12-3	TRBJ2-1
CASSLGARGKNEQFF	TRBV12-3	TRBJ2-1
CASSYGAGQGAWETQYF	TRBV7-9	TRBJ2-5
CASSYGAGQGAWETQYF	TRBV7-9	TRBJ2-5
CATGQGRTSEQYF	TRBV19	TRBJ2-7
CATGQGRTSEQYF	TRBV19	TRBJ2-7
CASSQGFQRGTNEQYF	TRBV3-1	TRBJ2-7
CASSQGFQRGTNEQYF	TRBV3-1	TRBJ2-7
CASKGLQGSQPQHF	TRBV6-6	TRBJ1-5
CASKGLQGSQPQHF	TRBV6-1	TRBJ1-5
CASKGLQGSQPQHF	TRBV6-6	TRBJ1-5
CASSPGLAGDNEQFF	TRBV5-4	TRBJ2-1
CASSPGLAGDNEQFF	TRBV5-4	TRBJ2-1
CASSPGLAGDNEQFF	TRBV5-4	TRBJ2-1
CASSPGLAGDNEQFF	TRBV5-4	TRBJ2-1
CASSPGLAGDNEQFF	TRBV5-4	TRBJ2-1
CASSPGLAGDNEQFF	TRBV5-4	TRBJ2-1
CASSSPPGTSGRRSDTQYF	TRBV11-2	TRBJ2-3
CASSSPPGTSGRRSDTQYF	TRBV11-2	TRBJ2-3
CASSSPPGTSGRRSDTQYF	TRBV11-2	TRBJ2-3
CASHWGRDGDEQFF	TRBV11-2	TRBJ2-1
CASHWGRDGDEQFF	TRBV11-2	TRBJ2-1
CSASFVEQGESQPQHF	TRBV20-1	TRBJ1-5
CSASFVEQGESQPQHF	TRBV20-1	TRBJ1-5
CASSLGRGIPTYEQYF	TRBV5-1	TRBJ2-7
CASSLGRGIPTYEQYF	TRBV5-1	TRBJ2-7
CASSYNDVLGATDPMNTEAFF	TRBV6-5	TRBJ1-1
CASSYNDVLGATDPMNTEAFF	TRBV6-5	TRBJ1-1
CASSLSNREWSPLHF	TRBV27	TRBJ1-6
CASSLSNREWSPLHF	TRBV27	TRBJ1-6
CASSLSNREWSPLHF	TRBV27	TRBJ1-6
CSARRTGTDTQYF	TRBV20-1	TRBJ2-3
CSARRTGTDTQYF	TRBV20-1	TRBJ2-3
CSVELAGSYEQYF	TRBV29-1	TRBJ2-7
CSVELAGSYEQYF	TRBV29-1	TRBJ2-7
CASSFDRIREKLFF	TRBV12-4	TRBJ1-4
CASSFDRIREKLFF	TRBV12-4	TRBJ1-4
CASSLGWGFGQPQHF	TRBV9	TRBJ1-5
CASSLGWGFGQPQHF	TRBV9	TRBJ1-5
CASRMSPGTGGNIQYF	TRBV5-5	TRBJ2-4
CASRMSPGTGGNIQYF	TRBV5-5	TRBJ2-4
CAVTGLTFADLQFF	TRBV30	TRBJ2-1
CAVTGLTFADLQFF	TRBV30	TRBJ2-1
CASSQRQDEAFF	TRBV6-5	TRBJ1-1
CASSQRQDEAFF	TRBV6-5	TRBJ1-1
CASSRPPAGDLANEQFF	TRBV4-1	TRBJ2-1
CASSRPPAGDLANEQFF	TRBV4-1	TRBJ2-1
CASSRPPAGDLANEQFF	TRBV4-1	TRBJ2-1
CSANRVDEQFF	TRBV20-1	TRBJ2-1
CSANRVDEQFF	TRBV20-1	TRBJ2-1
CASSQARTANTEAFF	TRBV7-9	TRBJ1-1
CASSQARTANTEAFF	TRBV7-9	TRBJ1-1
CASSSGTASYTDTQYF	TRBV5-4	TRBJ2-3
CASSSGTASYTDTQYF	TRBV5-4	TRBJ2-3
CASSQVSSQNPPDTQYF	TRBV4-2	TRBJ2-3
CASSQVSSQNPPDTQYF	TRBV4-2	TRBJ2-3
CASSYRWGMNTEAFF	TRBV5-1	TRBJ1-1
CASSYRWGMNTEAFF	TRBV5-1	TRBJ1-1
CASSQRPGGGNEQFF	TRBV5-4	TRBJ2-1
CASSQRPGGGNEQFF	TRBV5-4	TRBJ2-1
CASSGRDRGLFGLNTIYF	TRBV9	TRBJ1-3
CASSGRDRGLFGLNTIYF	TRBV9	TRBJ1-3
CASSGRDRGLFGLNTIYF	TRBV9	TRBJ1-3
CASSGRDRGLFGLNTIYF	TRBV9	TRBJ1-3
CASSGRDRGLFGLNTIYF	TRBV9	TRBJ1-3
CATEVDSTNEKLFF	TRBV6-6	TRBJ1-4
CATEVDSTNEKLFF	TRBV6-6	TRBJ1-4
CASSPRDFNMSPLHF	TRBV18	TRBJ1-6
CASSPRDFNMSPLHF	TRBV18	TRBJ1-6
CASSPRDFNMSPLHF	TRBV18	TRBJ1-6
CATGGVPGETQYF	TRBV15	TRBJ2-5
CATGGVPGETQYF	TRBV15	TRBJ2-5
CSAARDSYSSYEQYF	TRBV20-1	TRBJ2-7
CSAARDSYSSYEQYF	TRBV20-1	TRBJ2-7
CSAARDSYSSYEQYF	TRBV20-1	TRBJ2-7
CSAERTSGGTLQETQYF	TRBV20-1	TRBJ2-5
CSAERTSGGTLQETQYF	TRBV20-1	TRBJ2-5
CASSPQLSSDYGYTF	TRBV18	TRBJ1-2
CASSPQLSSDYGYTF	TRBV18	TRBJ1-2
CASSPQLSSDYGYTF	TRBV18	TRBJ1-2
CSARGPSGGRGDSPLHF	TRBV20-1	TRBJ1-6
CSARGPSGGRGDSPLHF	TRBV20-1	TRBJ1-6
CSALPLSTDEQYF	TRBV20-1	TRBJ2-7
CSALPLSTDEQYF	TRBV20-1	TRBJ2-7
CASGKLGGAEQFF	TRBV27	TRBJ2-1
CASGKLGGAEQFF	TRBV27	TRBJ2-1
CASGKLGGAEQFF	TRBV27	TRBJ2-1
CASSQSESGGNYEQYF	TRBV16	TRBJ2-7
CASSQSESGGNYEQYF	TRBV16	TRBJ2-7
CASSQSESGGNYEQYF	TRBV16	TRBJ2-7
CATSAARGDYGYTF	TRBV15	TRBJ1-2
CATSAARGDYGYTF	TRBV15	TRBJ1-2
CASSLDRGRNRNEQFF	TRBV7-9	TRBJ2-1
CASSLDRGRNRNEQFF	TRBV7-9	TRBJ2-1
CASSHMTGAAQETQYF	TRBV12-3	TRBJ2-5
CASSHMTGAAQETQYF	TRBV12-3	TRBJ2-5
CASSIRDSSYEQYF	TRBV7-2	TRBJ2-7
CASSIRDSSYEQYF	TRBV7-2	TRBJ2-7
CASSVDQGGGGELFF	TRBV9	TRBJ2-2
CASSVDQGGGGELFF	TRBV9	TRBJ2-2
CSVVPTLAGGGLTDTQYF	TRBV29-1	TRBJ2-3
CSVVPTLAGGGLTDTQYF	TRBV29-1	TRBJ2-3
CSVVPTLAGGGLTDTQYF	TRBV29-1	TRBJ2-3
CASSFNQGAGGNQPQHF	TRBV7-8	TRBJ1-5
CASSFNQGAGGNQPQHF	TRBV7-8	TRBJ1-5
CASSPSGTVNTGELFF	TRBV18	TRBJ2-2
CASSPSGTVNTGELFF	TRBV18	TRBJ2-2
CASSLLPGQSFYNEQFF	TRBV4-1	TRBJ2-1
CASSLLPGQSFYNEQFF	TRBV4-1	TRBJ2-1
CASSLDSGGTDTQYF	TRBV7-2	TRBJ2-3
CASSLDSGGTDTQYF	TRBV7-2	TRBJ2-3
CASSTPYEQYF	TRBV19	TRBJ2-7
CASSTPYEQYF	TRBV7-9	TRBJ2-7
CASSALLTGFGNQPQHF	TRBV28	TRBJ1-5
CASSALLTGFGNQPQHF	TRBV28	TRBJ1-5
CASSALLTGFGNQPQHF	TRBV28	TRBJ1-5
CASSQEGDSAYEQYF	TRBV4-2	TRBJ2-7
CASSQEGDSAYEQYF	TRBV4-2	TRBJ2-7
CASSQERADSNSPLHF	TRBV4-1	TRBJ1-6
CASSQERADSNSPLHF	TRBV4-1	TRBJ1-6
CASRRGQAIGGYTF	TRBV27	TRBJ1-2
CASRRGQAIGGYTF	TRBV27	TRBJ1-2
CASSSRDRGSYNEQFF	TRBV11-3	TRBJ2-1
CASSSRDRGSYNEQFF	TRBV11-3	TRBJ2-1
CASSSRDRGSYNEQFF	TRBV11-3	TRBJ2-1
CASSVRMSSYNEQFF	TRBV9	TRBJ2-1
CASSVRMSSYNEQFF	TRBV9	TRBJ2-1
CASSVRMSSYNEQFF	TRBV9	TRBJ2-1
CASSYPWDSLWNQPQHF	TRBV6-6	TRBJ1-5
CASSYPWDSLWNQPQHF	TRBV6-6	TRBJ1-5
CAIRGYEGSPLHF	TRBV10-3	TRBJ1-6
CAIRGYEGSPLHF	TRBV10-3	TRBJ1-6
CAIRGYEGSPLHF	TRBV10-3	TRBJ1-6
CAIRGYEGSPLHF	TRBV10-3	TRBJ1-6
CAIRGYEGSPLHF	TRBV10-3	TRBJ1-6
CASSTPRGSGDTYEQYF	TRBV28	TRBJ2-7
CASSTPRGSGDTYEQYF	TRBV28	TRBJ2-7
CASSTPRGSGDTYEQYF	TRBV28	TRBJ2-7
CASSTPRGSGDTYEQYF	TRBV28	TRBJ2-7
CASSTPRGSGDTYEQYF	TRBV28	TRBJ2-7
CASSTPRGSGDTYEQYF	TRBV28	TRBJ2-7
CASSLSKRGGTNEQFF	TRBV27	TRBJ2-1
CASSLSKRGGTNEQFF	TRBV27	TRBJ2-1
CSARVTGTTYNEQFF	TRBV20-1	TRBJ2-1
CSARVTGTTYNEQFF	TRBV20-1	TRBJ2-1
CSARVTGTTYNEQFF	TRBV20-1	TRBJ2-1
CSARVTGTTYNEQFF	TRBV20-1	TRBJ2-1
CSARVTGTTYNEQFF	TRBV20-1	TRBJ2-1
CSARVTGTTYNEQFF	TRBV20-1	TRBJ2-1
CSACRGLPGGETQYF	TRBV29-1	TRBJ2-5
CSACRGLPGGETQYF	TRBV29-1	TRBJ2-5
CASSPGFGGGGANVLTF	TRBV5-4	TRBJ2-6
CASSPGFGGGGANVLTF	TRBV5-4	TRBJ2-6
CASSDRADFSETQYF	TRBV2	TRBJ2-5
CASSDRADFSETQYF	TRBV2	TRBJ2-5
CASSLPPTKNTEAFF	TRBV18	TRBJ1-1
CASSLPPTKNTEAFF	TRBV18	TRBJ1-1
CASSQLSPGPRNTGELFF	TRBV16	TRBJ2-2
CASSQLSPGPRNTGELFF	TRBV16	TRBJ2-2
CASSQGWPYEQYF	TRBV2	TRBJ2-7
CASSQGWPYEQYF	TRBV2	TRBJ2-7
CASSQGWPYEQYF	TRBV2	TRBJ2-7
CASSQGWPYEQYF	TRBV2	TRBJ2-7
CASSETNSGANVLTF	TRBV6-1	TRBJ2-6
CASSETNSGANVLTF	TRBV6-1	TRBJ2-6
CASSIVRGELYNEQFF	TRBV19	TRBJ2-1
CASSIVRGELYNEQFF	TRBV19	TRBJ2-1
CASSIVRGELYNEQFF	TRBV19	TRBJ2-1
CASMGLAGQETQYF	TRBV6-3	TRBJ2-5
CASMGLAGQETQYF	TRBV6-3	TRBJ2-5
CASMGLAGQETQYF	TRBV6-3	TRBJ2-5
CASMGLAGQETQYF	TRBV6-3	TRBJ2-5
CASSGSRTGEFGYTF	TRBV9	TRBJ1-2
CASSGSRTGEFGYTF	TRBV9	TRBJ1-2
CASSALYNEQFF	TRBV9	TRBJ2-1
CASSALYNEQFF	TRBV9	TRBJ2-1
CASSALYNEQFF	TRBV9	TRBJ2-1
CASSALYNEQFF	TRBV9	TRBJ2-1
CSAPSTGTEAFF	TRBV20-1	TRBJ1-1
CSAPSTGTEAFF	TRBV20-1	TRBJ1-1
CASSPVAGAPGEQFF	TRBV27	TRBJ2-1
CASSPVAGAPGEQFF	TRBV27	TRBJ2-1
CASSDRSVVGYGYTF	TRBV6-1	TRBJ1-2
CASSDRSVVGYGYTF	TRBV6-1	TRBJ1-2
CASSIGEGDQPQHF	TRBV19	TRBJ1-5
CASSIGEGDQPQHF	TRBV19	TRBJ1-5
CASSIGEGDQPQHF	TRBV19	TRBJ1-5
CASSIGEGDQPQHF	TRBV19	TRBJ1-5
CAISRQVDQPQHF	TRBV10-3	TRBJ1-5
CAISRQVDQPQHF	TRBV10-3	TRBJ1-5
CAISRQVDQPQHF	TRBV10-3	TRBJ1-5
CAISRQVDQPQHF	TRBV10-3	TRBJ1-5
CAISRQVDQPQHF	TRBV10-3	TRBJ1-5
CAISRQVDQPQHF	TRBV10-3	TRBJ1-5
CATSRVLAGVGTDTQYF	TRBV15	TRBJ2-3
CATSRVLAGVGTDTQYF	TRBV15	TRBJ2-3
CASSVEGRGKQETQYF	TRBV9	TRBJ2-5
CASSVEGRGKQETQYF	TRBV9	TRBJ2-5
CASSMGGHPDTQYF	TRBV19	TRBJ2-3
CASSMGGHPDTQYF	TRBV19	TRBJ2-3
CASSQLLGGPVNTEAFF	TRBV7-6	TRBJ1-1
CASSQLLGGPVNTEAFF	TRBV7-6	TRBJ1-1
CASRLDQGSYNEQFF	TRBV6-5	TRBJ2-1
CASRLDQGSYNEQFF	TRBV6-5	TRBJ2-1
CSARDPAWEGYTF	TRBV20-1	TRBJ1-2
CSARDPAWEGYTF	TRBV20-1	TRBJ1-2
CSARDPAWEGYTF	TRBV20-1	TRBJ1-2
CASNVDSGQQQETQYF	TRBV28	TRBJ2-5
CASNVDSGQQQETQYF	TRBV28	TRBJ2-5
CASSEYPGTDTQYF	TRBV2	TRBJ2-3
CASSEYPGTDTQYF	TRBV2	TRBJ2-3
CASSEYPGTDTQYF	TRBV2	TRBJ2-3
CASSLRGEPYEQYF	TRBV5-1	TRBJ2-7
CASSLRGEPYEQYF	TRBV5-1	TRBJ2-7
CASSGTRQGHYNEQFF	TRBV6-1	TRBJ2-1
CASSGTRQGHYNEQFF	TRBV6-1	TRBJ2-1
CASSEASGSTGELFF	TRBV6-1	TRBJ2-2
CASSEASGSTGELFF	TRBV6-1	TRBJ2-2
CASSEASGSTGELFF	TRBV6-1	TRBJ2-2
CASSPGHMNTEAFF	TRBV18	TRBJ1-1
CASSPGHMNTEAFF	TRBV18	TRBJ1-1
CASSYVTGNEQFF	TRBV6-3	TRBJ2-1
CASSYVTGNEQFF	TRBV6-3	TRBJ2-1
CATSEAGLQETQYF	TRBV24-1	TRBJ2-5
CATSEAGLQETQYF	TRBV24-1	TRBJ2-5
CASTRQDNQPQHF	TRBV6-1	TRBJ1-5
CASTRQDNQPQHF	TRBV6-1	TRBJ1-5
CASSLATSASSYNEQFF	TRBV5-4	TRBJ2-1
CASSLATSASSYNEQFF	TRBV5-4	TRBJ2-1
