CSASRAASSYNSPLHF	TRBV20-1	TRBJ1-6
CSASRAASSYNSPLHF	TRBV20-1	TRBJ1-6
CSASRTASSYNSPLHF	TRBV20-1	TRBJ1-6
CSASRSASSYNSPLHF	TRBV20-1	TRBJ1-6
CASSFGQTNYGYTF	TRBV5-4	TRBJ1-2
CASSFGQLNYGYTF	TRBV25-1	TRBJ1-2
CASSFGQDNYGYTF	TRBV3-1	TRBJ1-2
CSASRAASSYNSPLHF	TRBV20-1	TRBJ1-6
CSASRAASSYNSPLHF	TRBV20-1	TRBJ1-6
CSASRAVSSYNSPLHF	TRBV20-1	TRBJ1-6
CASKVVNYGYTF	TRBV28	TRBJ1-2
CSGKVENYGYTF	TRBV20-1	TRBJ1-2
CSASRSASSYNSPLHF	TRBV20-1	TRBJ1-6
CSASRSPSSYNSPLHF	TRBV20-1	TRBJ1-6
CASSHRGSSYNEQFF	TRBV19	TRBJ2-1
CASSHRGSSYYEQYF	TRBV13	TRBJ2-7
CASRKDRTSNQPQHF	TRBV6-1	TRBJ1-5
CASRQDRTSNQPQHF	TRBV6-5	TRBJ1-5
CASSGRKGQPQHF	TRBV6-5	TRBJ1-5
CASSLRKGQPQHF	TRBV12-4	TRBJ1-5
CSASSTGLQETQYF	TRBV20-1	TRBJ2-5
CASSSWGLQETQYF	TRBV6-6	TRBJ2-5
CASSSQGLQETQYF	TRBV5-1	TRBJ2-5
CASSSRQGTNEKLFF	TRBV5-6	TRBJ1-4
CASSSREGTNEKLFF	TRBV12-3	TRBJ1-4
CASSLGPRGTDTQYF	TRBV25-1	TRBJ2-3
CASSLGPRGVDTQYF	TRBV11-2	TRBJ2-3
CASSWTGRETQYF	TRBV7-8	TRBJ2-5
CASSWTGRDTQYF	TRBV5-1	TRBJ2-3
CASSPEGTGTDTQYF	TRBV5-4	TRBJ2-3
CASSPERTGTDTQYF	TRBV7-2	TRBJ2-3
CASSPQRNTEAFF	TRBV4-3	TRBJ1-1
CASSPQRNTEAFF	TRBV4-3	TRBJ1-1
CASSPQRNTEAFF	TRBV4-3	TRBJ1-1
CASSPQRNTEAFF	TRBV4-3	TRBJ1-1
CASSPQRNTEAFF	TRBV4-3	TRBJ1-1
CASSPQRNTEAFF	TRBV4-3	TRBJ1-1
CASSPQRNTEAFF	TRBV4-3	TRBJ1-1
CASSPDRNTEAFF	TRBV5-1	TRBJ1-1
CASSPQRNTEVFF	TRBV4-3	TRBJ1-1
CASSLVNEQFF	TRBV5-6	TRBJ2-1
CASSLYNEQFF	TRBV5-4	TRBJ2-1
CASSLGNEQFF	TRBV11-2	TRBJ2-1
CASSLKNEQFF	TRBV12-3	TRBJ2-1
CSASSSGSTDTQYF	TRBV20-1	TRBJ2-3
CASSSSGGTDTQYF	TRBV19	TRBJ2-3
CASSSSGFTDTQYF	TRBV7-9	TRBJ2-3
CASSPALRNTEAFF	TRBV11-3	TRBJ1-1
CASSPGLRNTEAFF	TRBV28	TRBJ1-1
CATSGRAGTGELFF	TRBV30	TRBJ2-2
CASSSRAGTGELFF	TRBV6-5	TRBJ2-2
CASGRGQGNEKLFF	TRBV12-5	TRBJ1-4
CASSRGQGNEKLFF	TRBV28	TRBJ1-4
CASSTTSGSVDEQYF	TRBV5-4	TRBJ2-7
CASSETSGSVDEQYF	TRBV3-1	TRBJ2-7
CASSDLGAGNTIYF	TRBV6-1	TRBJ1-3
CASSDTGAGNTIYF	TRBV19	TRBJ1-3
CASSPGTRGETQYF	TRBV19	TRBJ2-5
CASSPGTNGETQYF	TRBV5-1	TRBJ2-5
CASSLQGGNEKLFF	TRBV28	TRBJ1-4
CASSGQGGNEKLFF	TRBV2	TRBJ1-4
CASSLGAGNTEAFF	TRBV7-8	TRBJ1-1
CASSLGAGNYEQYF	TRBV7-3	TRBJ2-7
CASSIKNEQFF	TRBV19	TRBJ2-1
CASSLKNEQFF	TRBV12-3	TRBJ2-1
CASSFGQSDTQYF	TRBV7-9	TRBJ2-3
CASSAGQSDTQYF	TRBV5-1	TRBJ2-3
CASTGVGETQYF	TRBV3-1	TRBJ2-5
CASTVVGETQYF	TRBV2	TRBJ2-5
CASSLGGGYEKLFF	TRBV7-9	TRBJ1-4
CASSLGRGYEKLFF	TRBV5-6	TRBJ1-4
CSVTPDNEQFF	TRBV29-1	TRBJ2-1
CASSPDNEQFF	TRBV10-2	TRBJ2-1
CASSTGLEQYF	TRBV6-5	TRBJ2-7
CASSTGLEQYF	TRBV6-5	TRBJ2-7
CASSLGLEAFF	TRBV28	TRBJ1-1
CASSYGLEAFF	TRBV6-3	TRBJ1-1
CASSPDRTGANVLTF	TRBV11-1	TRBJ2-6
CASSPDRTGANVLTF	TRBV11-1	TRBJ2-6
CASSPDRGGANVLTF	TRBV12-3	TRBJ2-6
CASSFRETQYF	TRBV5-6	TRBJ2-5
CASSFREKLFF	TRBV5-6	TRBJ1-4
CASSLGTSGDTQYF	TRBV5-1	TRBJ2-3
CAWSLGTSGNTIYF	TRBV30	TRBJ1-3
CASRPAGGTYEQYF	TRBV2	TRBJ2-7
CASRPAGGNYEQYF	TRBV6-5	TRBJ2-7
CASSLLVGVTDTQYF	TRBV7-3	TRBJ2-3
CASSLLRGVTDTQYF	TRBV27	TRBJ2-3
CASSPDTGELFF	TRBV18	TRBJ2-2
CASSPNTGELFF	TRBV5-1	TRBJ2-2
CSASPLTGELFF	TRBV20-1	TRBJ2-2
CASRGTSQETQYF	TRBV2	TRBJ2-5
CAIRGDSQETQYF	TRBV2	TRBJ2-5
CASSQQGYEQYF	TRBV28	TRBJ2-7
CASSQQGYEQYF	TRBV28	TRBJ2-7
CASSQQTYEQYF	TRBV3-1	TRBJ2-7
CASSPRGVTEAFF	TRBV5-1	TRBJ1-1
CASSPRGVGELFF	TRBV7-3	TRBJ2-2
CSASQGSGANVLTF	TRBV20-1	TRBJ2-6
CASSKGSGANVLTF	TRBV19	TRBJ2-6
CASSQGSGANVLTF	TRBV3-1	TRBJ2-6
CASSLQGFEQYF	TRBV12-4	TRBJ2-7
CASSLQGDEQFF	TRBV6-1	TRBJ2-1
CASSLQGVEAFF	TRBV5-6	TRBJ1-1
CASSLQRTSYEQYF	TRBV12-3	TRBJ2-7
CASSLARTSYEQYF	TRBV11-2	TRBJ2-7
CASSEGNPTSEQYF	TRBV2	TRBJ2-7
CASSSTRARPTSEAFF	TRBV28	TRBJ1-1
CASSGTGGPTSEQYF	TRBV27	TRBJ2-7
CAWSVRSPTSEQFF	TRBV30	TRBJ2-1
CAWSVGGGNYGYTF	TRBV30	TRBJ1-2
CASSVGQGNYGYTF	TRBV9	TRBJ1-2
CASRRTGRTGELFF	TRBV7-9	TRBJ2-2
CASRRTGDTGELFF	TRBV6-3	TRBJ2-2
CSASPGMATEAFF	TRBV20-1	TRBJ1-1
CSASPGMATEAFF	TRBV20-1	TRBJ1-1
CSASPGMATEAFF	TRBV20-1	TRBJ1-1
CASSPGPATEAFF	TRBV18	TRBJ1-1
CASSQAGNTGELFF	TRBV4-2	TRBJ2-2
CASSQAGPTGEQFF	TRBV3-1	TRBJ2-1
CAWSVQGNSPLHF	TRBV30	TRBJ1-6
CAWSVQGNQPQHF	TRBV30	TRBJ1-5
CSVTGQGETQYF	TRBV29-1	TRBJ2-5
CASTGVGETQYF	TRBV3-1	TRBJ2-5
CASSPEGYEQYF	TRBV11-2	TRBJ2-7
CAISPNGYEQYF	TRBV10-3	TRBJ2-7
CASSPIGYEQYF	TRBV12-3	TRBJ2-7
CAISEFTSGGSKGDTQYF	TRBV10-3	TRBJ2-3
CASSEFTDGTQHF	TRBV2	TRBJ1-5
CASSEFTGGYEQYF	TRBV2	TRBJ2-7
CSAFGSYNEQFF	TRBV20-1	TRBJ2-1
CSEQGSYNEQFF	TRBV20-1	TRBJ2-1
CAWEGSYNEQFF	TRBV30	TRBJ2-1
CASSPTGGWEKLFF	TRBV7-9	TRBJ1-4
CAISPTGGGEKLFF	TRBV10-3	TRBJ1-4
CASSLGSGTEAFF	TRBV5-1	TRBJ1-1
CASSLGSNTEAFF	TRBV12-3	TRBJ1-1
CASSFGEKLFF	TRBV7-9	TRBJ1-4
CASSFREKLFF	TRBV5-6	TRBJ1-4
CAWSVIAGGYNEQFF	TRBV30	TRBJ2-1
CASSSIAGGYNEQFF	TRBV27	TRBJ2-1
CASSLATGSYNEQFF	TRBV7-2	TRBJ2-1
CASSLDTGSYNEQFF	TRBV11-3	TRBJ2-1
CASSLGASSNQPQHF	TRBV7-2	TRBJ1-5
CASSLGAASNQPQHF	TRBV12-3	TRBJ1-5
CASSLVKGGTEAFF	TRBV7-8	TRBJ1-1
CASSLVPGGTEAFF	TRBV5-4	TRBJ1-1
CASSQGQETQYF	TRBV3-1	TRBJ2-5
CASSQGGETQYF	TRBV6-6	TRBJ2-5
CASSYGETQYF	TRBV6-3	TRBJ2-5
CASSQGETQYF	TRBV4-1	TRBJ2-5
CASSLGETQYF	TRBV11-2	TRBJ2-5
CASSQDRNTGELFF	TRBV18	TRBJ2-2
CASSQDANTGELFF	TRBV4-2	TRBJ2-2
CASSPLAGKYNEQFF	TRBV12-4	TRBJ2-1
CSASPLAGAYNEQFF	TRBV20-1	TRBJ2-1
CASSWDRPYEQYF	TRBV7-8	TRBJ2-7
CSASSDRPYEQYF	TRBV20-1	TRBJ2-7
CASSPRGSGELFF	TRBV9	TRBJ2-2
CASSPRGVGELFF	TRBV7-3	TRBJ2-2
CSASRTGATGELFF	TRBV20-1	TRBJ2-2
CASSRTGNTGELFF	TRBV19	TRBJ2-2
CASSDRDSNQPQHF	TRBV6-1	TRBJ1-5
CASSDRYSNQPQHF	TRBV27	TRBJ1-5
CASSGTVYEQYF	TRBV28	TRBJ2-7
CASSLTVYEQYF	TRBV7-9	TRBJ2-7
CASSLTGAGNQPQHF	TRBV2	TRBJ1-5
CAWSLTGGGNQPQHF	TRBV30	TRBJ1-5
CAWTGRETQYF	TRBV30	TRBJ2-5
CETSGRETQYF	TRBV30	TRBJ2-5
CSARRLSSYEQYF	TRBV20-1	TRBJ2-7
CASRELSSYEQYF	TRBV27	TRBJ2-7
CASSSTDSYEQYF	TRBV6-5	TRBJ2-7
CASSPTDSYEQYF	TRBV18	TRBJ2-7
CASSKDGYNEQFF	TRBV2	TRBJ2-1
CASSLDGYNEQFF	TRBV7-6	TRBJ2-1
CASSLDGYNEQFF	TRBV7-6	TRBJ2-1
CASSLDGYNEQFF	TRBV7-6	TRBJ2-1
CASSLDRANEQFF	TRBV7-6	TRBJ2-1
CASSLDRAYEQYF	TRBV5-1	TRBJ2-7
CASKSGNQPQHF	TRBV2	TRBJ1-5
CASRSGNQPQHF	TRBV28	TRBJ1-5
CASSQTVNTEAFF	TRBV5-4	TRBJ1-1
CASSQNVNTEAFF	TRBV14	TRBJ1-1
CASSSTGAQETQYF	TRBV5-1	TRBJ2-5
CSASSTGLQETQYF	TRBV20-1	TRBJ2-5
CASSVTSGSSYNEQFF	TRBV5-4	TRBJ2-1
CASSRTSGSSYNEQFF	TRBV27	TRBJ2-1
CASSQQTYEQYF	TRBV3-1	TRBJ2-7
CASSEQTYEQYF	TRBV2	TRBJ2-7
CASSLFRTDTQYF	TRBV12-4	TRBJ2-3
CASSLVRTDTQYF	TRBV5-1	TRBJ2-3
CASSLLAGELFF	TRBV28	TRBJ2-2
CASSLLTGELFF	TRBV7-3	TRBJ2-2
CAWSVGQGMEQYF	TRBV30	TRBJ2-7
CASSVGQGGEQYF	TRBV7-2	TRBJ2-7
CASSALAGNEQFF	TRBV11-2	TRBJ2-1
CASSYLAGNEQYF	TRBV6-3	TRBJ2-7
CASSSTGGSNQPQHF	TRBV6-5	TRBJ1-5
CASSMTGGSNQPQHF	TRBV19	TRBJ1-5
CSASPLTGELFF	TRBV20-1	TRBJ2-2
CASSLLTGELFF	TRBV7-3	TRBJ2-2
CASSYSSSYEQYF	TRBV6-5	TRBJ2-7
CASSFSSSYEQYF	TRBV7-7	TRBJ2-7
CSASSGQGGYGYTF	TRBV20-1	TRBJ1-2
CASSSGQGPYGYTF	TRBV5-4	TRBJ1-2
CASSLASNTEAFF	TRBV12-3	TRBJ1-1
CASSLGSNTEAFF	TRBV12-3	TRBJ1-1
CASSPGQGAGEQYF	TRBV11-1	TRBJ2-7
CASSAGQGAGELFF	TRBV27	TRBJ2-2
CASSSASTDTQYF	TRBV28	TRBJ2-3
CASSSPSTDTQYF	TRBV5-1	TRBJ2-3
CASSPQGDEQFF	TRBV18	TRBJ2-1
CASSLQGDEQFF	TRBV6-1	TRBJ2-1
CASSPDGNYGYTF	TRBV18	TRBJ1-2
CASSPDSNYGYTF	TRBV12-4	TRBJ1-2
CASSLNGADTQYF	TRBV7-3	TRBJ2-3
CASSLGGADTQYF	TRBV11-2	TRBJ2-3
CASSQNTGELFF	TRBV9	TRBJ2-2
CASSQNTGELFF	TRBV12-3	TRBJ2-2
CASSQYTGELFF	TRBV7-9	TRBJ2-2
CASSSPSTDTQYF	TRBV5-1	TRBJ2-3
CASSLPSTDTQYF	TRBV12-4	TRBJ2-3
CASSPDGNYGYTF	TRBV18	TRBJ1-2
CASSPEGNYGYTF	TRBV27	TRBJ1-2
CASSLSYEQYF	TRBV28	TRBJ2-7
CSVELSYEQYF	TRBV29-1	TRBJ2-7
CASSLGQETQYF	TRBV5-1	TRBJ2-5
CASSQGQETQYF	TRBV3-1	TRBJ2-5
CASSLGQGNTEAFF	TRBV5-1	TRBJ1-1
CASSLGQMNTEAFF	TRBV5-1	TRBJ1-1
CAISDRINTEAFF	TRBV10-3	TRBJ1-1
CASSDRKNTEAFF	TRBV6-5	TRBJ1-1
CSADRYNEQFF	TRBV20-1	TRBJ2-1
CSVDSYNEQFF	TRBV29-1	TRBJ2-1
CASSLGNTGELFF	TRBV5-1	TRBJ2-2
CASSLGNTGELFF	TRBV5-1	TRBJ2-2
CASSLLNTGELFF	TRBV5-4	TRBJ2-2
CASSLLAGGNNEQFF	TRBV27	TRBJ2-1
CASSLLAGGYNEQFF	TRBV12-3	TRBJ2-1
CASSLGQETQYF	TRBV5-1	TRBJ2-5
CASSLGRETQYF	TRBV28	TRBJ2-5
CASSLGRETQYF	TRBV28	TRBJ2-5
CASSLGRETQYF	TRBV28	TRBJ2-5
CASSLGRETQYF	TRBV28	TRBJ2-5
CASSLGRETQYF	TRBV28	TRBJ2-5
CASSLGQGNQPQHF	TRBV5-1	TRBJ1-5
CASSLGVGNQPQHF	TRBV27	TRBJ1-5
CASSSSGGTDTQYF	TRBV19	TRBJ2-3
CASSPSGGTDTQYF	TRBV5-4	TRBJ2-3
CASSLGAGNTEAFF	TRBV7-8	TRBJ1-1
CASSLGQGNTEAFF	TRBV5-1	TRBJ1-1
CASSLGTEQFF	TRBV7-2	TRBJ2-1
CASSLGLEAFF	TRBV28	TRBJ1-1
CASSLGNEQFF	TRBV11-2	TRBJ2-1
CASSLNSNQPQHF	TRBV19	TRBJ1-5
CASSSNSNQPQHF	TRBV2	TRBJ1-5
CASSSQGGELFF	TRBV7-2	TRBJ2-2
CASSTQGGEQYF	TRBV9	TRBJ2-7
CASSGGQQETQYF	TRBV9	TRBJ2-5
CASSRGQQETQYF	TRBV28	TRBJ2-5
CASGRGGTEAFF	TRBV6-6	TRBJ1-1
CASTRGGTEAFF	TRBV19	TRBJ1-1
CSVSQGQNTEAFF	TRBV29-1	TRBJ1-1
CASSWGQNTEAFF	TRBV5-5	TRBJ1-1
CASSPANYGYTF	TRBV12-4	TRBJ1-2
CASSSANYGYTF	TRBV12-4	TRBJ1-2
CASSSANYGYTF	TRBV12-4	TRBJ1-2
CASSPQGDEQFF	TRBV18	TRBJ2-1
CASSPQGPEQYF	TRBV18	TRBJ2-7
CASSRGIQETQYF	TRBV18	TRBJ2-5
CASSRGQQETQYF	TRBV28	TRBJ2-5
CASSLGNTGELFF	TRBV5-1	TRBJ2-2
CASSLGNTGELFF	TRBV5-1	TRBJ2-2
CASSSGNTGELFF	TRBV7-9	TRBJ2-2
CASSQGGTEAFF	TRBV6-6	TRBJ1-1
CASSQGGREGFF	TRBV7-8	TRBJ2-1
CASSYGQGNYGYTF	TRBV7-9	TRBJ1-2
CASSVGQGNYGYTF	TRBV9	TRBJ1-2
CASSQDRNYGYTF	TRBV14	TRBJ1-2
CASSLDRNYGYTF	TRBV12-3	TRBJ1-2
CASSPQGDEQFF	TRBV18	TRBJ2-1
CASSPPGDEQFF	TRBV28	TRBJ2-1
CASSPPGDEQFF	TRBV28	TRBJ2-1
CASSGGQGTDTQYF	TRBV5-1	TRBJ2-3
CASSLGQGTDTQYF	TRBV5-1	TRBJ2-3
CASSYLAGEQFF	TRBV6-3	TRBJ2-1
CASSLLAGELFF	TRBV28	TRBJ2-2
CASSLGGGTDTQYF	TRBV11-1	TRBJ2-3
CASSLGQGTDTQYF	TRBV5-1	TRBJ2-3
CASSGGAYEQYF	TRBV2	TRBJ2-7
CASSLGAYEQYF	TRBV7-9	TRBJ2-7
CASSRPGYEQYF	TRBV7-2	TRBJ2-7
CASSRPGYEQYF	TRBV7-2	TRBJ2-7
CASSRPGYEQYF	TRBV7-2	TRBJ2-7
CASSRPGYEQYF	TRBV7-2	TRBJ2-7
CASSRDGYEQYF	TRBV19	TRBJ2-7
CASSRDGYEQYF	TRBV19	TRBJ2-7
CASSRDSYEQYF	TRBV5-1	TRBJ2-7
CASGAGETQYF	TRBV6-5	TRBJ2-5
CSAGTGETQYF	TRBV20-1	TRBJ2-5
CASSQGYTEAFF	TRBV7-9	TRBJ1-1
CASSQGGTEAFF	TRBV6-6	TRBJ1-1
CSALTGSYEQYF	TRBV20-1	TRBJ2-7
CASSTGSYEQYF	TRBV19	TRBJ2-7
CASSSAGGELFF	TRBV5-1	TRBJ2-2
CASSSQGGELFF	TRBV7-2	TRBJ2-2
CASSFRETQYF	TRBV5-6	TRBJ2-5
CETSGRETQYF	TRBV30	TRBJ2-5
CASSPNTGELFF	TRBV5-1	TRBJ2-2
CASSQNTGELFF	TRBV9	TRBJ2-2
CASSQNTGELFF	TRBV12-3	TRBJ2-2
CASSLWGYEQYF	TRBV12-3	TRBJ2-7
CASSLMGYEQYF	TRBV5-6	TRBJ2-7
CASSLGTEQFF	TRBV7-2	TRBJ2-1
CASSLNTEAFF	TRBV28	TRBJ1-1
CASRSGNQPQHF	TRBV28	TRBJ1-5
CASREGNQPQHF	TRBV28	TRBJ1-5
CASSHDSYEQYF	TRBV4-2	TRBJ2-7
CASSRDSYEQYF	TRBV5-1	TRBJ2-7
CASSLGLNTEAFF	TRBV28	TRBJ1-1
CASSLGSNTEAFF	TRBV12-3	TRBJ1-1
CASSYSTEAFF	TRBV5-6	TRBJ1-1
CASSYSYEQYF	TRBV5-1	TRBJ2-7
CASSLGGNEQFF	TRBV12-3	TRBJ2-1
CASSWGGNEQYF	TRBV28	TRBJ2-7
CSARQGNTEAFF	TRBV20-1	TRBJ1-1
CSGKQGNTEAFF	TRBV29-1	TRBJ1-1
CASSTSSYNEQFF	TRBV12-4	TRBJ2-1
CSASVSSYNEQFF	TRBV20-1	TRBJ2-1
CASSLYNEQFF	TRBV5-4	TRBJ2-1
CASSHYNEQFF	TRBV3-1	TRBJ2-1
CASSLSYEQYF	TRBV28	TRBJ2-7
CASSYSYEQYF	TRBV5-1	TRBJ2-7
CSAPSSYEQYF	TRBV20-1	TRBJ2-7
CSAPSSYEQYF	TRBV20-1	TRBJ2-7
CASSTTGGALGYTF	TRBV6-1	TRBJ1-2
CASSTTGGALGYTF	TRBV6-1	TRBJ1-2
CASSTTGGALGYTF	TRBV6-1	TRBJ1-2
CASSSASSNQPQHF	TRBV19	TRBJ1-5
CASSSASSNQPQHF	TRBV19	TRBJ1-5
CASSPMTGHTGELFF	TRBV19	TRBJ2-2
CASSPMTGHTGELFF	TRBV19	TRBJ2-2
CASSPMTGHTGELFF	TRBV19	TRBJ2-2
CASSQESSGTYNEQFF	TRBV4-1	TRBJ2-1
CASSQESSGTYNEQFF	TRBV4-1	TRBJ2-1
CASSQGWADSYEQYF	TRBV4-3	TRBJ2-7
CASSQGWADSYEQYF	TRBV4-3	TRBJ2-7
CASSGSNSPLHF	TRBV9	TRBJ1-6
CASSGSNSPLHF	TRBV9	TRBJ1-6
CASSGSNSPLHF	TRBV9	TRBJ1-6
CATSRSHNTDTQYF	TRBV15	TRBJ2-3
CATSRSHNTDTQYF	TRBV15	TRBJ2-3
CASSVWGISGEQFF	TRBV9	TRBJ2-1
CASSVWGISGEQFF	TRBV9	TRBJ2-1
CASSLRPGDSYEQYF	TRBV5-6	TRBJ2-7
CASSLRPGDSYEQYF	TRBV5-6	TRBJ2-7
CASKGVNTEAFF	TRBV5-1	TRBJ1-1
CASKGVNTEAFF	TRBV5-1	TRBJ1-1
CASKGVNTEAFF	TRBV5-1	TRBJ1-1
CASSHTGQGGWGAKNIQYF	TRBV6-5	TRBJ2-4
CASSHTGQGGWGAKNIQYF	TRBV6-5	TRBJ2-4
CSARGDPYEQYF	TRBV20-1	TRBJ2-7
CSARGDPYEQYF	TRBV20-1	TRBJ2-7
CASSQGSSGSSYNEQFF	TRBV4-2	TRBJ2-1
CASSQGSSGSSYNEQFF	TRBV4-1	TRBJ2-1
CASSPLGRGVGETQYF	TRBV27	TRBJ2-5
CASSPLGRGVGETQYF	TRBV27	TRBJ2-5
CASSHGGSEQFF	TRBV12-3	TRBJ2-1
CASSHGGSEQFF	TRBV12-3	TRBJ2-1
CASSFTGTEQFF	TRBV28	TRBJ2-1
CASSFTGTEQFF	TRBV28	TRBJ2-1
CATHDGNTEAFF	TRBV28	TRBJ1-1
CATHDGNTEAFF	TRBV28	TRBJ1-1
CATSRGSLAGVGQETQYF	TRBV15	TRBJ2-5
CATSRGSLAGVGQETQYF	TRBV15	TRBJ2-5
CATSRGSLAGVGQETQYF	TRBV15	TRBJ2-5
CASSPQTRYEQYF	TRBV3-1	TRBJ2-7
CASSPQTRYEQYF	TRBV3-1	TRBJ2-7
CASSHEQGANEKLFF	TRBV28	TRBJ1-4
CASSHEQGANEKLFF	TRBV28	TRBJ1-4
CASSYSIGNTGELFF	TRBV6-5	TRBJ2-2
CASSYSIGNTGELFF	TRBV6-5	TRBJ2-2
CASSLTGGDYNEQFF	TRBV7-3	TRBJ2-1
CASSLTGGDYNEQFF	TRBV7-3	TRBJ2-1
CASGYGGAYYGYTF	TRBV28	TRBJ1-2
CASGYGGAYYGYTF	TRBV28	TRBJ1-2
CASGYGGAYYGYTF	TRBV28	TRBJ1-2
CSARVSGTEAFF	TRBV20-1	TRBJ1-1
CSARVSGTEAFF	TRBV20-1	TRBJ1-1
CASSYGRIASTDTQYF	TRBV19	TRBJ2-3
CASSYGRIASTDTQYF	TRBV19	TRBJ2-3
CSVGQIEAFF	TRBV29-1	TRBJ1-1
CSVGQIEAFF	TRBV29-1	TRBJ1-1
CASSQTATDTQYF	TRBV4-1	TRBJ2-3
CASSQTATDTQYF	TRBV4-1	TRBJ2-3
CASSQEGSANTGELFF	TRBV2	TRBJ2-2
CASSQEGSANTGELFF	TRBV2	TRBJ2-2
CASKMRGFLAKNIQYF	TRBV28	TRBJ2-4
CASKMRGFLAKNIQYF	TRBV28	TRBJ2-4
CSATRTARNQPQHF	TRBV20-1	TRBJ1-5
CSATRTARNQPQHF	TRBV20-1	TRBJ1-5
CSATRTARNQPQHF	TRBV20-1	TRBJ1-5
CASSTGMNTEAFF	TRBV4-2	TRBJ1-1
CASSTGMNTEAFF	TRBV4-2	TRBJ1-1
CASSIVEPGEQYF	TRBV19	TRBJ2-7
CASSIVEPGEQYF	TRBV19	TRBJ2-7
CASSIVEPGEQYF	TRBV19	TRBJ2-7
CASSIVEPGEQYF	TRBV19	TRBJ2-7
CARYQVRTGAGSPLHF	TRBV25-1	TRBJ1-6
CARYQVRTGAGSPLHF	TRBV25-1	TRBJ1-6
CASKAATASYEQYF	TRBV19	TRBJ2-7
CASKAATASYEQYF	TRBV19	TRBJ2-7
CASSFGSSDPQHF	TRBV7-9	TRBJ1-5
CASSFGSSDPQHF	TRBV7-9	TRBJ1-5
CATQDGMNTEAFF	TRBV10-1	TRBJ1-1
CATQDGMNTEAFF	TRBV10-1	TRBJ1-1
CATQDGMNTEAFF	TRBV10-1	TRBJ1-1
CASSPGTPRDEQFF	TRBV6-5	TRBJ2-1
CASSPGTPRDEQFF	TRBV6-5	TRBJ2-1
CASSPGTPRDEQFF	TRBV6-5	TRBJ2-1
CASSYPHLGRTGHTEAFF	TRBV28	TRBJ1-1
CASSYPHLGRTGHTEAFF	TRBV28	TRBJ1-1
CSARDLYRMNTEAFF	TRBV20-1	TRBJ1-1
CSARDLYRMNTEAFF	TRBV20-1	TRBJ1-1
CSARDLYRMNTEAFF	TRBV20-1	TRBJ1-1
CASSYGQNTGELFF	TRBV6-5	TRBJ2-2
CASSYGQNTGELFF	TRBV6-5	TRBJ2-2
CASTGGEVDKNIQYF	TRBV27	TRBJ2-4
CASTGGEVDKNIQYF	TRBV27	TRBJ2-4
CSAMYEGAEGLRGYEQYF	TRBV20-1	TRBJ2-7
CSAMYEGAEGLRGYEQYF	TRBV20-1	TRBJ2-7
CASRDWAYEQYF	TRBV6-5	TRBJ2-7
CASRDWAYEQYF	TRBV6-6	TRBJ2-7
CASSLPTDSYEQYF	TRBV28	TRBJ2-7
CASSLPTDSYEQYF	TRBV28	TRBJ2-7
CASSLPTDSYEQYF	TRBV28	TRBJ2-7
CASSLPTDSYEQYF	TRBV28	TRBJ2-7
CASNDLTGTSSMNTEAFF	TRBV19	TRBJ1-1
CASNDLTGTSSMNTEAFF	TRBV19	TRBJ1-1
CSARAFAGRSYEQYF	TRBV20-1	TRBJ2-7
CSARAFAGRSYEQYF	TRBV20-1	TRBJ2-7
CSARAFAGRSYEQYF	TRBV20-1	TRBJ2-7
CASRPDLGGYEQYF	TRBV12-3	TRBJ2-7
CASRPDLGGYEQYF	TRBV12-3	TRBJ2-7
CASRPDLGGYEQYF	TRBV12-4	TRBJ2-7
CASRPDLGGYEQYF	TRBV12-4	TRBJ2-7
CASRPDLGGYEQYF	TRBV12-3	TRBJ2-7
CASSFGDTQYF	TRBV25-1	TRBJ2-3
CASSFGDTQYF	TRBV25-1	TRBJ2-3
CASSLEGDYRSYEQYF	TRBV28	TRBJ2-7
CASSLEGDYRSYEQYF	TRBV28	TRBJ2-7
CASSLSGRANEQFF	TRBV5-1	TRBJ2-1
CASSLSGRANEQFF	TRBV5-1	TRBJ2-1
CASSYRVSTEAFF	TRBV5-5	TRBJ1-1
CASSYRVSTEAFF	TRBV5-5	TRBJ1-1
CASSVRGGDDSGANVLTF	TRBV9	TRBJ2-6
CASSVRGGDDSGANVLTF	TRBV9	TRBJ2-6
CATSRDRGVVNEQYF	TRBV15	TRBJ2-7
CATSRDRGVVNEQYF	TRBV15	TRBJ2-7
CASSDRGLTDTQYF	TRBV27	TRBJ2-3
CASSDRGLTDTQYF	TRBV27	TRBJ2-3
CASSDRGLTDTQYF	TRBV27	TRBJ2-3
CASSDRGLTDTQYF	TRBV27	TRBJ2-3
CASSQDQGPYYEQYF	TRBV3-1	TRBJ2-7
CASSQDQGPYYEQYF	TRBV3-1	TRBJ2-7
CASSVEGSSYNEQFF	TRBV9	TRBJ2-1
CASSVEGSSYNEQFF	TRBV9	TRBJ2-1
CASSVEGSSYNEQFF	TRBV9	TRBJ2-1
CASSVEGSSYNEQFF	TRBV9	TRBJ2-1
CASSVEGSSYNEQFF	TRBV9	TRBJ2-1
CASSVEGSSYNEQFF	TRBV9	TRBJ2-1
CSAPPGLAGGGEQFF	TRBV20-1	TRBJ2-1
CSAPPGLAGGGEQFF	TRBV20-1	TRBJ2-1
CSARDQEASSYNEQFF	TRBV20-1	TRBJ2-1
CSARDQEASSYNEQFF	TRBV20-1	TRBJ2-1
CASSVGDSGRRDEQFF	TRBV9	TRBJ2-1
CASSVGDSGRRDEQFF	TRBV9	TRBJ2-1
CASSPATGGHEQFF	TRBV6-5	TRBJ2-1
CASSPATGGHEQFF	TRBV6-5	TRBJ2-1
