index,pattern,Fisher_score,number_subject, number_unique_cdr3,final_score,hla_score,vb_score,expansion_score,length_score,cluster_size_score,type,TcRb,V,J,TcRa,Sample,Freq,HLA-A,HLA-B,HLA-C,HLA-DPA1,HLA-DPB1,HLA-DQA1,HLA-DQB1,HLA-DRB1,HLA-DRB3,HLA-DRB4,HLA-DRB5
1,T%SGSYNE,2.2e-06,2,3,5.3e-08,1.0e+00,2.0e-01,4.2e-02,1.0e-03,6.2e-03,global-T%SGSYNE,CATTTSGSYNEQFF,TRBV7-9,TRBJ2-1,CAGGFGGANNLFF,Z_HD02:HD,0.000678,-,-,-,-,-,-,-,-,-,-,-
1,T%SGSYNE,2.2e-06,2,3,5.3e-08,1.0e+00,2.0e-01,4.2e-02,1.0e-03,6.2e-03,global-T%SGSYNE,CASTTSGSYNEQFF,TRBV5-6,TRBJ2-1,CALSEGSETSYDKVIF,Z_HD05:HD,0.002336,-,-,-,-,-,-,-,-,-,-,-
1,T%SGSYNE,2.2e-06,2,3,5.3e-08,1.0e+00,2.0e-01,4.2e-02,1.0e-03,6.2e-03,global-T%SGSYNE,CASTASGSYNEQFF,TRBV6-1,TRBJ2-1,CAAPLKAAGNKLTF,Z_HD05:HD,0.000779,-,-,-,-,-,-,-,-,-,-,-

2,SP%YNE,7.2e-06,2,4,4.8e-07,1.0e+00,3.2e-01,6.3e-01,1.0e-03,2.3e-03,global-SP%YNE,CASSPLYNEQFF,TRBV7-9,TRBJ2-1,CAASEENTGNQFYF,Z_HD02:HD,0.000678,-,-,-,-,-,-,-,-,-,-,-
2,SP%YNE,7.2e-06,2,4,4.8e-07,1.0e+00,3.2e-01,6.3e-01,1.0e-03,2.3e-03,global-SP%YNE,CASSPVYNEQFF,TRBV6-1,TRBJ2-1,CALIGGSEKLVF,Z_HD04:HD,0.000781,-,-,-,-,-,-,-,-,-,-,-
2,SP%YNE,7.2e-06,2,4,4.8e-07,1.0e+00,3.2e-01,6.3e-01,1.0e-03,2.3e-03,global-SP%YNE,CASSPGYNEQFF,TRBV28,TRBJ2-1,CAVSGRGGSNYKLTF,Z_HD02:HD,0.000678,-,-,-,-,-,-,-,-,-,-,-
2,SP%YNE,7.2e-06,2,4,4.8e-07,1.0e+00,3.2e-01,6.3e-01,1.0e-03,2.3e-03,global-SP%YNE,CASSPFYNEQFF,TRBV10-2,TRBJ2-1,CVCLTGNQFYF,Z_HD04:HD,0.000781,-,-,-,-,-,-,-,-,-,-,-

3,SRGLA%GSYE,8.8e-06,1,2,3.1e-07,1.0e+00,7.1e-02,1.5e-01,1.0e-03,2.9e-02,global-SRGLA%GSYE,CATSRGLAGGSYEQYF,TRBV15,TRBJ2-7,CAVRDVDYQLIW,Z_HD04:HD,0.000781,-,-,-,-,-,-,-,-,-,-,-
3,SRGLA%GSYE,8.8e-06,1,2,3.1e-07,1.0e+00,7.1e-02,1.5e-01,1.0e-03,2.9e-02,global-SRGLA%GSYE,CASSRGLASGSYEQYF,TRBV7-8,TRBJ2-7,CAARGGFQKLVF,Z_HD04:HD,0.000781,-,-,-,-,-,-,-,-,-,-,-

4,SPRSGGRT%,8.8e-06,1,2,2.9e-07,1.0e+00,6.1e-02,1.6e-01,1.0e-03,2.9e-02,global-SPRSGGRT%,CASSPRSGGRTEAFF,TRBV3-1,TRBJ1-1,CAYYGGSQGNLIF,Z_HD04:HD,0.000781,-,-,-,-,-,-,-,-,-,-,-
4,SPRSGGRT%,8.8e-06,1,2,2.9e-07,1.0e+00,6.1e-02,1.6e-01,1.0e-03,2.9e-02,global-SPRSGGRT%,CASSPRSGGRTTQYF,TRBV6-5,TRBJ2-5,CAVMGNSGGSNYKLTF,Z_HD04:HD,0.000781,-,-,-,-,-,-,-,-,-,-,-

5,SEG%GYTGE,8.8e-06,2,2,6.7e-07,1.0e+00,6.9e-02,3.3e-01,1.0e-03,2.9e-02,global-SEG%GYTGE,CASSEGQGYTGELFF,TRBV2,TRBJ2-2,CRDPGNNRKLIW,Z_HD04:HD,0.000781,-,-,-,-,-,-,-,-,-,-,-
5,SEG%GYTGE,8.8e-06,2,2,6.7e-07,1.0e+00,6.9e-02,3.3e-01,1.0e-03,2.9e-02,global-SEG%GYTGE,CASSEGPGYTGELFF,TRBV6-1,TRBJ2-2,CIVRANRDDKIIF,Z_HD05:HD,0.000779,-,-,-,-,-,-,-,-,-,-,-

6,QPGQG%TDT,8.8e-06,2,2,9.9e-07,1.0e+00,5.3e-02,6.4e-01,1.0e-03,2.9e-02,global-QPGQG%TDT,CASQPGQGTTDTQYF,TRBV6-4,TRBJ2-3,CAVSDLNKLSF,Z_HD04:HD,0.000781,-,-,-,-,-,-,-,-,-,-,-
6,QPGQG%TDT,8.8e-06,2,2,9.9e-07,1.0e+00,5.3e-02,6.4e-01,1.0e-03,2.9e-02,global-QPGQG%TDT,CQQQPGQGATDTQYF,TRBV21-1,TRBJ2-3,CAGPSQGGSEKLVF,Z_HD02:HD,0.000678,-,-,-,-,-,-,-,-,-,-,-

7,RDR%SGRPSYNE,8.8e-06,1,2,1.1e-08,1.0e+00,1.0e-03,3.9e-01,1.0e-03,2.9e-02,global-RDR%SGRPSYNE,CSARDRASGRPSYNEQFF,TRBV20-1,TRBJ2-1,CAAVSPGNMLTF,Z_HD05:HD,0.000779,-,-,-,-,-,-,-,-,-,-,-
7,RDR%SGRPSYNE,8.8e-06,1,2,1.1e-08,1.0e+00,1.0e-03,3.9e-01,1.0e-03,2.9e-02,global-RDR%SGRPSYNE,CSARDRTSGRPSYNEQFF,TRBV20-1,TRBJ2-1,CAAVNAGNMLTF,Z_HD05:HD,0.000779,-,-,-,-,-,-,-,-,-,-,-

8,SVALEG%,8.8e-06,2,2,7.6e-07,1.0e+00,7.7e-02,3.4e-01,1.0e-03,2.9e-02,global-SVALEG%,CASSVALEGTQYF,TRBV6-4,TRBJ2-3,CAGGLGNQGGKLIF,Z_HD04:HD,0.000781,-,-,-,-,-,-,-,-,-,-,-
8,SVALEG%,8.8e-06,2,2,7.6e-07,1.0e+00,7.7e-02,3.4e-01,1.0e-03,2.9e-02,global-SVALEG%,CASSVALEGEQYF,TRBV9,TRBJ2-7,CAAYMDSSYKLIF,Z_HD05:HD,0.000779,-,-,-,-,-,-,-,-,-,-,-

9,TRLAGD%NE,8.8e-06,2,2,2.6e-08,1.0e+00,1.0e-03,8.8e-01,1.0e-03,2.9e-02,global-TRLAGD%NE,CSATRLAGDRNEQFF,TRBV20-1,TRBJ2-1,CAVEAPTPPMDSNYQLIW,Z_HD05:HD,0.000779,-,-,-,-,-,-,-,-,-,-,-
9,TRLAGD%NE,8.8e-06,2,2,2.6e-08,1.0e+00,1.0e-03,8.8e-01,1.0e-03,2.9e-02,global-TRLAGD%NE,CSATRLAGDYNEQFF,TRBV20-1,TRBJ2-1,CVGTDKLIF,Z_HD02:HD,0.000678,-,-,-,-,-,-,-,-,-,-,-

10,SLVRE%G,8.8e-06,2,2,4.8e-07,1.0e+00,4.7e-02,3.5e-01,1.0e-03,2.9e-02,global-SLVRE%G,CASSLVREEGYTF,TRBV7-9,TRBJ1-2,CAVVTGANNLFF,Z_HD04:HD,0.000781,-,-,-,-,-,-,-,-,-,-,-
10,SLVRE%G,8.8e-06,2,2,4.8e-07,1.0e+00,4.7e-02,3.5e-01,1.0e-03,2.9e-02,global-SLVRE%G,CASSLVRENGYTF,TRBV12-4,TRBJ1-2,CAVSPGANNLFF,Z_HD05:HD,0.000779,-,-,-,-,-,-,-,-,-,-,-

11,Q%VYSNQP,8.8e-06,2,2,1.6e-06,1.0e+00,6.6e-02,8.6e-01,1.0e-03,2.9e-02,global-Q%VYSNQP,CSAQTVYSNQPQHF,TRBV20-1,TRBJ1-5,CAAIPRAGGGADGLTF,Z_HD02:HD,0.000678,-,-,-,-,-,-,-,-,-,-,-
11,Q%VYSNQP,8.8e-06,2,2,1.6e-06,1.0e+00,6.6e-02,8.6e-01,1.0e-03,2.9e-02,global-Q%VYSNQP,CASQAVYSNQPQHF,TRBV2,TRBJ1-5,CAVSNYGGSQGNLIF,Z_HD05:HD,0.000779,-,-,-,-,-,-,-,-,-,-,-

12,SYRGA%TDT,2.6e-05,2,2,5.9e-07,1.0e+00,6.1e-02,3.3e-01,1.0e-03,2.9e-02,global-SYRGA%TDT,CASSYRGAGTDTQYF,TRBV6-6,TRBJ2-3,CAVDRYGGSQGNLIF,Z_HD04:HD,0.000781,-,-,-,-,-,-,-,-,-,-,-
12,SYRGA%TDT,2.6e-05,2,2,5.9e-07,1.0e+00,6.1e-02,3.3e-01,1.0e-03,2.9e-02,global-SYRGA%TDT,CASSYRGASTDTQYF,TRBV6-5,TRBJ2-3,CAHQPSSNTGKLIF,Z_HD05:HD,0.000779,-,-,-,-,-,-,-,-,-,-,-

13,SSPGRG%E,2.6e-05,2,2,6.6e-07,1.0e+00,6.7e-02,3.4e-01,1.0e-03,2.9e-02,global-SSPGRG%E,CASSSPGRGYEQYF,TRBV7-6,TRBJ2-7,CAMRFRDDKIIF,Z_HD05:HD,0.000779,-,-,-,-,-,-,-,-,-,-,-
13,SSPGRG%E,2.6e-05,2,2,6.6e-07,1.0e+00,6.7e-02,3.4e-01,1.0e-03,2.9e-02,global-SSPGRG%E,CASSSPGRGTEAFF,TRBV7-2,TRBJ1-1,CADRGAQKLVF,Z_HD04:HD,0.000781,-,-,-,-,-,-,-,-,-,-,-

14,SQDR%SSNQP,2.6e-05,2,2,6.5e-07,1.0e+00,6.3e-02,3.5e-01,1.0e-03,2.9e-02,global-SQDR%SSNQP,CASSQDRGSSNQPQHF,TRBV4-1,TRBJ1-5,CLVGDNNTDKLIF,Z_HD05:HD,0.000779,-,-,-,-,-,-,-,-,-,-,-
14,SQDR%SSNQP,2.6e-05,2,2,6.5e-07,1.0e+00,6.3e-02,3.5e-01,1.0e-03,2.9e-02,global-SQDR%SSNQP,CASSQDRDSSNQPQHF,TRBV5-1,TRBJ1-5,CAVVSMNTGNQFYF,Z_HD04:HD,0.000781,-,-,-,-,-,-,-,-,-,-,-

15,%RSGGNQP,5.3e-05,2,2,1.7e-06,1.0e+00,7.0e-02,8.5e-01,1.0e-03,2.9e-02,global-%RSGGNQP,CASRRSGGNQPQHF,TRBV6-1,TRBJ1-5,CAVRPRGGADGLTF,Z_HD02:HD,0.000678,-,-,-,-,-,-,-,-,-,-,-
15,%RSGGNQP,5.3e-05,2,2,1.7e-06,1.0e+00,7.0e-02,8.5e-01,1.0e-03,2.9e-02,global-%RSGGNQP,CASSRSGGNQPQHF,TRBV3-1,TRBJ1-5,CAFMKPSQGGSEKLVF,Z_HD05:HD,0.000779,-,-,-,-,-,-,-,-,-,-,-

16,S%LPDYE,5.3e-05,1,2,2.4e-08,1.0e+00,6.0e-02,1.4e-02,1.0e-03,2.9e-02,global-S%LPDYE,CASSGLPDYEQYF,TRBV28,TRBJ2-7,CAIGGFKTIF,Z_HD02:HD,0.002714,-,-,-,-,-,-,-,-,-,-,-
16,S%LPDYE,5.3e-05,1,2,2.4e-08,1.0e+00,6.0e-02,1.4e-02,1.0e-03,2.9e-02,global-S%LPDYE,CASSLLPDYEQYF,TRBV5-1,TRBJ2-7,CALMDSNYQLIW,Z_HD02:HD,0.000678,-,-,-,-,-,-,-,-,-,-,-

17,%HSSYNE,8.8e-05,2,2,6.2e-07,1.0e+00,6.5e-02,3.3e-01,1.0e-03,2.9e-02,global-%HSSYNE,CSVPHSSYNEQFF,TRBV29-1,TRBJ2-1,CIVIERGRDDKIIF,Z_HD05:HD,0.000779,-,-,-,-,-,-,-,-,-,-,-
17,%HSSYNE,8.8e-05,2,2,6.2e-07,1.0e+00,6.5e-02,3.3e-01,1.0e-03,2.9e-02,global-%HSSYNE,CASSHSSYNEQFF,TRBV7-9,TRBJ2-1,CAVNDSSYKLIF,Z_HD04:HD,0.000781,-,-,-,-,-,-,-,-,-,-,-

18,SIGG%P,8.8e-05,1,2,2.9e-08,1.0e+00,1.0e-03,1.0e+00,1.0e-03,2.9e-02,global-SIGG%P,CASSIGGRPQHF,TRBV19,TRBJ1-5,CGTEERDSGYALNF,Z_HD02:HD,0.000678,-,-,-,-,-,-,-,-,-,-,-
18,SIGG%P,8.8e-05,1,2,2.9e-08,1.0e+00,1.0e-03,1.0e+00,1.0e-03,2.9e-02,global-SIGG%P,CASSIGGQPQHF,TRBV19,TRBJ1-5,CALSGVQNAGKSTF,Z_HD02:HD,0.000678,-,-,-,-,-,-,-,-,-,-,-

19,SV%QAYE,8.8e-05,2,2,2.5e-08,1.0e+00,1.0e-03,8.7e-01,1.0e-03,2.9e-02,global-SV%QAYE,CAWSVLQAYEQYF,TRBV30,TRBJ2-7,CATGFTGTASKLTF,Z_HD05:HD,0.000779,-,-,-,-,-,-,-,-,-,-,-
19,SV%QAYE,8.8e-05,2,2,2.5e-08,1.0e+00,1.0e-03,8.7e-01,1.0e-03,2.9e-02,global-SV%QAYE,CAWSVGQAYEQYF,TRBV30,TRBJ2-7,CAKGNTPLVF,Z_HD02:HD,0.000678,-,-,-,-,-,-,-,-,-,-,-

20,SE%GSYNSP,8.8e-05,2,2,6.8e-07,1.0e+00,6.7e-02,3.5e-01,1.0e-03,2.9e-02,global-SE%GSYNSP,CSASETGSYNSPLHF,TRBV20-1,TRBJ1-6,CAVRSGDDKIIF,Z_HD05:HD,0.000779,-,-,-,-,-,-,-,-,-,-,-
20,SE%GSYNSP,8.8e-05,2,2,6.8e-07,1.0e+00,6.7e-02,3.5e-01,1.0e-03,2.9e-02,global-SE%GSYNSP,CAISEEGSYNSPLHF,TRBV10-3,TRBJ1-6,CATDARDFNKFYF,Z_HD04:HD,0.000781,-,-,-,-,-,-,-,-,-,-,-

21,SPF%NE,8.8e-05,2,2,1.4e-06,1.0e+00,7.6e-02,6.4e-01,1.0e-03,2.9e-02,global-SPF%NE,CASSPFPNEQFF,TRBV6-6,TRBJ2-1,CAGHNNDMRF,Z_HD02:HD,0.000678,-,-,-,-,-,-,-,-,-,-,-
21,SPF%NE,8.8e-05,2,2,1.4e-06,1.0e+00,7.6e-02,6.4e-01,1.0e-03,2.9e-02,global-SPF%NE,CASSPFYNEQFF,TRBV10-2,TRBJ2-1,CVCLTGNQFYF,Z_HD04:HD,0.000781,-,-,-,-,-,-,-,-,-,-,-

22,TSAH,1.0e-04,1,3,1.7e-04,1.0e+00,1.9e-01,3.2e-01,4.7e-01,6.2e-03,motif-TSAH,CASSEDTGTSAHNEQFF,TRBV6-1,TRBJ2-1,CAVNMIIQGAQKLVF,Z_HD05:HD,0.000779,-,-,-,-,-,-,-,-,-,-,-
22,TSAH,1.0e-04,1,3,1.7e-04,1.0e+00,1.9e-01,3.2e-01,4.7e-01,6.2e-03,motif-TSAH,CASSPGTSAHNWNF,TRBV7-2,TRBJ2-7,CAVSPTLTGANSKLTF,Z_HD05:HD,0.000779,-,-,-,-,-,-,-,-,-,-,-
22,TSAH,1.0e-04,1,3,1.7e-04,1.0e+00,1.9e-01,3.2e-01,4.7e-01,6.2e-03,motif-TSAH,CASSQQTSAHRNEQFF,TRBV4-1,TRBJ2-1,CALSALGAGNNRKLIW,Z_HD05:HD,0.000779,-,-,-,-,-,-,-,-,-,-,-

23,GRME,1.2e-04,2,3,9.7e-06,1.0e+00,1.7e-01,2.1e-01,4.3e-02,6.2e-03,motif-GRME,CASSFGGRMEPQHF,TRBV7-6,TRBJ1-5,CAVTAGSNYKLTF,Z_HD04:HD,0.000781,-,-,-,-,-,-,-,-,-,-,-
23,GRME,1.2e-04,2,3,9.7e-06,1.0e+00,1.7e-01,2.1e-01,4.3e-02,6.2e-03,motif-GRME,CASRSAGGGRMETQYF,TRBV7-9,TRBJ2-5,CIVRVENTGNQFYF,Z_HD04:HD,0.000781,-,-,-,-,-,-,-,-,-,-,-
23,GRME,1.2e-04,2,3,9.7e-06,1.0e+00,1.7e-01,2.1e-01,4.3e-02,6.2e-03,motif-GRME,CASSIGRMERNYGYTF,TRBV19,TRBJ1-2,CAVYGGSQGNLIF,Z_HD05:HD,0.000779,-,-,-,-,-,-,-,-,-,-,-

24,S%RTG,1.3e-04,1,2,2.0e-06,1.0e+00,6.7e-02,1.0e+00,1.0e-03,2.9e-02,global-S%RTG,CASSPRTGKFF,TRBV28,TRBJ2-1,CALTRYNNAGNMLTF,Z_HD02:HD,0.000678,-,-,-,-,-,-,-,-,-,-,-
24,S%RTG,1.3e-04,1,2,2.0e-06,1.0e+00,6.7e-02,1.0e+00,1.0e-03,2.9e-02,global-S%RTG,CASSERTGQFF,TRBV6-1,TRBJ2-1,CLVVDTGFQKLVF,Z_HD02:HD,0.000678,-,-,-,-,-,-,-,-,-,-,-

25,SF%SGET,1.3e-04,1,2,7.8e-07,1.0e+00,6.6e-02,4.1e-01,1.0e-03,2.9e-02,global-SF%SGET,CASSFESGETQYF,TRBV6-3,TRBJ2-5,CASLGSYDKVIF,Z_HD05:HD,0.000779,-,-,-,-,-,-,-,-,-,-,-
25,SF%SGET,1.3e-04,1,2,7.8e-07,1.0e+00,6.6e-02,4.1e-01,1.0e-03,2.9e-02,global-SF%SGET,CASSFTSGETQYF,TRBV28,TRBJ2-5,CAEKEDSNYQLIW,Z_HD05:HD,0.000779,-,-,-,-,-,-,-,-,-,-,-

26,SLG%AKNI,1.3e-04,2,2,1.8e-06,1.0e+00,7.3e-02,8.5e-01,1.0e-03,2.9e-02,global-SLG%AKNI,CASSLGLAKNIQYF,TRBV7-9,TRBJ2-4,CAMRGRVGNQFYF,Z_HD02:HD,0.000678,-,-,-,-,-,-,-,-,-,-,-
26,SLG%AKNI,1.3e-04,2,2,1.8e-06,1.0e+00,7.3e-02,8.5e-01,1.0e-03,2.9e-02,global-SLG%AKNI,CASSLGEAKNIQYF,TRBV5-1,TRBJ2-4,CAVIGVTGGGNKLTF,Z_HD05:HD,0.000779,-,-,-,-,-,-,-,-,-,-,-

27,SRTG%SSYE,1.3e-04,2,2,1.5e-06,1.0e+00,5.8e-02,8.7e-01,1.0e-03,2.9e-02,global-SRTG%SSYE,CASSRTGDSSYEQYF,TRBV7-9,TRBJ2-7,CAYNTGANSKLTF,Z_HD05:HD,0.000779,-,-,-,-,-,-,-,-,-,-,-
27,SRTG%SSYE,1.3e-04,2,2,1.5e-06,1.0e+00,5.8e-02,8.7e-01,1.0e-03,2.9e-02,global-SRTG%SSYE,CASSRTGVSSYEQYF,TRBV18,TRBJ2-7,CADIKGAQKLVF,Z_HD02:HD,0.000678,-,-,-,-,-,-,-,-,-,-,-

28,SVL%GNQP,1.3e-04,1,2,8.5e-07,1.0e+00,6.5e-02,4.5e-01,1.0e-03,2.9e-02,global-SVL%GNQP,CASSVLTGNQPQHF,TRBV2,TRBJ1-5,CAYRSARGATNKLIF,Z_HD05:HD,0.000779,-,-,-,-,-,-,-,-,-,-,-
28,SVL%GNQP,1.3e-04,1,2,8.5e-07,1.0e+00,6.5e-02,4.5e-01,1.0e-03,2.9e-02,global-SVL%GNQP,CASSVLQGNQPQHF,TRBV19,TRBJ1-5,CAVPNSGGSNYKLTF,Z_HD05:HD,0.000779,-,-,-,-,-,-,-,-,-,-,-

29,SPGQ%GYG,1.3e-04,2,2,1.3e-06,1.0e+00,7.1e-02,6.5e-01,1.0e-03,2.9e-02,global-SPGQ%GYG,CASSPGQGGYGYTF,TRBV7-6,TRBJ1-2,CALGLYTDKLIF,Z_HD02:HD,0.000678,-,-,-,-,-,-,-,-,-,-,-
29,SPGQ%GYG,1.3e-04,2,2,1.3e-06,1.0e+00,7.1e-02,6.5e-01,1.0e-03,2.9e-02,global-SPGQ%GYG,CASSPGQPGYGYTF,TRBV5-1,TRBJ1-2,CAFSTRYGGATNKLIF,Z_HD04:HD,0.000781,-,-,-,-,-,-,-,-,-,-,-

30,SFRTSG%TDT,1.8e-04,2,2,2.1e-06,1.0e+00,8.4e-02,8.5e-01,1.0e-03,2.9e-02,global-SFRTSG%TDT,CASSFRTSGITDTQYF,TRBV5-6,TRBJ2-3,CAVRDDSGGGADGLTF,Z_HD02:HD,0.000678,-,-,-,-,-,-,-,-,-,-,-
30,SFRTSG%TDT,1.8e-04,2,2,2.1e-06,1.0e+00,8.4e-02,8.5e-01,1.0e-03,2.9e-02,global-SFRTSG%TDT,CASSFRTSGGTDTQYF,TRBV7-9,TRBJ2-3,CAMSLGGYNKLIF,Z_HD05:HD,0.000779,-,-,-,-,-,-,-,-,-,-,-

31,STP%ET,1.8e-04,1,2,1.4e-06,1.0e+00,4.9e-02,1.0e+00,1.0e-03,2.9e-02,global-STP%ET,CASSTPFETQYF,TRBV7-2,TRBJ2-5,CALRGNTPLVF,Z_HD02:HD,0.000678,-,-,-,-,-,-,-,-,-,-,-
31,STP%ET,1.8e-04,1,2,1.4e-06,1.0e+00,4.9e-02,1.0e+00,1.0e-03,2.9e-02,global-STP%ET,CASSTPQETQYF,TRBV11-2,TRBJ2-5,CAASRMGSQGNLIF,Z_HD02:HD,0.000678,-,-,-,-,-,-,-,-,-,-,-

32,S%AQGE,1.8e-04,1,2,2.9e-08,1.0e+00,1.0e-03,1.0e+00,1.0e-03,2.9e-02,global-S%AQGE,CASSLAQGEQFF,TRBV7-2,TRBJ2-1,CAGSKAAGNKLTF,Z_HD02:HD,0.000678,-,-,-,-,-,-,-,-,-,-,-
32,S%AQGE,1.8e-04,1,2,2.9e-08,1.0e+00,1.0e-03,1.0e+00,1.0e-03,2.9e-02,global-S%AQGE,CASSVAQGEQYF,TRBV7-2,TRBJ2-7,CAVSKAAGNKLTF,Z_HD02:HD,0.000678,-,-,-,-,-,-,-,-,-,-,-

33,S%EET,2.0e-04,3,3,2.5e-08,1.0e+00,7.0e-03,5.8e-01,1.0e-03,6.2e-03,global-S%EET,CASSGEETQYF,TRBV2,TRBJ2-5,CAADLQGAQKLVF,Z_HD02:HD,0.000678,-,-,-,-,-,-,-,-,-,-,-
33,S%EET,2.0e-04,3,3,2.5e-08,1.0e+00,7.0e-03,5.8e-01,1.0e-03,6.2e-03,global-S%EET,CASSEEETQYF,TRBV2,TRBJ2-5,CAASKPRRDKIIF,Z_HD05:HD,0.000779,-,-,-,-,-,-,-,-,-,-,-
33,S%EET,2.0e-04,3,3,2.5e-08,1.0e+00,7.0e-03,5.8e-01,1.0e-03,6.2e-03,global-S%EET,CASSQEETQYF,TRBV14,TRBJ2-5,CVVITGWDMRF,Z_HD04:HD,0.000781,-,-,-,-,-,-,-,-,-,-,-

34,SGQGT%T,2.4e-04,1,2,2.9e-07,1.0e+00,6.8e-02,1.5e-01,1.0e-03,2.9e-02,global-SGQGT%T,CASSGQGTETQYF,TRBV7-3,TRBJ2-5,CAASIWEKLSF,Z_HD04:HD,0.000781,-,-,-,-,-,-,-,-,-,-,-
34,SGQGT%T,2.4e-04,1,2,2.9e-07,1.0e+00,6.8e-02,1.5e-01,1.0e-03,2.9e-02,global-SGQGT%T,CASSGQGTDTQYF,TRBV10-1,TRBJ2-3,CAYRSVEGGSEKLVF,Z_HD04:HD,0.000781,-,-,-,-,-,-,-,-,-,-,-

35,SR%SGTYE,2.4e-04,2,2,1.1e-06,1.0e+00,6.3e-02,6.2e-01,1.0e-03,2.9e-02,global-SR%SGTYE,CSASRRSGTYEQYF,TRBV20-1,TRBJ2-7,CLLLKTSYDKVIF,Z_HD04:HD,0.000781,-,-,-,-,-,-,-,-,-,-,-
35,SR%SGTYE,2.4e-04,2,2,1.1e-06,1.0e+00,6.3e-02,6.2e-01,1.0e-03,2.9e-02,global-SR%SGTYE,CASSRTSGTYEQYF,TRBV6-5,TRBJ2-7,CAGRAGTASKLTF,Z_HD02:HD,0.000678,-,-,-,-,-,-,-,-,-,-,-

36,GP%,3.1e-04,1,2,3.1e-07,1.0e+00,7.2e-02,1.5e-01,1.0e-03,2.9e-02,global-GP%,CATGPGYTF,TRBV19,TRBJ1-2,CAVRDPNQGGKLIF,Z_HD04:HD,0.000781,-,-,-,-,-,-,-,-,-,-,-
36,GP%,3.1e-04,1,2,3.1e-07,1.0e+00,7.2e-02,1.5e-01,1.0e-03,2.9e-02,global-GP%,CVAGPEAFF,TRBV7-9,TRBJ1-1,CALSDQGGGGADGLTF,Z_HD04:HD,0.000781,-,-,-,-,-,-,-,-,-,-,-

37,%RDGNYG,3.1e-04,2,2,6.4e-07,1.0e+00,6.4e-02,3.4e-01,1.0e-03,2.9e-02,global-%RDGNYG,CASSRDGNYGYTF,TRBV11-2,TRBJ1-2,CVVNNNFNKFYF,Z_HD05:HD,0.000779,-,-,-,-,-,-,-,-,-,-,-
37,%RDGNYG,3.1e-04,2,2,6.4e-07,1.0e+00,6.4e-02,3.4e-01,1.0e-03,2.9e-02,global-%RDGNYG,CASKRDGNYGYTF,TRBV6-5,TRBJ1-2,CAVKGNYGQNFVF,Z_HD04:HD,0.000781,-,-,-,-,-,-,-,-,-,-,-

38,S%RDRNYE,3.1e-04,2,2,6.6e-08,1.0e+00,5.4e-02,4.2e-02,1.0e-03,2.9e-02,global-S%RDRNYE,CASSHRDRNYEQYF,TRBV7-9,TRBJ2-7,CAVNRDTDKLIF,Z_HD05:HD,0.001558,-,-,-,-,-,-,-,-,-,-,-
38,S%RDRNYE,3.1e-04,2,2,6.6e-08,1.0e+00,5.4e-02,4.2e-02,1.0e-03,2.9e-02,global-S%RDRNYE,CASSTRDRNYEQYF,TRBV19,TRBJ2-7,CAENWGGTSYGKLTF,Z_HD04:HD,0.000781,-,-,-,-,-,-,-,-,-,-,-

39,SRT%YNE,3.1e-04,2,2,1.4e-06,1.0e+00,7.5e-02,6.5e-01,1.0e-03,2.9e-02,global-SRT%YNE,CASSRTIYNEQFF,TRBV6-4,TRBJ2-1,CAVERTQGGSEKLVF,Z_HD04:HD,0.000781,-,-,-,-,-,-,-,-,-,-,-
39,SRT%YNE,3.1e-04,2,2,1.4e-06,1.0e+00,7.5e-02,6.5e-01,1.0e-03,2.9e-02,global-SRT%YNE,CASSRTSYNEQFF,TRBV6-5,TRBJ2-1,CAPLNAGNMLTF,Z_HD02:HD,0.000678,-,-,-,-,-,-,-,-,-,-,-

40,SL%GTDT,3.8e-04,2,3,6.3e-07,1.0e+00,1.1e-01,9.5e-01,1.0e-03,6.2e-03,global-SL%GTDT,CASSLAGTDTQYF,TRBV5-1,TRBJ2-3,CAGIYNQGGKLIF,Z_HD02:HD,0.000678,-,-,-,-,-,-,-,-,-,-,-
40,SL%GTDT,3.8e-04,2,3,6.3e-07,1.0e+00,1.1e-01,9.5e-01,1.0e-03,6.2e-03,global-SL%GTDT,CASSLGGTDTQYF,TRBV7-2,TRBJ2-3,CVVGSGYSTLTF,Z_HD05:HD,0.000779,-,-,-,-,-,-,-,-,-,-,-
40,SL%GTDT,3.8e-04,2,3,6.3e-07,1.0e+00,1.1e-01,9.5e-01,1.0e-03,6.2e-03,global-SL%GTDT,CASSLRGTDTQYF,TRBV5-1,TRBJ2-3,CAFMNRDDKIIF,Z_HD02:HD,0.000678,-,-,-,-,-,-,-,-,-,-,-

41,SLGP%ET,3.9e-04,2,2,1.5e-06,1.0e+00,6.2e-02,8.6e-01,1.0e-03,2.9e-02,global-SLGP%ET,CASSLGPQETQYF,TRBV7-2,TRBJ2-5,CALKPLNSGYALNF,Z_HD05:HD,0.000779,-,-,-,-,-,-,-,-,-,-,-
41,SLGP%ET,3.9e-04,2,2,1.5e-06,1.0e+00,6.2e-02,8.6e-01,1.0e-03,2.9e-02,global-SLGP%ET,CASSLGPAETQYF,TRBV12-3,TRBJ2-5,CATAPGAQKLVF,Z_HD02:HD,0.000678,-,-,-,-,-,-,-,-,-,-,-

42,SQG%,3.9e-04,1,2,2.9e-08,1.0e+00,1.0e-03,1.0e+00,1.0e-03,2.9e-02,global-SQG%,CASSQGEQFF,TRBV4-1,TRBJ2-1,CAVGYDYGQNFVF,Z_HD02:HD,0.000678,-,-,-,-,-,-,-,-,-,-,-
42,SQG%,3.9e-04,1,2,2.9e-08,1.0e+00,1.0e-03,1.0e+00,1.0e-03,2.9e-02,global-SQG%,CASSQGQTIF,TRBV4-1,TRBJ1-2,CAVGLEYGNKLVF,Z_HD02:HD,0.000678,-,-,-,-,-,-,-,-,-,-,-

43,SES%GNTE,3.9e-04,2,2,6.9e-07,1.0e+00,7.0e-02,3.4e-01,1.0e-03,2.9e-02,global-SES%GNTE,CASSESGGNTEAFF,TRBV6-1,TRBJ1-1,CAVIGGGSYIPTF,Z_HD05:HD,0.000779,-,-,-,-,-,-,-,-,-,-,-
43,SES%GNTE,3.9e-04,2,2,6.9e-07,1.0e+00,7.0e-02,3.4e-01,1.0e-03,2.9e-02,global-SES%GNTE,CASSESFGNTEAFF,TRBV10-1,TRBJ1-1,CAAGGANNLFF,Z_HD04:HD,0.000781,-,-,-,-,-,-,-,-,-,-,-

44,SLGGA%QP,3.9e-04,2,2,1.2e-06,1.0e+00,6.6e-02,6.3e-01,1.0e-03,2.9e-02,global-SLGGA%QP,CASSLGGANQPQHF,TRBV5-1,TRBJ1-5,CALSDQGDDKIIF,Z_HD02:HD,0.000678,-,-,-,-,-,-,-,-,-,-,-
44,SLGGA%QP,3.9e-04,2,2,1.2e-06,1.0e+00,6.6e-02,6.3e-01,1.0e-03,2.9e-02,global-SLGGA%QP,CASSLGGAGQPQHF,TRBV27,TRBJ1-5,CIGFGSNYKLTF,Z_HD04:HD,0.000781,-,-,-,-,-,-,-,-,-,-,-

45,SL%GAAE,3.9e-04,1,2,8.4e-07,1.0e+00,6.8e-02,4.2e-01,1.0e-03,2.9e-02,global-SL%GAAE,CASSLRGAAEQFF,TRBV7-9,TRBJ2-1,CALDHGSSNTGKLIF,Z_HD05:HD,0.000779,-,-,-,-,-,-,-,-,-,-,-
45,SL%GAAE,3.9e-04,1,2,8.4e-07,1.0e+00,6.8e-02,4.2e-01,1.0e-03,2.9e-02,global-SL%GAAE,CASSLSGAAEAFF,TRBV12-3,TRBJ1-1,CAVSDRWNNDMRF,Z_HD05:HD,0.000779,-,-,-,-,-,-,-,-,-,-,-

46,R%PGNTE,3.9e-04,2,2,1.2e-07,1.0e+00,7.9e-02,5.3e-02,1.0e-03,2.9e-02,global-R%PGNTE,CASRPPGNTEAFF,TRBV7-9,TRBJ1-1,CAFMKGRDDKIIF,Z_HD04:HD,0.001563,-,-,-,-,-,-,-,-,-,-,-
46,R%PGNTE,3.9e-04,2,2,1.2e-07,1.0e+00,7.9e-02,5.3e-02,1.0e-03,2.9e-02,global-R%PGNTE,CASRLPGNTEAFF,TRBV12-3,TRBJ1-1,CAAPEGNSDMRF,Z_HD02:HD,0.000678,-,-,-,-,-,-,-,-,-,-,-

47,SPP%GNE,4.8e-04,2,2,1.9e-06,1.0e+00,7.4e-02,8.7e-01,1.0e-03,2.9e-02,global-SPP%GNE,CASSPPPGNEQFF,TRBV18,TRBJ2-1,CAVYGGSQGNLIF,Z_HD05:HD,0.000779,-,-,-,-,-,-,-,-,-,-,-
47,SPP%GNE,4.8e-04,2,2,1.9e-06,1.0e+00,7.4e-02,8.7e-01,1.0e-03,2.9e-02,global-SPP%GNE,CASSPPVGNEQFF,TRBV12-4,TRBJ2-1,CAVRNNNARLMF,Z_HD02:HD,0.000678,-,-,-,-,-,-,-,-,-,-,-

48,SLSGA%E,4.8e-04,1,2,7.2e-07,1.0e+00,5.7e-02,4.4e-01,1.0e-03,2.9e-02,global-SLSGA%E,CASSLSGAGEQYF,TRBV5-1,TRBJ2-7,CAMSAGNNARLMF,Z_HD05:HD,0.000779,-,-,-,-,-,-,-,-,-,-,-
48,SLSGA%E,4.8e-04,1,2,7.2e-07,1.0e+00,5.7e-02,4.4e-01,1.0e-03,2.9e-02,global-SLSGA%E,CASSLSGAAEAFF,TRBV12-3,TRBJ1-1,CAVSDRWNNDMRF,Z_HD05:HD,0.000779,-,-,-,-,-,-,-,-,-,-,-

49,RD%GGSSYE,4.8e-04,1,2,1.3e-08,1.0e+00,1.0e-03,4.4e-01,1.0e-03,2.9e-02,global-RD%GGSSYE,CSARDQGGSSYEQYF,TRBV20-1,TRBJ2-7,CALVNFGNEKLTF,Z_HD05:HD,0.000779,-,-,-,-,-,-,-,-,-,-,-
49,RD%GGSSYE,4.8e-04,1,2,1.3e-08,1.0e+00,1.0e-03,4.4e-01,1.0e-03,2.9e-02,global-RD%GGSSYE,CSARDGGGSSYEQYF,TRBV20-1,TRBJ2-7,CATNFYTGANSKLTF,Z_HD05:HD,0.000779,-,-,-,-,-,-,-,-,-,-,-

50,SL%GANEK,4.8e-04,2,2,7.1e-07,1.0e+00,7.5e-02,3.3e-01,1.0e-03,2.9e-02,global-SL%GANEK,CASSLQGANEKLFF,TRBV18,TRBJ1-4,CILRDPMNYGGSQGNLIF,Z_HD04:HD,0.000781,-,-,-,-,-,-,-,-,-,-,-
50,SL%GANEK,4.8e-04,2,2,7.1e-07,1.0e+00,7.5e-02,3.3e-01,1.0e-03,2.9e-02,global-SL%GANEK,CASSLPGANEKLFF,TRBV28,TRBJ1-4,CATPEGYSSYKLIF,Z_HD05:HD,0.000779,-,-,-,-,-,-,-,-,-,-,-

51,SSTSG%TDT,4.8e-04,2,2,2.1e-06,1.0e+00,8.2e-02,8.7e-01,1.0e-03,2.9e-02,global-SSTSG%TDT,CASSSTSGWTDTQYF,TRBV7-2,TRBJ2-3,CAMREGQGAQKLVF,Z_HD05:HD,0.000779,-,-,-,-,-,-,-,-,-,-,-
51,SSTSG%TDT,4.8e-04,2,2,2.1e-06,1.0e+00,8.2e-02,8.7e-01,1.0e-03,2.9e-02,global-SSTSG%TDT,CSASSTSGNTDTQYF,TRBV20-1,TRBJ2-3,CAASTSSKLTF,Z_HD02:HD,0.000678,-,-,-,-,-,-,-,-,-,-,-

52,SLG%YE,4.9e-04,3,3,6.8e-07,1.0e+00,1.8e-01,6.1e-01,1.0e-03,6.2e-03,global-SLG%YE,CASSLGYYEQYF,TRBV2,TRBJ2-7,CAVRPNAGNNRKLIW,Z_HD02:HD,0.000678,-,-,-,-,-,-,-,-,-,-,-
52,SLG%YE,4.9e-04,3,3,6.8e-07,1.0e+00,1.8e-01,6.1e-01,1.0e-03,6.2e-03,global-SLG%YE,CASSLGGYEQYF,TRBV11-3,TRBJ2-7,CAASGGGGADGLTF,Z_HD04:HD,0.000781,-,-,-,-,-,-,-,-,-,-,-
52,SLG%YE,4.9e-04,3,3,6.8e-07,1.0e+00,1.8e-01,6.1e-01,1.0e-03,6.2e-03,global-SLG%YE,CASSLGGYEAFF,TRBV12-3,TRBJ1-1,CALINSGGGADGLTF,Z_HD05:HD,0.000779,-,-,-,-,-,-,-,-,-,-,-

53,FLNE,5.7e-04,1,2,1.7e-06,1.0e+00,5.7e-02,1.0e+00,1.0e-03,2.9e-02,motif-FLNE,CAWKGDGSFLNEQFF,TRBV30,TRBJ2-1,CAVSDEVFGNEKLTF,Z_HD02:HD,0.000678,-,-,-,-,-,-,-,-,-,-,-
53,FLNE,5.7e-04,1,2,1.7e-06,1.0e+00,5.7e-02,1.0e+00,1.0e-03,2.9e-02,motif-FLNE,CSASSPVDFLNEQFF,TRBV20-1,TRBJ2-1,CAVEPSNSGNTPLVF,Z_HD02:HD,0.000678,-,-,-,-,-,-,-,-,-,-,-

54,%PGTGGYE,5.7e-04,2,2,6.5e-08,1.0e+00,6.4e-02,3.5e-02,1.0e-03,2.9e-02,global-%PGTGGYE,CASKPGTGGYEQYF,TRBV6-1,TRBJ2-7,CAVSGGSQGNLIF,Z_HD05:HD,0.000779,-,-,-,-,-,-,-,-,-,-,-
54,%PGTGGYE,5.7e-04,2,2,6.5e-08,1.0e+00,6.4e-02,3.5e-02,1.0e-03,2.9e-02,global-%PGTGGYE,CASRPGTGGYEQYF,TRBV5-1,TRBJ2-7,CAVILSGGYQKVTF,Z_HD04:HD,0.001563,-,-,-,-,-,-,-,-,-,-,-

55,SLVA%GE,5.7e-04,2,2,1.3e-06,1.0e+00,6.9e-02,6.6e-01,1.0e-03,2.9e-02,global-SLVA%GE,CASSLVAGGELFF,TRBV5-4,TRBJ2-2,CALGSLYNNNDMRF,Z_HD04:HD,0.000781,-,-,-,-,-,-,-,-,-,-,-
55,SLVA%GE,5.7e-04,2,2,1.3e-06,1.0e+00,6.9e-02,6.6e-01,1.0e-03,2.9e-02,global-SLVA%GE,CASSLVARGELFF,TRBV11-2,TRBJ2-2,CATDAVQGAQKLVF,Z_HD02:HD,0.000678,-,-,-,-,-,-,-,-,-,-,-

56,SPPSS%E,5.7e-04,2,2,1.4e-06,1.0e+00,5.7e-02,8.6e-01,1.0e-03,2.9e-02,global-SPPSS%E,CASSPPSSREQYF,TRBV18,TRBJ2-7,CAVERIGYSTLTF,Z_HD05:HD,0.000779,-,-,-,-,-,-,-,-,-,-,-
56,SPPSS%E,5.7e-04,2,2,1.4e-06,1.0e+00,5.7e-02,8.6e-01,1.0e-03,2.9e-02,global-SPPSS%E,CASSPPSSYEQYF,TRBV27,TRBJ2-7,CVVNTGFGNVLHC,Z_HD02:HD,0.000678,-,-,-,-,-,-,-,-,-,-,-

57,SLTGV%TE,5.7e-04,2,2,1.4e-06,1.0e+00,7.5e-02,6.5e-01,1.0e-03,2.9e-02,global-SLTGV%TE,CASSLTGVNTEAFF,TRBV5-1,TRBJ1-1,CAVSDLSLNRDDKIIF,Z_HD02:HD,0.000678,-,-,-,-,-,-,-,-,-,-,-
57,SLTGV%TE,5.7e-04,2,2,1.4e-06,1.0e+00,7.5e-02,6.5e-01,1.0e-03,2.9e-02,global-SLTGV%TE,CASSLTGVGTEAFF,TRBV28,TRBJ1-1,CAVRDDSWGKFQF,Z_HD04:HD,0.000781,-,-,-,-,-,-,-,-,-,-,-

58,%LRGE,5.7e-04,1,2,9.4e-07,1.0e+00,7.7e-02,4.2e-01,1.0e-03,2.9e-02,global-%LRGE,CSAPLRGEQYF,TRBV29-1,TRBJ2-7,CALFGGRGGNKLTF,Z_HD05:HD,0.000779,-,-,-,-,-,-,-,-,-,-,-
58,%LRGE,5.7e-04,1,2,9.4e-07,1.0e+00,7.7e-02,4.2e-01,1.0e-03,2.9e-02,global-%LRGE,CASSLRGEQYF,TRBV28,TRBJ2-7,CAMSLYSGAGSYQLTF,Z_HD05:HD,0.000779,-,-,-,-,-,-,-,-,-,-,-

59,SL%GYE,5.8e-04,2,3,2.5e-07,1.0e+00,1.9e-01,2.2e-01,1.0e-03,6.2e-03,global-SL%GYE,CASSLGGYEAFF,TRBV12-3,TRBJ1-1,CALINSGGGADGLTF,Z_HD05:HD,0.000779,-,-,-,-,-,-,-,-,-,-,-
59,SL%GYE,5.8e-04,2,3,2.5e-07,1.0e+00,1.9e-01,2.2e-01,1.0e-03,6.2e-03,global-SL%GYE,CASSLGGYEQYF,TRBV11-3,TRBJ2-7,CAASGGGGADGLTF,Z_HD04:HD,0.000781,-,-,-,-,-,-,-,-,-,-,-
59,SL%GYE,5.8e-04,2,3,2.5e-07,1.0e+00,1.9e-01,2.2e-01,1.0e-03,6.2e-03,global-SL%GYE,CASSLTGYEQYF,TRBV7-9,TRBJ2-7,CAMRDLSSGSARQLTF,Z_HD04:HD,0.000781,-,-,-,-,-,-,-,-,-,-,-

60,%PSGTYE,6.7e-04,1,2,1.7e-06,1.0e+00,5.9e-02,1.0e+00,1.0e-03,2.9e-02,global-%PSGTYE,CASGPSGTYEQFF,TRBV27,TRBJ2-1,CGTGKPSGSARQLTF,Z_HD02:HD,0.000678,-,-,-,-,-,-,-,-,-,-,-
60,%PSGTYE,6.7e-04,1,2,1.7e-06,1.0e+00,5.9e-02,1.0e+00,1.0e-03,2.9e-02,global-%PSGTYE,CATSPSGTYEQYF,TRBV24-1,TRBJ2-7,CALSEAQGSGGGADGLTF,Z_HD02:HD,0.000678,-,-,-,-,-,-,-,-,-,-,-

61,S%GLET,6.7e-04,2,2,9.2e-07,1.0e+00,5.1e-02,6.2e-01,1.0e-03,2.9e-02,global-S%GLET,CATSRGLETQYF,TRBV15,TRBJ2-5,CAVGAPGAGSYQLTF,Z_HD02:HD,0.000678,-,-,-,-,-,-,-,-,-,-,-
61,S%GLET,6.7e-04,2,2,9.2e-07,1.0e+00,5.1e-02,6.2e-01,1.0e-03,2.9e-02,global-S%GLET,CASSTGLETQYF,TRBV28,TRBJ2-5,CAMRDLNYNFNKFYF,Z_HD04:HD,0.000781,-,-,-,-,-,-,-,-,-,-,-

62,SFSG%,6.7e-04,2,2,1.6e-06,1.0e+00,6.5e-02,8.6e-01,1.0e-03,2.9e-02,global-SFSG%,CASSFSGELFF,TRBV11-3,TRBJ2-2,CAVGAYSGAGSYQLTF,Z_HD05:HD,0.000779,-,-,-,-,-,-,-,-,-,-,-
62,SFSG%,6.7e-04,2,2,1.6e-06,1.0e+00,6.5e-02,8.6e-01,1.0e-03,2.9e-02,global-SFSG%,CASSFSGSRYF,TRBV11-2,TRBJ2-7,CAENPGGYNKLIF,Z_HD02:HD,0.000678,-,-,-,-,-,-,-,-,-,-,-

63,SYGGA%E,7.8e-04,2,2,1.3e-06,1.0e+00,6.8e-02,6.4e-01,1.0e-03,2.9e-02,global-SYGGA%E,CASSYGGAYEQYF,TRBV28,TRBJ2-7,CAARHPSQGGKLIF,Z_HD02:HD,0.000678,-,-,-,-,-,-,-,-,-,-,-
63,SYGGA%E,7.8e-04,2,2,1.3e-06,1.0e+00,6.8e-02,6.4e-01,1.0e-03,2.9e-02,global-SYGGA%E,CASSYGGATEAFF,TRBV6-6,TRBJ1-1,CAVEPSDSNYQLIW,Z_HD04:HD,0.000781,-,-,-,-,-,-,-,-,-,-,-

64,SI%YE,7.8e-04,1,2,1.7e-06,1.0e+00,5.7e-02,1.0e+00,1.0e-03,2.9e-02,global-SI%YE,CASSIGYEQYF,TRBV19,TRBJ2-7,CAVGAMGYQKVTF,Z_HD02:HD,0.000678,-,-,-,-,-,-,-,-,-,-,-
64,SI%YE,7.8e-04,1,2,1.7e-06,1.0e+00,5.7e-02,1.0e+00,1.0e-03,2.9e-02,global-SI%YE,CASSISYEQYF,TRBV18,TRBJ2-7,CAALGGDTDKLIF,Z_HD02:HD,0.000678,-,-,-,-,-,-,-,-,-,-,-

65,%GGLTDT,9.0e-04,2,2,6.0e-07,1.0e+00,6.0e-02,3.4e-01,1.0e-03,2.9e-02,global-%GGLTDT,CSVPGGLTDTQYF,TRBV20-1,TRBJ2-3,CIVRVRGSQGNLIF,Z_HD05:HD,0.000779,-,-,-,-,-,-,-,-,-,-,-
65,%GGLTDT,9.0e-04,2,2,6.0e-07,1.0e+00,6.0e-02,3.4e-01,1.0e-03,2.9e-02,global-%GGLTDT,CASQGGLTDTQYF,TRBV19,TRBJ2-3,CAFNWKYGNKLVF,Z_HD04:HD,0.000781,-,-,-,-,-,-,-,-,-,-,-

66,SL%VDT,9.0e-04,2,2,5.2e-07,1.0e+00,5.2e-02,3.4e-01,1.0e-03,2.9e-02,global-SL%VDT,CASSLNVDTQYF,TRBV7-9,TRBJ2-3,CAAALLSGTYKYIF,Z_HD05:HD,0.000779,-,-,-,-,-,-,-,-,-,-,-
66,SL%VDT,9.0e-04,2,2,5.2e-07,1.0e+00,5.2e-02,3.4e-01,1.0e-03,2.9e-02,global-SL%VDT,CASSLRVDTQYF,TRBV12-3,TRBJ2-3,CAMSGGTGFQKLVF,Z_HD04:HD,0.000781,-,-,-,-,-,-,-,-,-,-,-

67,SLR%DT,9.0e-04,1,2,3.2e-07,1.0e+00,7.4e-02,1.5e-01,1.0e-03,2.9e-02,global-SLR%DT,CASSLRPDTQYF,TRBV4-3,TRBJ2-3,CATVFNSGGSNYKLTF,Z_HD04:HD,0.000781,-,-,-,-,-,-,-,-,-,-,-
67,SLR%DT,9.0e-04,1,2,3.2e-07,1.0e+00,7.4e-02,1.5e-01,1.0e-03,2.9e-02,global-SLR%DT,CASSLRVDTQYF,TRBV12-3,TRBJ2-3,CAMSGGTGFQKLVF,Z_HD04:HD,0.000781,-,-,-,-,-,-,-,-,-,-,-

68,SL%GRTDT,9.0e-04,2,2,6.1e-07,1.0e+00,6.5e-02,3.2e-01,1.0e-03,2.9e-02,global-SL%GRTDT,CASSLGGRTDTQYF,TRBV5-4,TRBJ2-3,CAARRDGGYNKLIF,Z_HD05:HD,0.000779,-,-,-,-,-,-,-,-,-,-,-
68,SL%GRTDT,9.0e-04,2,2,6.1e-07,1.0e+00,6.5e-02,3.2e-01,1.0e-03,2.9e-02,global-SL%GRTDT,CASSLQGRTDTQYF,TRBV5-1,TRBJ2-3,CLVGDNNARLMF,Z_HD04:HD,0.000781,-,-,-,-,-,-,-,-,-,-,-

69,SP%HE,1.0e-03,1,2,1.2e-07,1.0e+00,6.8e-02,6.3e-02,1.0e-03,2.9e-02,global-SP%HE,CASSPVHEQFF,TRBV18,TRBJ2-1,CAPLIKIQGGSEKLVF,Z_HD02:HD,0.000678,-,-,-,-,-,-,-,-,-,-,-
69,SP%HE,1.0e-03,1,2,1.2e-07,1.0e+00,6.8e-02,6.3e-02,1.0e-03,2.9e-02,global-SP%HE,CASSPGHEQYF,TRBV7-9,TRBJ2-7,CVVFSGGSYIPTF,Z_HD02:HD,0.001357,-,-,-,-,-,-,-,-,-,-,-

70,S%GGYE,1.1e-03,3,3,6.7e-07,1.0e+00,1.9e-01,5.7e-01,1.0e-03,6.2e-03,global-S%GGYE,CASSLGGYEAFF,TRBV12-3,TRBJ1-1,CALINSGGGADGLTF,Z_HD05:HD,0.000779,-,-,-,-,-,-,-,-,-,-,-
70,S%GGYE,1.1e-03,3,3,6.7e-07,1.0e+00,1.9e-01,5.7e-01,1.0e-03,6.2e-03,global-S%GGYE,CATSEGGYEQYF,TRBV24-1,TRBJ2-7,CAGELIGSWGKFQF,Z_HD02:HD,0.000678,-,-,-,-,-,-,-,-,-,-,-
70,S%GGYE,1.1e-03,3,3,6.7e-07,1.0e+00,1.9e-01,5.7e-01,1.0e-03,6.2e-03,global-S%GGYE,CASSLGGYEQYF,TRBV11-3,TRBJ2-7,CAASGGGGADGLTF,Z_HD04:HD,0.000781,-,-,-,-,-,-,-,-,-,-,-

71,SSQG%TE,1.2e-03,2,2,6.5e-07,1.0e+00,6.5e-02,3.4e-01,1.0e-03,2.9e-02,global-SSQG%TE,CASSSQGNTEAFF,TRBV5-1,TRBJ1-1,CALSEPPNTGNQFYF,Z_HD04:HD,0.000781,-,-,-,-,-,-,-,-,-,-,-
71,SSQG%TE,1.2e-03,2,2,6.5e-07,1.0e+00,6.5e-02,3.4e-01,1.0e-03,2.9e-02,global-SSQG%TE,CASSSQGITEAFF,TRBV5-4,TRBJ1-1,CAALLTGFQKLVF,Z_HD05:HD,0.000779,-,-,-,-,-,-,-,-,-,-,-

72,SLGGS%YNE,1.2e-03,2,2,1.4e-06,1.0e+00,5.5e-02,8.7e-01,1.0e-03,2.9e-02,global-SLGGS%YNE,CASSLGGSSYNEQFF,TRBV11-3,TRBJ2-1,CAVNNRDSSYKLIF,Z_HD02:HD,0.000678,-,-,-,-,-,-,-,-,-,-,-
72,SLGGS%YNE,1.2e-03,2,2,1.4e-06,1.0e+00,5.5e-02,8.7e-01,1.0e-03,2.9e-02,global-SLGGS%YNE,CASSLGGSGYNEQFF,TRBV5-1,TRBJ2-1,CIVRVSGSSNTGKLIF,Z_HD05:HD,0.000779,-,-,-,-,-,-,-,-,-,-,-

73,SP%TSTDT,1.2e-03,2,2,2.0e-06,1.0e+00,7.8e-02,8.8e-01,1.0e-03,2.9e-02,global-SP%TSTDT,CASSPGTSTDTQYF,TRBV6-6,TRBJ2-3,CIVFISGNTGKLIF,Z_HD02:HD,0.000678,-,-,-,-,-,-,-,-,-,-,-
73,SP%TSTDT,1.2e-03,2,2,2.0e-06,1.0e+00,7.8e-02,8.8e-01,1.0e-03,2.9e-02,global-SP%TSTDT,CASSPTTSTDTQYF,TRBV3-1,TRBJ2-3,CAETYPHMRF,Z_HD05:HD,0.000779,-,-,-,-,-,-,-,-,-,-,-

74,SE%GQET,1.2e-03,1,2,1.9e-06,1.0e+00,6.5e-02,1.0e+00,1.0e-03,2.9e-02,global-SE%GQET,CASSEWGQETQYF,TRBV25-1,TRBJ2-5,CALSERRRDNQGGKLIF,Z_HD02:HD,0.000678,-,-,-,-,-,-,-,-,-,-,-
74,SE%GQET,1.2e-03,1,2,1.9e-06,1.0e+00,6.5e-02,1.0e+00,1.0e-03,2.9e-02,global-SE%GQET,CASSEVGQETQYF,TRBV6-1,TRBJ2-5,CAEMTDSWGKLQF,Z_HD02:HD,0.000678,-,-,-,-,-,-,-,-,-,-,-

75,SLGG%GANV,1.2e-03,1,2,2.2e-06,1.0e+00,7.4e-02,1.0e+00,1.0e-03,2.9e-02,global-SLGG%GANV,CTSSLGGSGANVLTF,TRBV11-3,TRBJ2-6,CVPFDTDKLIF,Z_HD02:HD,0.000678,-,-,-,-,-,-,-,-,-,-,-
75,SLGG%GANV,1.2e-03,1,2,2.2e-06,1.0e+00,7.4e-02,1.0e+00,1.0e-03,2.9e-02,global-SLGG%GANV,CASSLGGAGANVLTF,TRBV9,TRBJ2-6,CALSDSGYSTLTF,Z_HD02:HD,0.000678,-,-,-,-,-,-,-,-,-,-,-

76,SL%GVGTE,1.2e-03,2,2,5.4e-07,1.0e+00,6.1e-02,3.1e-01,1.0e-03,2.9e-02,global-SL%GVGTE,CASSLLGVGTEAFF,TRBV12-3,TRBJ1-1,CAASAGTNAGKSTF,Z_HD05:HD,0.000779,-,-,-,-,-,-,-,-,-,-,-
76,SL%GVGTE,1.2e-03,2,2,5.4e-07,1.0e+00,6.1e-02,3.1e-01,1.0e-03,2.9e-02,global-SL%GVGTE,CASSLTGVGTEAFF,TRBV28,TRBJ1-1,CAVRDDSWGKFQF,Z_HD04:HD,0.000781,-,-,-,-,-,-,-,-,-,-,-

77,SL%GNEK,1.2e-03,2,2,4.9e-10,1.0e+00,1.0e-03,1.7e-02,1.0e-03,2.9e-02,global-SL%GNEK,CASSLDGNEKLFF,TRBV5-6,TRBJ1-4,CAMSLSLNQAGTALIF,Z_HD02:HD,0.000678,-,-,-,-,-,-,-,-,-,-,-
77,SL%GNEK,1.2e-03,2,2,4.9e-10,1.0e+00,1.0e-03,1.7e-02,1.0e-03,2.9e-02,global-SL%GNEK,CASSLLGNEKLFF,TRBV5-6,TRBJ1-4,CAFMKPESSGTYKYIF,Z_HD04:HD,0.003906,-,-,-,-,-,-,-,-,-,-,-

78,RSS%E,1.3e-03,2,2,1.8e-06,1.0e+00,7.2e-02,8.7e-01,1.0e-03,2.9e-02,global-RSS%E,CASRSSAEAFF,TRBV4-3,TRBJ1-1,CAVGANQAGTALIF,Z_HD02:HD,0.000678,-,-,-,-,-,-,-,-,-,-,-
78,RSS%E,1.3e-03,2,2,1.8e-06,1.0e+00,7.2e-02,8.7e-01,1.0e-03,2.9e-02,global-RSS%E,CASRSSYEQYF,TRBV12-3,TRBJ2-7,CAPGAFTGTASKLTF,Z_HD05:HD,0.000779,-,-,-,-,-,-,-,-,-,-,-

79,SRGG%,1.3e-03,1,2,7.6e-07,1.0e+00,6.3e-02,4.1e-01,1.0e-03,2.9e-02,global-SRGG%,CASSRGGVAFF,TRBV11-2,TRBJ1-1,CAVNRQTGANNLFF,Z_HD05:HD,0.000779,-,-,-,-,-,-,-,-,-,-,-
79,SRGG%,1.3e-03,1,2,7.6e-07,1.0e+00,6.3e-02,4.1e-01,1.0e-03,2.9e-02,global-SRGG%,CASSRGGGYTF,TRBV6-3,TRBJ1-2,CAEDSNYQLIW,Z_HD05:HD,0.000779,-,-,-,-,-,-,-,-,-,-,-

80,SS%NSYE,1.3e-03,2,2,1.9e-06,1.0e+00,7.6e-02,8.8e-01,1.0e-03,2.9e-02,global-SS%NSYE,CASSSRNSYEQYF,TRBV12-4,TRBJ2-7,CAVIPRNTNAGKSTF,Z_HD05:HD,0.000779,-,-,-,-,-,-,-,-,-,-,-
80,SS%NSYE,1.3e-03,2,2,1.9e-06,1.0e+00,7.6e-02,8.8e-01,1.0e-03,2.9e-02,global-SS%NSYE,CSASSANSYEQYF,TRBV20-1,TRBJ2-7,CVVNPPSGSARQLTF,Z_HD02:HD,0.000678,-,-,-,-,-,-,-,-,-,-,-

81,SG%SNTE,1.5e-03,1,2,5.5e-08,1.0e+00,5.6e-02,3.4e-02,1.0e-03,2.9e-02,global-SG%SNTE,CASSGTSNTEAFF,TRBV10-2,TRBJ1-1,CAVRDRRQAGTALIF,Z_HD05:HD,0.001558,-,-,-,-,-,-,-,-,-,-,-
81,SG%SNTE,1.5e-03,1,2,5.5e-08,1.0e+00,5.6e-02,3.4e-02,1.0e-03,2.9e-02,global-SG%SNTE,CAWSGGSNTEAFF,TRBV30,TRBJ1-1,CAARSYNTDKLIF,Z_HD05:HD,0.000779,-,-,-,-,-,-,-,-,-,-,-

82,SPT%STDT,1.5e-03,2,2,6.7e-07,1.0e+00,7.2e-02,3.2e-01,1.0e-03,2.9e-02,global-SPT%STDT,CASSPTGSTDTQYF,TRBV18,TRBJ2-3,CAVQRDSNYQLIW,Z_HD04:HD,0.000781,-,-,-,-,-,-,-,-,-,-,-
82,SPT%STDT,1.5e-03,2,2,6.7e-07,1.0e+00,7.2e-02,3.2e-01,1.0e-03,2.9e-02,global-SPT%STDT,CASSPTTSTDTQYF,TRBV3-1,TRBJ2-3,CAETYPHMRF,Z_HD05:HD,0.000779,-,-,-,-,-,-,-,-,-,-,-

83,SLT%NYG,1.6e-03,2,2,1.6e-06,1.0e+00,6.1e-02,8.8e-01,1.0e-03,2.9e-02,global-SLT%NYG,CASSLTDNYGYTF,TRBV12-3,TRBJ1-2,CAVDSDGQKLLF,Z_HD02:HD,0.000678,-,-,-,-,-,-,-,-,-,-,-
83,SLT%NYG,1.6e-03,2,2,1.6e-06,1.0e+00,6.1e-02,8.8e-01,1.0e-03,2.9e-02,global-SLT%NYG,CASSLTVNYGYTF,TRBV27,TRBJ1-2,CIVRGLQGSGYALNF,Z_HD05:HD,0.000779,-,-,-,-,-,-,-,-,-,-,-

84,S%TSGGSYE,1.8e-03,2,2,9.9e-09,1.0e+00,1.0e-03,3.4e-01,1.0e-03,2.9e-02,global-S%TSGGSYE,CASSLTSGGSYEQYF,TRBV7-2,TRBJ2-7,CAASMYSSASKIIF,Z_HD05:HD,0.000779,-,-,-,-,-,-,-,-,-,-,-
84,S%TSGGSYE,1.8e-03,2,2,9.9e-09,1.0e+00,1.0e-03,3.4e-01,1.0e-03,2.9e-02,global-S%TSGGSYE,CASSRTSGGSYEQYF,TRBV7-2,TRBJ2-7,CAGRGGADGLTF,Z_HD04:HD,0.000781,-,-,-,-,-,-,-,-,-,-,-

85,S%PGGYE,1.8e-03,1,2,2.0e-06,1.0e+00,6.7e-02,1.0e+00,1.0e-03,2.9e-02,global-S%PGGYE,CASSPPGGYEQFF,TRBV7-3,TRBJ2-1,CAVDSSGTYKYIF,Z_HD02:HD,0.000678,-,-,-,-,-,-,-,-,-,-,-
85,S%PGGYE,1.8e-03,1,2,2.0e-06,1.0e+00,6.7e-02,1.0e+00,1.0e-03,2.9e-02,global-S%PGGYE,CASSFPGGYEQYF,TRBV7-9,TRBJ2-7,CAVLHSGAGSYQLTF,Z_HD02:HD,0.000678,-,-,-,-,-,-,-,-,-,-,-

86,SPRTG%E,2.1e-03,1,2,6.8e-07,1.0e+00,5.5e-02,4.3e-01,1.0e-03,2.9e-02,global-SPRTG%E,CASSPRTGGEQYF,TRBV18,TRBJ2-7,CAASPTNTGNQFYF,Z_HD05:HD,0.000779,-,-,-,-,-,-,-,-,-,-,-
86,SPRTG%E,2.1e-03,1,2,6.8e-07,1.0e+00,5.5e-02,4.3e-01,1.0e-03,2.9e-02,global-SPRTG%E,CASSPRTGYEQYF,TRBV7-2,TRBJ2-7,CIVRVKSIQGAQKLVF,Z_HD05:HD,0.000779,-,-,-,-,-,-,-,-,-,-,-

87,SF%NE,2.1e-03,2,2,1.3e-06,1.0e+00,6.9e-02,6.3e-01,1.0e-03,2.9e-02,global-SF%NE,CASSFLNEQFF,TRBV5-8,TRBJ2-1,CAVGGATNKLIF,Z_HD02:HD,0.000678,-,-,-,-,-,-,-,-,-,-,-
87,SF%NE,2.1e-03,2,2,1.3e-06,1.0e+00,6.9e-02,6.3e-01,1.0e-03,2.9e-02,global-SF%NE,CASSFYNEQFF,TRBV28,TRBJ2-1,CAAEEEYGNKLVF,Z_HD04:HD,0.000781,-,-,-,-,-,-,-,-,-,-,-

88,SS%GSNQP,2.1e-03,2,2,1.3e-06,1.0e+00,7.2e-02,6.3e-01,1.0e-03,2.9e-02,global-SS%GSNQP,CASSSTGSNQPQHF,TRBV6-3,TRBJ1-5,CALASYSGGGADGLTF,Z_HD04:HD,0.000781,-,-,-,-,-,-,-,-,-,-,-
88,SS%GSNQP,2.1e-03,2,2,1.3e-06,1.0e+00,7.2e-02,6.3e-01,1.0e-03,2.9e-02,global-SS%GSNQP,CAWSSDGSNQPQHF,TRBV30,TRBJ1-5,CAVRDMRISGNTPLVF,Z_HD02:HD,0.000678,-,-,-,-,-,-,-,-,-,-,-

89,SLA%DE,2.1e-03,2,2,1.4e-06,1.0e+00,7.4e-02,6.3e-01,1.0e-03,2.9e-02,global-SLA%DE,CASSLALDEQFF,TRBV7-9,TRBJ2-1,CAASRHNTGNQFYF,Z_HD04:HD,0.000781,-,-,-,-,-,-,-,-,-,-,-
89,SLA%DE,2.1e-03,2,2,1.4e-06,1.0e+00,7.4e-02,6.3e-01,1.0e-03,2.9e-02,global-SLA%DE,CASSLAGDEQFF,TRBV7-2,TRBJ2-1,CAFMKYNNNDMRF,Z_HD02:HD,0.000678,-,-,-,-,-,-,-,-,-,-,-

90,%QGVNTE,2.3e-03,2,2,5.7e-07,1.0e+00,6.1e-02,3.2e-01,1.0e-03,2.9e-02,global-%QGVNTE,CSVGQGVNTEAFF,TRBV20-1,TRBJ1-1,CEGNNQGGKLIF,Z_HD05:HD,0.000779,-,-,-,-,-,-,-,-,-,-,-
90,%QGVNTE,2.3e-03,2,2,5.7e-07,1.0e+00,6.1e-02,3.2e-01,1.0e-03,2.9e-02,global-%QGVNTE,CASSQGVNTEAFF,TRBV19,TRBJ1-1,CAVRAAFQGAQKLVF,Z_HD04:HD,0.000781,-,-,-,-,-,-,-,-,-,-,-

91,SLGD%,2.7e-03,1,2,2.3e-06,1.0e+00,7.9e-02,1.0e+00,1.0e-03,2.9e-02,global-SLGD%,CASSLGDVQYF,TRBV28,TRBJ2-3,CAGLTPTGANNLFF,Z_HD02:HD,0.000678,-,-,-,-,-,-,-,-,-,-,-
91,SLGD%,2.7e-03,1,2,2.3e-06,1.0e+00,7.9e-02,1.0e+00,1.0e-03,2.9e-02,global-SLGD%,CASSLGDTQYF,TRBV12-4,TRBJ2-3,CAAIPRGGGADGLTF,Z_HD02:HD,0.000678,-,-,-,-,-,-,-,-,-,-,-

92,SSPGQG%YE,2.7e-03,1,2,2.8e-07,1.0e+00,6.4e-02,1.5e-01,1.0e-03,2.9e-02,global-SSPGQG%YE,CASSSPGQGTYEQYF,TRBV11-2,TRBJ2-7,CATDPLPGNTPLVF,Z_HD04:HD,0.000781,-,-,-,-,-,-,-,-,-,-,-
92,SSPGQG%YE,2.7e-03,1,2,2.8e-07,1.0e+00,6.4e-02,1.5e-01,1.0e-03,2.9e-02,global-SSPGQG%YE,CASSSPGQGSYEQYF,TRBV27,TRBJ2-7,CLVEANAGKSTF,Z_HD04:HD,0.000781,-,-,-,-,-,-,-,-,-,-,-

93,SPGQ%NYG,2.7e-03,2,2,1.5e-06,1.0e+00,5.9e-02,8.7e-01,1.0e-03,2.9e-02,global-SPGQ%NYG,CASSPGQGNYGYTF,TRBV7-3,TRBJ1-2,CAVLNNNARLMF,Z_HD02:HD,0.000678,-,-,-,-,-,-,-,-,-,-,-
93,SPGQ%NYG,2.7e-03,2,2,1.5e-06,1.0e+00,5.9e-02,8.7e-01,1.0e-03,2.9e-02,global-SPGQ%NYG,CASSPGQFNYGYTF,TRBV5-1,TRBJ1-2,CAVPPEEGAQKLVF,Z_HD05:HD,0.000779,-,-,-,-,-,-,-,-,-,-,-

94,%GLAKNI,2.7e-03,1,2,2.0e-06,1.0e+00,6.8e-02,1.0e+00,1.0e-03,2.9e-02,global-%GLAKNI,CASSGLAKNIQYF,TRBV6-1,TRBJ2-4,CALNAGNNRKLIW,Z_HD02:HD,0.000678,-,-,-,-,-,-,-,-,-,-,-
94,%GLAKNI,2.7e-03,1,2,2.0e-06,1.0e+00,6.8e-02,1.0e+00,1.0e-03,2.9e-02,global-%GLAKNI,CARIGLAKNIQYF,TRBV12-3,TRBJ2-4,CAVQDSGNTPLVF,Z_HD02:HD,0.000678,-,-,-,-,-,-,-,-,-,-,-

95,SL%ENTE,2.7e-03,2,2,1.4e-06,1.0e+00,5.7e-02,8.7e-01,1.0e-03,2.9e-02,global-SL%ENTE,CASSLAENTEAFF,TRBV7-6,TRBJ1-1,CAVQAWYNQGGKLIF,Z_HD02:HD,0.000678,-,-,-,-,-,-,-,-,-,-,-
95,SL%ENTE,2.7e-03,2,2,1.4e-06,1.0e+00,5.7e-02,8.7e-01,1.0e-03,2.9e-02,global-SL%ENTE,CASSLRENTEAFF,TRBV5-1,TRBJ1-1,CAVRSNDYKLSF,Z_HD05:HD,0.000779,-,-,-,-,-,-,-,-,-,-,-

96,SLGG%QET,2.9e-03,2,2,1.5e-06,1.0e+00,6.0e-02,8.4e-01,1.0e-03,2.9e-02,global-SLGG%QET,CASSLGGAQETQYF,TRBV7-3,TRBJ2-5,CAPGGGSNYKLTF,Z_HD02:HD,0.000678,-,-,-,-,-,-,-,-,-,-,-
96,SLGG%QET,2.9e-03,2,2,1.5e-06,1.0e+00,6.0e-02,8.4e-01,1.0e-03,2.9e-02,global-SLGG%QET,CASSLGGPQETQYF,TRBV7-7,TRBJ2-5,CAARRNTGNQFYF,Z_HD05:HD,0.000779,-,-,-,-,-,-,-,-,-,-,-

97,SLTG%TE,3.2e-03,1,2,4.0e-09,1.0e+00,1.0e-03,1.4e-01,1.0e-03,2.9e-02,global-SLTG%TE,CASSLTGNTEAFF,TRBV5-1,TRBJ1-1,CAVDVDSGGGADGLTF,Z_HD04:HD,0.000781,-,-,-,-,-,-,-,-,-,-,-
97,SLTG%TE,3.2e-03,1,2,4.0e-09,1.0e+00,1.0e-03,1.4e-01,1.0e-03,2.9e-02,global-SLTG%TE,CASSLTGDTEAFF,TRBV5-1,TRBJ1-1,CALRGTTDSWGKFQF,Z_HD04:HD,0.000781,-,-,-,-,-,-,-,-,-,-,-

98,SR%GGNQP,3.2e-03,1,2,7.1e-07,1.0e+00,6.1e-02,4.0e-01,1.0e-03,2.9e-02,global-SR%GGNQP,CASSRTGGNQPQHF,TRBV7-8,TRBJ1-5,CAASRSDQFYF,Z_HD05:HD,0.000779,-,-,-,-,-,-,-,-,-,-,-
98,SR%GGNQP,3.2e-03,1,2,7.1e-07,1.0e+00,6.1e-02,4.0e-01,1.0e-03,2.9e-02,global-SR%GGNQP,CASSRSGGNQPQHF,TRBV3-1,TRBJ1-5,CAFMKPSQGGSEKLVF,Z_HD05:HD,0.000779,-,-,-,-,-,-,-,-,-,-,-

99,ST%NE,3.4e-03,2,2,5.0e-07,1.0e+00,5.6e-02,3.1e-01,1.0e-03,2.9e-02,global-ST%NE,CSASTWNEQYF,TRBV20-1,TRBJ2-7,CAVGAEPVYTGANSKLTF,Z_HD04:HD,0.000781,-,-,-,-,-,-,-,-,-,-,-
99,ST%NE,3.4e-03,2,2,5.0e-07,1.0e+00,5.6e-02,3.1e-01,1.0e-03,2.9e-02,global-ST%NE,CASSTLNEQFF,TRBV7-9,TRBJ2-1,CAVSNPRDDKIIF,Z_HD05:HD,0.000779,-,-,-,-,-,-,-,-,-,-,-

100,SPTGG%YE,3.4e-03,1,2,2.9e-08,1.0e+00,1.0e-03,1.0e+00,1.0e-03,2.9e-02,global-SPTGG%YE,CASSPTGGSYEQYF,TRBV19,TRBJ2-7,CAVGGSEKLVF,Z_HD02:HD,0.000678,-,-,-,-,-,-,-,-,-,-,-
100,SPTGG%YE,3.4e-03,1,2,2.9e-08,1.0e+00,1.0e-03,1.0e+00,1.0e-03,2.9e-02,global-SPTGG%YE,CASSPTGGIYEQYF,TRBV19,TRBJ2-7,CATDAISFQKLVF,Z_HD02:HD,0.000678,-,-,-,-,-,-,-,-,-,-,-

101,S%SGTDT,3.4e-03,2,2,6.0e-07,1.0e+00,6.1e-02,3.4e-01,1.0e-03,2.9e-02,global-S%SGTDT,CASSFSGTDTQYF,TRBV12-3,TRBJ2-3,CAMHANFGNEKLTF,Z_HD05:HD,0.000779,-,-,-,-,-,-,-,-,-,-,-
101,S%SGTDT,3.4e-03,2,2,6.0e-07,1.0e+00,6.1e-02,3.4e-01,1.0e-03,2.9e-02,global-S%SGTDT,CASSKSGTDTQYF,TRBV19,TRBJ2-3,CAVSRGAGNTPLVF,Z_HD04:HD,0.000781,-,-,-,-,-,-,-,-,-,-,-

102,SP%SYNE,3.6e-03,2,2,1.2e-06,1.0e+00,6.1e-02,6.5e-01,1.0e-03,2.9e-02,global-SP%SYNE,CASSPGSYNEQFF,TRBV4-3,TRBJ2-1,CAVSRSGSARQLTF,Z_HD02:HD,0.000678,-,-,-,-,-,-,-,-,-,-,-
102,SP%SYNE,3.6e-03,2,2,1.2e-06,1.0e+00,6.1e-02,6.5e-01,1.0e-03,2.9e-02,global-SP%SYNE,CAWSPASYNEQFF,TRBV30,TRBJ2-1,CAAGTSGSARQLTF,Z_HD04:HD,0.000781,-,-,-,-,-,-,-,-,-,-,-

103,S%GQSNQP,3.6e-03,2,2,1.6e-06,1.0e+00,6.6e-02,8.6e-01,1.0e-03,2.9e-02,global-S%GQSNQP,CASSRGQSNQPQHF,TRBV6-5,TRBJ1-5,CAVGKGGGNKLTF,Z_HD02:HD,0.000678,-,-,-,-,-,-,-,-,-,-,-
103,S%GQSNQP,3.6e-03,2,2,1.6e-06,1.0e+00,6.6e-02,8.6e-01,1.0e-03,2.9e-02,global-S%GQSNQP,CASSYGQSNQPQHF,TRBV6-3,TRBJ1-5,CAFMKPWTNNNARLMF,Z_HD05:HD,0.000779,-,-,-,-,-,-,-,-,-,-,-

104,SFS%E,3.6e-03,2,2,6.8e-07,1.0e+00,7.1e-02,3.3e-01,1.0e-03,2.9e-02,global-SFS%E,CASSFSGELFF,TRBV11-3,TRBJ2-2,CAVGAYSGAGSYQLTF,Z_HD05:HD,0.000779,-,-,-,-,-,-,-,-,-,-,-
104,SFS%E,3.6e-03,2,2,6.8e-07,1.0e+00,7.1e-02,3.3e-01,1.0e-03,2.9e-02,global-SFS%E,CASSFSAEAFF,TRBV5-6,TRBJ1-1,CAVLWSGGSNYKLTF,Z_HD04:HD,0.000781,-,-,-,-,-,-,-,-,-,-,-

105,SLTG%SYE,3.6e-03,2,2,1.6e-06,1.0e+00,6.5e-02,8.6e-01,1.0e-03,2.9e-02,global-SLTG%SYE,CASSLTGTSYEQYF,TRBV7-2,TRBJ2-7,CAERARYSTLTF,Z_HD05:HD,0.000779,-,-,-,-,-,-,-,-,-,-,-
105,SLTG%SYE,3.6e-03,2,2,1.6e-06,1.0e+00,6.5e-02,8.6e-01,1.0e-03,2.9e-02,global-SLTG%SYE,CASSLTGLSYEQYF,TRBV4-2,TRBJ2-7,CAGALEGSNFGNEKLTF,Z_HD02:HD,0.000678,-,-,-,-,-,-,-,-,-,-,-

106,S%LNE,3.6e-03,2,2,1.6e-06,1.0e+00,6.5e-02,8.5e-01,1.0e-03,2.9e-02,global-S%LNE,CASSFLNEQFF,TRBV5-8,TRBJ2-1,CAVGGATNKLIF,Z_HD02:HD,0.000678,-,-,-,-,-,-,-,-,-,-,-
106,S%LNE,3.6e-03,2,2,1.6e-06,1.0e+00,6.5e-02,8.5e-01,1.0e-03,2.9e-02,global-S%LNE,CASSTLNEQFF,TRBV7-9,TRBJ2-1,CAVSNPRDDKIIF,Z_HD05:HD,0.000779,-,-,-,-,-,-,-,-,-,-,-

107,GQG%NTE,3.6e-03,1,2,8.1e-07,1.0e+00,6.3e-02,4.4e-01,1.0e-03,2.9e-02,global-GQG%NTE,CSVGQGVNTEAFF,TRBV20-1,TRBJ1-1,CEGNNQGGKLIF,Z_HD05:HD,0.000779,-,-,-,-,-,-,-,-,-,-,-
107,GQG%NTE,3.6e-03,1,2,8.1e-07,1.0e+00,6.3e-02,4.4e-01,1.0e-03,2.9e-02,global-GQG%NTE,CAWGQGSNTEAFF,TRBV30,TRBJ1-1,CAVRDYNTDKLIF,Z_HD05:HD,0.000779,-,-,-,-,-,-,-,-,-,-,-

108,SLS%YE,3.9e-03,2,2,1.7e-06,1.0e+00,6.9e-02,8.7e-01,1.0e-03,2.9e-02,global-SLS%YE,CASSLSSYEQYF,TRBV5-1,TRBJ2-7,CAASNTGNQFYF,Z_HD02:HD,0.000678,-,-,-,-,-,-,-,-,-,-,-
108,SLS%YE,3.9e-03,2,2,1.7e-06,1.0e+00,6.9e-02,8.7e-01,1.0e-03,2.9e-02,global-SLS%YE,CASSLSDYEQYF,TRBV28,TRBJ2-7,CAASYLRGGFGNVLHC,Z_HD05:HD,0.000779,-,-,-,-,-,-,-,-,-,-,-

109,SLG%T,3.9e-03,2,2,4.9e-06,1.0e+00,1.8e-01,9.4e-01,1.0e-03,2.9e-02,global-SLG%T,CASSLGETQYF,TRBV11-2,TRBJ2-5,CVVKVRNAGNMLTF,Z_HD02:HD,0.000678,-,-,-,-,-,-,-,-,-,-,-
109,SLG%T,3.9e-03,2,2,4.9e-06,1.0e+00,1.8e-01,9.4e-01,1.0e-03,2.9e-02,global-SLG%T,CASSLGETQYF,TRBV2,TRBJ2-5,CAVDDYKLSF,Z_HD05:HD,0.000779,-,-,-,-,-,-,-,-,-,-,-
109,SLG%T,3.9e-03,2,2,4.9e-06,1.0e+00,1.8e-01,9.4e-01,1.0e-03,2.9e-02,global-SLG%T,CASSLGDTQYF,TRBV12-4,TRBJ2-3,CAAIPRGGGADGLTF,Z_HD02:HD,0.000678,-,-,-,-,-,-,-,-,-,-,-

110,S%LYNE,3.9e-03,2,2,1.1e-06,1.0e+00,5.8e-02,6.3e-01,1.0e-03,2.9e-02,global-S%LYNE,CASSPLYNEQFF,TRBV7-9,TRBJ2-1,CAASEENTGNQFYF,Z_HD02:HD,0.000678,-,-,-,-,-,-,-,-,-,-,-
110,S%LYNE,3.9e-03,2,2,1.1e-06,1.0e+00,5.8e-02,6.3e-01,1.0e-03,2.9e-02,global-S%LYNE,CASSRLYNEQFF,TRBV7-2,TRBJ2-1,CVVSRNTGNQFYF,Z_HD04:HD,0.000781,-,-,-,-,-,-,-,-,-,-,-

111,SIG%E,3.9e-03,2,2,1.8e-08,1.0e+00,1.0e-03,6.3e-01,1.0e-03,2.9e-02,global-SIG%E,CASSIGYEQYF,TRBV19,TRBJ2-7,CAVGAMGYQKVTF,Z_HD02:HD,0.000678,-,-,-,-,-,-,-,-,-,-,-
111,SIG%E,3.9e-03,2,2,1.8e-08,1.0e+00,1.0e-03,6.3e-01,1.0e-03,2.9e-02,global-SIG%E,CASSIGAEQYF,TRBV19,TRBJ2-7,CAVRSSGDKLTF,Z_HD04:HD,0.000781,-,-,-,-,-,-,-,-,-,-,-

112,S%GGNTGE,4.1e-03,1,2,6.3e-07,1.0e+00,5.3e-02,4.1e-01,1.0e-03,2.9e-02,global-S%GGNTGE,CASSLGGNTGELFF,TRBV19,TRBJ2-2,CAVNGRHGQNFVF,Z_HD05:HD,0.000779,-,-,-,-,-,-,-,-,-,-,-
112,S%GGNTGE,4.1e-03,1,2,6.3e-07,1.0e+00,5.3e-02,4.1e-01,1.0e-03,2.9e-02,global-S%GGNTGE,CASSPGGNTGELFF,TRBV28,TRBJ2-2,CAADYNDYKLSF,Z_HD05:HD,0.000779,-,-,-,-,-,-,-,-,-,-,-

113,SR%SYNE,4.1e-03,2,2,1.2e-06,1.0e+00,6.5e-02,6.4e-01,1.0e-03,2.9e-02,global-SR%SYNE,CASSRDSYNEQFF,TRBV3-1,TRBJ2-1,CAVGASEYGNKLVF,Z_HD04:HD,0.000781,-,-,-,-,-,-,-,-,-,-,-
113,SR%SYNE,4.1e-03,2,2,1.2e-06,1.0e+00,6.5e-02,6.4e-01,1.0e-03,2.9e-02,global-SR%SYNE,CASSRTSYNEQFF,TRBV6-5,TRBJ2-1,CAPLNAGNMLTF,Z_HD02:HD,0.000678,-,-,-,-,-,-,-,-,-,-,-

114,SE%ET,4.1e-03,1,2,8.0e-07,1.0e+00,6.6e-02,4.1e-01,1.0e-03,2.9e-02,global-SE%ET,CAISEGETQYF,TRBV10-3,TRBJ2-5,CAVRPVSGGSNYKLTF,Z_HD05:HD,0.000779,-,-,-,-,-,-,-,-,-,-,-
114,SE%ET,4.1e-03,1,2,8.0e-07,1.0e+00,6.6e-02,4.1e-01,1.0e-03,2.9e-02,global-SE%ET,CASSEEETQYF,TRBV2,TRBJ2-5,CAASKPRRDKIIF,Z_HD05:HD,0.000779,-,-,-,-,-,-,-,-,-,-,-

115,S%QGNYG,4.1e-03,1,2,3.0e-07,1.0e+00,6.8e-02,1.5e-01,1.0e-03,2.9e-02,global-S%QGNYG,CASSLQGNYGYTF,TRBV7-3,TRBJ1-2,CATDMGGSTLGRLYF,Z_HD04:HD,0.000781,-,-,-,-,-,-,-,-,-,-,-
115,S%QGNYG,4.1e-03,1,2,3.0e-07,1.0e+00,6.8e-02,1.5e-01,1.0e-03,2.9e-02,global-S%QGNYG,CASSYQGNYGYTF,TRBV6-5,TRBJ1-2,CALPLRGGYNKLIF,Z_HD04:HD,0.000781,-,-,-,-,-,-,-,-,-,-,-

116,S%TGGNE,4.4e-03,2,2,1.1e-06,1.0e+00,6.3e-02,6.1e-01,1.0e-03,2.9e-02,global-S%TGGNE,CASSLTGGNEQYF,TRBV28,TRBJ2-7,CAPSAGGTASKLTF,Z_HD02:HD,0.000678,-,-,-,-,-,-,-,-,-,-,-
116,S%TGGNE,4.4e-03,2,2,1.1e-06,1.0e+00,6.3e-02,6.1e-01,1.0e-03,2.9e-02,global-S%TGGNE,CASSVTGGNEQFF,TRBV9,TRBJ2-1,CAAGTGGGGKLIF,Z_HD04:HD,0.000781,-,-,-,-,-,-,-,-,-,-,-

117,SLG%SYNE,4.4e-03,1,2,2.4e-07,1.0e+00,5.8e-02,1.4e-01,1.0e-03,2.9e-02,global-SLG%SYNE,CASSLGISYNEQFF,TRBV7-9,TRBJ2-1,CAGDDMNSGYSTLTF,Z_HD04:HD,0.000781,-,-,-,-,-,-,-,-,-,-,-
117,SLG%SYNE,4.4e-03,1,2,2.4e-07,1.0e+00,5.8e-02,1.4e-01,1.0e-03,2.9e-02,global-SLG%SYNE,CASSLGSSYNEQFF,TRBV10-2,TRBJ2-1,CALNYGNNRLAF,Z_HD04:HD,0.000781,-,-,-,-,-,-,-,-,-,-,-

118,S%TGGNQP,4.6e-03,2,2,5.9e-07,1.0e+00,5.7e-02,3.5e-01,1.0e-03,2.9e-02,global-S%TGGNQP,CASSGTGGNQPQHF,TRBV12-3,TRBJ1-5,CAENAGANSKLTF,Z_HD04:HD,0.000781,-,-,-,-,-,-,-,-,-,-,-
118,S%TGGNQP,4.6e-03,2,2,5.9e-07,1.0e+00,5.7e-02,3.5e-01,1.0e-03,2.9e-02,global-S%TGGNQP,CASSRTGGNQPQHF,TRBV7-8,TRBJ1-5,CAASRSDQFYF,Z_HD05:HD,0.000779,-,-,-,-,-,-,-,-,-,-,-

119,S%TGDTE,4.6e-03,2,2,6.5e-07,1.0e+00,6.3e-02,3.5e-01,1.0e-03,2.9e-02,global-S%TGDTE,CASSLTGDTEAFF,TRBV5-1,TRBJ1-1,CALRGTTDSWGKFQF,Z_HD04:HD,0.000781,-,-,-,-,-,-,-,-,-,-,-
119,S%TGDTE,4.6e-03,2,2,6.5e-07,1.0e+00,6.3e-02,3.5e-01,1.0e-03,2.9e-02,global-S%TGDTE,CASSFTGDTEAFF,TRBV19,TRBJ1-1,CALDYGGSQGNLIF,Z_HD05:HD,0.000779,-,-,-,-,-,-,-,-,-,-,-

120,S%GPYNE,4.9e-03,2,2,5.0e-08,1.0e+00,9.0e-02,1.9e-02,1.0e-03,2.9e-02,global-S%GPYNE,CASSYGPYNEQFF,TRBV7-9,TRBJ2-1,CADLDFGNEKLTF,Z_HD05:HD,0.003894,-,-,-,-,-,-,-,-,-,-,-
120,S%GPYNE,4.9e-03,2,2,5.0e-08,1.0e+00,9.0e-02,1.9e-02,1.0e-03,2.9e-02,global-S%GPYNE,CASSYGPYNEQFF,TRBV11-3,TRBJ2-1,CAVNPGGQKLLF,Z_HD05:HD,0.000779,-,-,-,-,-,-,-,-,-,-,-
120,S%GPYNE,4.9e-03,2,2,5.0e-08,1.0e+00,9.0e-02,1.9e-02,1.0e-03,2.9e-02,global-S%GPYNE,CASSQGPYNEQFF,TRBV7-9,TRBJ2-1,CAYRSEWDDKIIF,Z_HD02:HD,0.000678,-,-,-,-,-,-,-,-,-,-,-

121,SPGQG%YG,5.2e-03,1,2,1.7e-06,1.0e+00,5.8e-02,1.0e+00,1.0e-03,2.9e-02,global-SPGQG%YG,CASSPGQGGYGYTF,TRBV7-6,TRBJ1-2,CALGLYTDKLIF,Z_HD02:HD,0.000678,-,-,-,-,-,-,-,-,-,-,-
121,SPGQG%YG,5.2e-03,1,2,1.7e-06,1.0e+00,5.8e-02,1.0e+00,1.0e-03,2.9e-02,global-SPGQG%YG,CASSPGQGNYGYTF,TRBV7-3,TRBJ1-2,CAVLNNNARLMF,Z_HD02:HD,0.000678,-,-,-,-,-,-,-,-,-,-,-

122,SL%QET,5.2e-03,1,2,1.6e-06,1.0e+00,5.6e-02,1.0e+00,1.0e-03,2.9e-02,global-SL%QET,CASSLYQETQYF,TRBV28,TRBJ2-5,CAMDLNAGNNRKLIW,Z_HD02:HD,0.000678,-,-,-,-,-,-,-,-,-,-,-
122,SL%QET,5.2e-03,1,2,1.6e-06,1.0e+00,5.6e-02,1.0e+00,1.0e-03,2.9e-02,global-SL%QET,CASSLAQETQYF,TRBV7-2,TRBJ2-5,CAASGRKLTF,Z_HD02:HD,0.000678,-,-,-,-,-,-,-,-,-,-,-

123,S%PGGE,5.2e-03,2,2,6.2e-07,1.0e+00,6.4e-02,3.3e-01,1.0e-03,2.9e-02,global-S%PGGE,CASSFPGGELFF,TRBV5-6,TRBJ2-2,CAENLDSGYSTLTF,Z_HD04:HD,0.000781,-,-,-,-,-,-,-,-,-,-,-
123,S%PGGE,5.2e-03,2,2,6.2e-07,1.0e+00,6.4e-02,3.3e-01,1.0e-03,2.9e-02,global-S%PGGE,CASSLPGGEQFF,TRBV5-4,TRBJ2-1,CIVRLNAGNMLTF,Z_HD05:HD,0.000779,-,-,-,-,-,-,-,-,-,-,-

124,S%TGSSYNE,5.2e-03,1,2,1.6e-06,1.0e+00,5.6e-02,1.0e+00,1.0e-03,2.9e-02,global-S%TGSSYNE,CASSETGSSYNEQFF,TRBV2,TRBJ2-1,CATDGGTTDSWGKFQF,Z_HD02:HD,0.000678,-,-,-,-,-,-,-,-,-,-,-
124,S%TGSSYNE,5.2e-03,1,2,1.6e-06,1.0e+00,5.6e-02,1.0e+00,1.0e-03,2.9e-02,global-S%TGSSYNE,CASSQTGSSYNEQFF,TRBV5-4,TRBJ2-1,CAFGKRSTGNQFYF,Z_HD02:HD,0.000678,-,-,-,-,-,-,-,-,-,-,-

125,S%RENTE,5.2e-03,2,2,1.6e-06,1.0e+00,6.2e-02,8.7e-01,1.0e-03,2.9e-02,global-S%RENTE,CASSVRENTEAFF,TRBV7-9,TRBJ1-1,CAVGLVFNKFYF,Z_HD02:HD,0.000678,-,-,-,-,-,-,-,-,-,-,-
125,S%RENTE,5.2e-03,2,2,1.6e-06,1.0e+00,6.2e-02,8.7e-01,1.0e-03,2.9e-02,global-S%RENTE,CASSLRENTEAFF,TRBV5-1,TRBJ1-1,CAVRSNDYKLSF,Z_HD05:HD,0.000779,-,-,-,-,-,-,-,-,-,-,-

126,SL%GTYE,5.5e-03,2,2,1.2e-06,1.0e+00,6.3e-02,6.5e-01,1.0e-03,2.9e-02,global-SL%GTYE,CASSLLGTYEQYF,TRBV6-1,TRBJ2-7,CIVKETSYDKVIF,Z_HD04:HD,0.000781,-,-,-,-,-,-,-,-,-,-,-
126,SL%GTYE,5.5e-03,2,2,1.2e-06,1.0e+00,6.3e-02,6.5e-01,1.0e-03,2.9e-02,global-SL%GTYE,CASSLVGTYEQYF,TRBV7-9,TRBJ2-7,CAASGVTGGGNKLTF,Z_HD02:HD,0.000678,-,-,-,-,-,-,-,-,-,-,-

127,S%GQNTE,5.5e-03,1,2,2.9e-07,1.0e+00,6.6e-02,1.5e-01,1.0e-03,2.9e-02,global-S%GQNTE,CSGSPGQNTEAFF,TRBV29-1,TRBJ1-1,CAATDPTGGFKTIF,Z_HD04:HD,0.000781,-,-,-,-,-,-,-,-,-,-,-
127,S%GQNTE,5.5e-03,1,2,2.9e-07,1.0e+00,6.6e-02,1.5e-01,1.0e-03,2.9e-02,global-S%GQNTE,CASSYGQNTEAFF,TRBV11-2,TRBJ1-1,CAENAQGGKLIF,Z_HD04:HD,0.000781,-,-,-,-,-,-,-,-,-,-,-

128,SPG%NTE,5.5e-03,1,2,3.2e-07,1.0e+00,7.1e-02,1.6e-01,1.0e-03,2.9e-02,global-SPG%NTE,CSGSPGQNTEAFF,TRBV29-1,TRBJ1-1,CAATDPTGGFKTIF,Z_HD04:HD,0.000781,-,-,-,-,-,-,-,-,-,-,-
128,SPG%NTE,5.5e-03,1,2,3.2e-07,1.0e+00,7.1e-02,1.6e-01,1.0e-03,2.9e-02,global-SPG%NTE,CASSPGANTEAFF,TRBV18,TRBJ1-1,CAAFSNYQLIW,Z_HD04:HD,0.000781,-,-,-,-,-,-,-,-,-,-,-

129,SLGT%E,5.8e-03,1,2,1.9e-06,1.0e+00,6.6e-02,1.0e+00,1.0e-03,2.9e-02,global-SLGT%E,CASSLGTGEAFF,TRBV5-1,TRBJ1-1,CILRATGNQFYF,Z_HD02:HD,0.000678,-,-,-,-,-,-,-,-,-,-,-
129,SLGT%E,5.8e-03,1,2,1.9e-06,1.0e+00,6.6e-02,1.0e+00,1.0e-03,2.9e-02,global-SLGT%E,CASSLGTHEQYF,TRBV7-8,TRBJ2-7,CAWSQGNLIF,Z_HD02:HD,0.000678,-,-,-,-,-,-,-,-,-,-,-

130,SRG%ET,6.1e-03,1,2,2.0e-06,1.0e+00,6.9e-02,1.0e+00,1.0e-03,2.9e-02,global-SRG%ET,CATSRGLETQYF,TRBV15,TRBJ2-5,CAVGAPGAGSYQLTF,Z_HD02:HD,0.000678,-,-,-,-,-,-,-,-,-,-,-
130,SRG%ET,6.1e-03,1,2,2.0e-06,1.0e+00,6.9e-02,1.0e+00,1.0e-03,2.9e-02,global-SRG%ET,CASSRGKETQYF,TRBV4-3,TRBJ2-5,CAVKKSSGDKLTF,Z_HD02:HD,0.000678,-,-,-,-,-,-,-,-,-,-,-

131,S%GGAYE,6.1e-03,2,2,1.5e-06,1.0e+00,6.0e-02,8.7e-01,1.0e-03,2.9e-02,global-S%GGAYE,CASSAGGAYEQYF,TRBV10-2,TRBJ2-7,CGTPGGENYGGSQGNLIF,Z_HD05:HD,0.000779,-,-,-,-,-,-,-,-,-,-,-
131,S%GGAYE,6.1e-03,2,2,1.5e-06,1.0e+00,6.0e-02,8.7e-01,1.0e-03,2.9e-02,global-S%GGAYE,CASSYGGAYEQYF,TRBV28,TRBJ2-7,CAARHPSQGGKLIF,Z_HD02:HD,0.000678,-,-,-,-,-,-,-,-,-,-,-

132,SL%DT,6.4e-03,2,2,1.7e-06,1.0e+00,6.7e-02,8.6e-01,1.0e-03,2.9e-02,global-SL%DT,CASSLRDTQYF,TRBV7-2,TRBJ2-3,CALSGIQGAQKLVF,Z_HD05:HD,0.000779,-,-,-,-,-,-,-,-,-,-,-
132,SL%DT,6.4e-03,2,2,1.7e-06,1.0e+00,6.7e-02,8.6e-01,1.0e-03,2.9e-02,global-SL%DT,CASSLGDTQYF,TRBV12-4,TRBJ2-3,CAAIPRGGGADGLTF,Z_HD02:HD,0.000678,-,-,-,-,-,-,-,-,-,-,-

133,S%GGQET,6.4e-03,2,2,1.5e-06,1.0e+00,7.9e-02,6.5e-01,1.0e-03,2.9e-02,global-S%GGQET,CSASHGGQETQYF,TRBV20-1,TRBJ2-5,CAGHLGAGGTSYGKLTF,Z_HD02:HD,0.000678,-,-,-,-,-,-,-,-,-,-,-
133,S%GGQET,6.4e-03,2,2,1.5e-06,1.0e+00,7.9e-02,6.5e-01,1.0e-03,2.9e-02,global-S%GGQET,CASSLGGQETQYF,TRBV5-6,TRBJ2-5,CAVRDRGSNYQLIW,Z_HD04:HD,0.000781,-,-,-,-,-,-,-,-,-,-,-

134,S%DRNYG,6.4e-03,2,2,1.5e-06,1.0e+00,5.9e-02,8.5e-01,1.0e-03,2.9e-02,global-S%DRNYG,CASSPDRNYGYTF,TRBV7-3,TRBJ1-2,CAVRKGAGTASKLTF,Z_HD05:HD,0.000779,-,-,-,-,-,-,-,-,-,-,-
134,S%DRNYG,6.4e-03,2,2,1.5e-06,1.0e+00,5.9e-02,8.5e-01,1.0e-03,2.9e-02,global-S%DRNYG,CASSWDRNYGYTF,TRBV27,TRBJ1-2,CAALERVSGGGADGLTF,Z_HD02:HD,0.000678,-,-,-,-,-,-,-,-,-,-,-

135,SLG%QET,6.4e-03,2,2,5.4e-07,1.0e+00,5.4e-02,3.4e-01,1.0e-03,2.9e-02,global-SLG%QET,CASSLGPQETQYF,TRBV7-2,TRBJ2-5,CALKPLNSGYALNF,Z_HD05:HD,0.000779,-,-,-,-,-,-,-,-,-,-,-
135,SLG%QET,6.4e-03,2,2,5.4e-07,1.0e+00,5.4e-02,3.4e-01,1.0e-03,2.9e-02,global-SLG%QET,CASSLGGQETQYF,TRBV5-6,TRBJ2-5,CAVRDRGSNYQLIW,Z_HD04:HD,0.000781,-,-,-,-,-,-,-,-,-,-,-

136,S%GQGNYG,6.4e-03,2,2,1.2e-06,1.0e+00,6.1e-02,6.6e-01,1.0e-03,2.9e-02,global-S%GQGNYG,CASSSGQGNYGYTF,TRBV19,TRBJ1-2,CAATSPRRRKLIW,Z_HD04:HD,0.000781,-,-,-,-,-,-,-,-,-,-,-
136,S%GQGNYG,6.4e-03,2,2,1.2e-06,1.0e+00,6.1e-02,6.6e-01,1.0e-03,2.9e-02,global-S%GQGNYG,CASSPGQGNYGYTF,TRBV7-3,TRBJ1-2,CAVLNNNARLMF,Z_HD02:HD,0.000678,-,-,-,-,-,-,-,-,-,-,-

137,SLGG%TE,6.7e-03,1,2,9.9e-07,1.0e+00,8.2e-02,4.1e-01,1.0e-03,2.9e-02,global-SLGG%TE,CAWSLGGNTEAFF,TRBV30,TRBJ1-1,CAENRDNQAGTALIF,Z_HD05:HD,0.000779,-,-,-,-,-,-,-,-,-,-,-
137,SLGG%TE,6.7e-03,1,2,9.9e-07,1.0e+00,8.2e-02,4.1e-01,1.0e-03,2.9e-02,global-SLGG%TE,CASSLGGRTEAFF,TRBV7-9,TRBJ1-1,CATDPYTGANSKLTF,Z_HD05:HD,0.000779,-,-,-,-,-,-,-,-,-,-,-

138,R%GTDT,6.7e-03,1,2,1.8e-06,1.0e+00,6.1e-02,1.0e+00,1.0e-03,2.9e-02,global-R%GTDT,CSARQGTDTQYF,TRBV29-1,TRBJ2-3,CATVDSNSGYALNF,Z_HD02:HD,0.000678,-,-,-,-,-,-,-,-,-,-,-
138,R%GTDT,6.7e-03,1,2,1.8e-06,1.0e+00,6.1e-02,1.0e+00,1.0e-03,2.9e-02,global-R%GTDT,CASRGGTDTQYF,TRBV28,TRBJ2-3,CAASASAYKLSF,Z_HD02:HD,0.000678,-,-,-,-,-,-,-,-,-,-,-

139,SLVG%E,7.0e-03,1,2,4.0e-07,1.0e+00,8.7e-02,1.6e-01,1.0e-03,2.9e-02,global-SLVG%E,CASSLVGIEQYF,TRBV5-6,TRBJ2-7,CALRLRSNYQLIW,Z_HD04:HD,0.000781,-,-,-,-,-,-,-,-,-,-,-
139,SLVG%E,7.0e-03,1,2,4.0e-07,1.0e+00,8.7e-02,1.6e-01,1.0e-03,2.9e-02,global-SLVG%E,CASSLVGTEAFF,TRBV7-9,TRBJ1-1,CVVSDQGGYNKLIF,Z_HD04:HD,0.000781,-,-,-,-,-,-,-,-,-,-,-

140,S%GGDE,7.3e-03,2,2,4.8e-07,1.0e+00,5.6e-02,3.0e-01,1.0e-03,2.9e-02,global-S%GGDE,CSASPGGDEQYF,TRBV20-1,TRBJ2-7,CAISGAGSYQLTF,Z_HD05:HD,0.000779,-,-,-,-,-,-,-,-,-,-,-
140,S%GGDE,7.3e-03,2,2,4.8e-07,1.0e+00,5.6e-02,3.0e-01,1.0e-03,2.9e-02,global-S%GGDE,CASSRGGDEQYF,TRBV28,TRBJ2-7,CATAQSYKYIF,Z_HD04:HD,0.000781,-,-,-,-,-,-,-,-,-,-,-

141,SL%GGNE,7.3e-03,2,2,1.3e-06,1.0e+00,5.3e-02,8.7e-01,1.0e-03,2.9e-02,global-SL%GGNE,CASSLTGGNEQYF,TRBV28,TRBJ2-7,CAPSAGGTASKLTF,Z_HD02:HD,0.000678,-,-,-,-,-,-,-,-,-,-,-
141,SL%GGNE,7.3e-03,2,2,1.3e-06,1.0e+00,5.3e-02,8.7e-01,1.0e-03,2.9e-02,global-SL%GGNE,CASSLGGGNEQFF,TRBV7-3,TRBJ2-1,CAVGAMNKLVF,Z_HD05:HD,0.000779,-,-,-,-,-,-,-,-,-,-,-

142,R%GGNTE,7.3e-03,2,2,1.1e-06,1.0e+00,5.9e-02,6.3e-01,1.0e-03,2.9e-02,global-R%GGNTE,CASRAGGNTEAFF,TRBV25-1,TRBJ1-1,CAASIVGFNKFYF,Z_HD04:HD,0.000781,-,-,-,-,-,-,-,-,-,-,-
142,R%GGNTE,7.3e-03,2,2,1.1e-06,1.0e+00,5.9e-02,6.3e-01,1.0e-03,2.9e-02,global-R%GGNTE,CASRQGGNTEAFF,TRBV28,TRBJ1-1,CAAYSGAGSYQLTF,Z_HD02:HD,0.000678,-,-,-,-,-,-,-,-,-,-,-

143,SL%NTE,7.3e-03,2,2,1.4e-06,1.0e+00,7.7e-02,6.2e-01,1.0e-03,2.9e-02,global-SL%NTE,CASSLGNTEAFF,TRBV27,TRBJ1-1,CAASNQAGTALIF,Z_HD04:HD,0.000781,-,-,-,-,-,-,-,-,-,-,-
143,SL%NTE,7.3e-03,2,2,1.4e-06,1.0e+00,7.7e-02,6.2e-01,1.0e-03,2.9e-02,global-SL%NTE,CASSLPNTEAFF,TRBV28,TRBJ1-1,CALITTSGTYKYIF,Z_HD02:HD,0.000678,-,-,-,-,-,-,-,-,-,-,-

144,SL%GDE,7.7e-03,1,2,1.8e-06,1.0e+00,6.2e-02,1.0e+00,1.0e-03,2.9e-02,global-SL%GDE,CASSLMGDEQFF,TRBV28,TRBJ2-1,CAVNGANNLFF,Z_HD02:HD,0.000678,-,-,-,-,-,-,-,-,-,-,-
144,SL%GDE,7.7e-03,1,2,1.8e-06,1.0e+00,6.2e-02,1.0e+00,1.0e-03,2.9e-02,global-SL%GDE,CASSLAGDEQFF,TRBV7-2,TRBJ2-1,CAFMKYNNNDMRF,Z_HD02:HD,0.000678,-,-,-,-,-,-,-,-,-,-,-

145,%STDT,8.4e-03,1,2,2.9e-08,1.0e+00,1.0e-03,1.0e+00,1.0e-03,2.9e-02,global-%STDT,CASSSTDTQYF,TRBV6-5,TRBJ2-3,CAVRGSAGGSYIPTF,Z_HD02:HD,0.000678,-,-,-,-,-,-,-,-,-,-,-
145,%STDT,8.4e-03,1,2,2.9e-08,1.0e+00,1.0e-03,1.0e+00,1.0e-03,2.9e-02,global-%STDT,CATMSTDTQYF,TRBV6-5,TRBJ2-3,CATEPFYGNNRLAF,Z_HD02:HD,0.000678,-,-,-,-,-,-,-,-,-,-,-

146,SL%SYE,8.4e-03,1,2,2.2e-06,1.0e+00,7.5e-02,1.0e+00,1.0e-03,2.9e-02,global-SL%SYE,CASSLDSYEQYF,TRBV12-3,TRBJ2-7,CAASKGYKLVF,Z_HD02:HD,0.000678,-,-,-,-,-,-,-,-,-,-,-
146,SL%SYE,8.4e-03,1,2,2.2e-06,1.0e+00,7.5e-02,1.0e+00,1.0e-03,2.9e-02,global-SL%SYE,CASSLSSYEQYF,TRBV5-1,TRBJ2-7,CAASNTGNQFYF,Z_HD02:HD,0.000678,-,-,-,-,-,-,-,-,-,-,-

147,S%GGNQP,9.1e-03,2,2,6.5e-07,1.0e+00,7.0e-02,3.2e-01,1.0e-03,2.9e-02,global-S%GGNQP,CASSSGGNQPQHF,TRBV27,TRBJ1-5,CAAYSYTGFQKLVF,Z_HD05:HD,0.000779,-,-,-,-,-,-,-,-,-,-,-
147,S%GGNQP,9.1e-03,2,2,6.5e-07,1.0e+00,7.0e-02,3.2e-01,1.0e-03,2.9e-02,global-S%GGNQP,CATSRGGNQPQHF,TRBV12-3,TRBJ1-5,CAVQAPGGSNYKLTF,Z_HD04:HD,0.000781,-,-,-,-,-,-,-,-,-,-,-

148,SL%GGTE,9.1e-03,2,2,1.4e-06,1.0e+00,5.5e-02,8.7e-01,1.0e-03,2.9e-02,global-SL%GGTE,CASSLEGGTEAFF,TRBV7-9,TRBJ1-1,CAAQARNDYKLSF,Z_HD02:HD,0.000678,-,-,-,-,-,-,-,-,-,-,-
148,SL%GGTE,9.1e-03,2,2,1.4e-06,1.0e+00,5.5e-02,8.7e-01,1.0e-03,2.9e-02,global-SL%GGTE,CASSLDGGTEAFF,TRBV5-1,TRBJ1-1,CAENNAGNMLTF,Z_HD05:HD,0.000779,-,-,-,-,-,-,-,-,-,-,-

149,S%GGG,9.8e-03,1,2,7.5e-07,1.0e+00,6.1e-02,4.2e-01,1.0e-03,2.9e-02,global-S%GGG,CASSSGGGYTF,TRBV7-3,TRBJ1-2,CAASKRDYKLSF,Z_HD05:HD,0.000779,-,-,-,-,-,-,-,-,-,-,-
149,S%GGG,9.8e-03,1,2,7.5e-07,1.0e+00,6.1e-02,4.2e-01,1.0e-03,2.9e-02,global-S%GGG,CASSRGGGYTF,TRBV6-3,TRBJ1-2,CAEDSNYQLIW,Z_HD05:HD,0.000779,-,-,-,-,-,-,-,-,-,-,-

150,SLAG%E,1.0e-02,1,2,1.7e-06,1.0e+00,5.8e-02,1.0e+00,1.0e-03,2.9e-02,global-SLAG%E,CASSLAGREQFF,TRBV5-1,TRBJ2-1,CAMREGAGRDDKIIF,Z_HD02:HD,0.000678,-,-,-,-,-,-,-,-,-,-,-
150,SLAG%E,1.0e-02,1,2,1.7e-06,1.0e+00,5.8e-02,1.0e+00,1.0e-03,2.9e-02,global-SLAG%E,CASSLAGDEQFF,TRBV7-2,TRBJ2-1,CAFMKYNNNDMRF,Z_HD02:HD,0.000678,-,-,-,-,-,-,-,-,-,-,-

151,S%GDT,1.0e-02,2,2,1.2e-06,1.0e+00,6.4e-02,6.4e-01,1.0e-03,2.9e-02,global-S%GDT,CAWSVGDTQYF,TRBV30,TRBJ2-3,CAFMMPNFGNEKLTF,Z_HD04:HD,0.000781,-,-,-,-,-,-,-,-,-,-,-
151,S%GDT,1.0e-02,2,2,1.2e-06,1.0e+00,6.4e-02,6.4e-01,1.0e-03,2.9e-02,global-S%GDT,CASSLGDTQYF,TRBV12-4,TRBJ2-3,CAAIPRGGGADGLTF,Z_HD02:HD,0.000678,-,-,-,-,-,-,-,-,-,-,-

152,SL%GSYE,1.0e-02,2,2,1.7e-06,1.0e+00,6.6e-02,8.7e-01,1.0e-03,2.9e-02,global-SL%GSYE,CASSLGGSYEQYF,TRBV11-2,TRBJ2-7,CALDTGGFKTIF,Z_HD05:HD,0.000779,-,-,-,-,-,-,-,-,-,-,-
152,SL%GSYE,1.0e-02,2,2,1.7e-06,1.0e+00,6.6e-02,8.7e-01,1.0e-03,2.9e-02,global-SL%GSYE,CASSLKGSYEQYF,TRBV3-1,TRBJ2-7,CAALQHNFNKFYF,Z_HD02:HD,0.000678,-,-,-,-,-,-,-,-,-,-,-

153,SR%NE,1.2e-02,2,2,1.6e-06,1.0e+00,6.3e-02,8.6e-01,1.0e-03,2.9e-02,global-SR%NE,CASSRNNEQFF,TRBV3-1,TRBJ2-1,CAVGAHQAGTALIF,Z_HD05:HD,0.000779,-,-,-,-,-,-,-,-,-,-,-
153,SR%NE,1.2e-02,2,2,1.6e-06,1.0e+00,6.3e-02,8.6e-01,1.0e-03,2.9e-02,global-SR%NE,CASSRRNEQFF,TRBV5-1,TRBJ2-1,CAEILLPRSMNSGYSTLTF,Z_HD02:HD,0.000678,-,-,-,-,-,-,-,-,-,-,-

154,SL%ET,1.4e-02,2,2,5.3e-06,1.0e+00,1.9e-01,9.5e-01,1.0e-03,2.9e-02,global-SL%ET,CASSLAETQYF,TRBV7-8,TRBJ2-5,CAVNGRDDKIIF,Z_HD02:HD,0.000678,-,-,-,-,-,-,-,-,-,-,-
154,SL%ET,1.4e-02,2,2,5.3e-06,1.0e+00,1.9e-01,9.5e-01,1.0e-03,2.9e-02,global-SL%ET,CASSLGETQYF,TRBV11-2,TRBJ2-5,CVVKVRNAGNMLTF,Z_HD02:HD,0.000678,-,-,-,-,-,-,-,-,-,-,-
154,SL%ET,1.4e-02,2,2,5.3e-06,1.0e+00,1.9e-01,9.5e-01,1.0e-03,2.9e-02,global-SL%ET,CASSLGETQYF,TRBV2,TRBJ2-5,CAVDDYKLSF,Z_HD05:HD,0.000779,-,-,-,-,-,-,-,-,-,-,-

155,R%TGE,1.4e-02,2,2,1.8e-06,1.0e+00,7.1e-02,8.7e-01,1.0e-03,2.9e-02,global-R%TGE,CSVRNTGELFF,TRBV29-1,TRBJ2-2,CAENIGFSGGYNKLIF,Z_HD05:HD,0.000779,-,-,-,-,-,-,-,-,-,-,-
155,R%TGE,1.4e-02,2,2,1.8e-06,1.0e+00,7.1e-02,8.7e-01,1.0e-03,2.9e-02,global-R%TGE,CSARRTGELFF,TRBV20-1,TRBJ1-4,CATDWSSNYKLTF,Z_HD02:HD,0.000678,-,-,-,-,-,-,-,-,-,-,-

156,SPGG%E,1.4e-02,1,2,6.6e-07,1.0e+00,5.5e-02,4.1e-01,1.0e-03,2.9e-02,global-SPGG%E,CASSPGGIEQYF,TRBV18,TRBJ2-7,CAASIISNYQLIW,Z_HD05:HD,0.000779,-,-,-,-,-,-,-,-,-,-,-
156,SPGG%E,1.4e-02,1,2,6.6e-07,1.0e+00,5.5e-02,4.1e-01,1.0e-03,2.9e-02,global-SPGG%E,CSASPGGDEQYF,TRBV20-1,TRBJ2-7,CAISGAGSYQLTF,Z_HD05:HD,0.000779,-,-,-,-,-,-,-,-,-,-,-

157,SL%GGE,1.6e-02,2,2,6.0e-07,1.0e+00,5.8e-02,3.5e-01,1.0e-03,2.9e-02,global-SL%GGE,CASSLDGGEQFF,TRBV7-2,TRBJ2-1,CAGRGSTLGRLYF,Z_HD04:HD,0.000781,-,-,-,-,-,-,-,-,-,-,-
157,SL%GGE,1.6e-02,2,2,6.0e-07,1.0e+00,5.8e-02,3.5e-01,1.0e-03,2.9e-02,global-SL%GGE,CASSLPGGEQFF,TRBV5-4,TRBJ2-1,CIVRLNAGNMLTF,Z_HD05:HD,0.000779,-,-,-,-,-,-,-,-,-,-,-

158,S%TDT,1.8e-02,2,2,1.0e-06,1.0e+00,5.8e-02,6.2e-01,1.0e-03,2.9e-02,global-S%TDT,CSASRTDTQYF,TRBV20-1,TRBJ2-3,CALVDSSYKLIF,Z_HD04:HD,0.000781,-,-,-,-,-,-,-,-,-,-,-
158,S%TDT,1.8e-02,2,2,1.0e-06,1.0e+00,5.8e-02,6.2e-01,1.0e-03,2.9e-02,global-S%TDT,CASSSTDTQYF,TRBV6-5,TRBJ2-3,CAVRGSAGGSYIPTF,Z_HD02:HD,0.000678,-,-,-,-,-,-,-,-,-,-,-

159,S%GET,1.8e-02,2,2,4.2e-06,1.0e+00,2.1e-01,7.1e-01,1.0e-03,2.9e-02,global-S%GET,CAISEGETQYF,TRBV10-3,TRBJ2-5,CAVRPVSGGSNYKLTF,Z_HD05:HD,0.000779,-,-,-,-,-,-,-,-,-,-,-
159,S%GET,1.8e-02,2,2,4.2e-06,1.0e+00,2.1e-01,7.1e-01,1.0e-03,2.9e-02,global-S%GET,CASSLGETQYF,TRBV11-2,TRBJ2-5,CVVKVRNAGNMLTF,Z_HD02:HD,0.000678,-,-,-,-,-,-,-,-,-,-,-
159,S%GET,1.8e-02,2,2,4.2e-06,1.0e+00,2.1e-01,7.1e-01,1.0e-03,2.9e-02,global-S%GET,CASSLGETQYF,TRBV2,TRBJ2-5,CAVDDYKLSF,Z_HD05:HD,0.000779,-,-,-,-,-,-,-,-,-,-,-

160,SPG%E,2.0e-02,2,2,1.0e-07,1.0e+00,5.5e-02,6.5e-02,1.0e-03,2.9e-02,global-SPG%E,CASSPGLEAFF,TRBV6-3,TRBJ1-1,CAFDNTDKLIF,Z_HD04:HD,0.000781,-,-,-,-,-,-,-,-,-,-,-
160,SPG%E,2.0e-02,2,2,1.0e-07,1.0e+00,5.5e-02,6.5e-02,1.0e-03,2.9e-02,global-SPG%E,CASSPGHEQYF,TRBV7-9,TRBJ2-7,CVVFSGGSYIPTF,Z_HD02:HD,0.001357,-,-,-,-,-,-,-,-,-,-,-

161,SL%GNTE,2.0e-02,2,2,6.5e-07,1.0e+00,6.2e-02,3.6e-01,1.0e-03,2.9e-02,global-SL%GNTE,CASSLTGNTEAFF,TRBV5-1,TRBJ1-1,CAVDVDSGGGADGLTF,Z_HD04:HD,0.000781,-,-,-,-,-,-,-,-,-,-,-
161,SL%GNTE,2.0e-02,2,2,6.5e-07,1.0e+00,6.2e-02,3.6e-01,1.0e-03,2.9e-02,global-SL%GNTE,CAWSLGGNTEAFF,TRBV30,TRBJ1-1,CAENRDNQAGTALIF,Z_HD05:HD,0.000779,-,-,-,-,-,-,-,-,-,-,-

162,R%SYE,2.3e-02,2,2,1.8e-06,1.0e+00,6.9e-02,8.8e-01,1.0e-03,2.9e-02,global-R%SYE,CSARESYEQYF,TRBV20-1,TRBJ2-7,CAYRYSAGNMLTF,Z_HD02:HD,0.000678,-,-,-,-,-,-,-,-,-,-,-
162,R%SYE,2.3e-02,2,2,1.8e-06,1.0e+00,6.9e-02,8.8e-01,1.0e-03,2.9e-02,global-R%SYE,CASRSSYEQYF,TRBV12-3,TRBJ2-7,CAPGAFTGTASKLTF,Z_HD05:HD,0.000779,-,-,-,-,-,-,-,-,-,-,-

163,S%STDT,3.5e-02,2,2,1.6e-06,1.0e+00,6.2e-02,8.7e-01,1.0e-03,2.9e-02,global-S%STDT,CASSRSTDTQYF,TRBV19,TRBJ2-3,CALEGSGGYQKVTF,Z_HD02:HD,0.000678,-,-,-,-,-,-,-,-,-,-,-
163,S%STDT,3.5e-02,2,2,1.6e-06,1.0e+00,6.2e-02,8.7e-01,1.0e-03,2.9e-02,global-S%STDT,CASSFSTDTQYF,TRBV7-2,TRBJ2-3,CVVSDNTGFQKLVF,Z_HD05:HD,0.000779,-,-,-,-,-,-,-,-,-,-,-

164,S%SYE,3.7e-02,2,2,1.2e-06,1.0e+00,6.6e-02,6.3e-01,1.0e-03,2.9e-02,global-S%SYE,CASSISYEQYF,TRBV18,TRBJ2-7,CAALGGDTDKLIF,Z_HD02:HD,0.000678,-,-,-,-,-,-,-,-,-,-,-
164,S%SYE,3.7e-02,2,2,1.2e-06,1.0e+00,6.6e-02,6.3e-01,1.0e-03,2.9e-02,global-S%SYE,CASSPSYEQYF,TRBV12-3,TRBJ2-7,CALVLSGYQKVTF,Z_HD04:HD,0.000781,-,-,-,-,-,-,-,-,-,-,-

165,S%GYE,4.4e-02,1,2,2.9e-07,1.0e+00,1.0e-02,1.0e+00,1.0e-03,2.9e-02,global-S%GYE,CASSGGYEQYF,TRBV2,TRBJ2-7,CAVSENQGGKLIF,Z_HD02:HD,0.000678,-,-,-,-,-,-,-,-,-,-,-
165,S%GYE,4.4e-02,1,2,2.9e-07,1.0e+00,1.0e-02,1.0e+00,1.0e-03,2.9e-02,global-S%GYE,CASSGGYEQYF,TRBV2,TRBJ2-7,CVVNKDNAGNMLTF,Z_HD02:HD,0.000678,-,-,-,-,-,-,-,-,-,-,-
165,S%GYE,4.4e-02,1,2,2.9e-07,1.0e+00,1.0e-02,1.0e+00,1.0e-03,2.9e-02,global-S%GYE,CASSGGYEQYF,TRBV2,TRBJ2-7,CGGRNYKLTF,Z_HD02:HD,0.000678,-,-,-,-,-,-,-,-,-,-,-
165,S%GYE,4.4e-02,1,2,2.9e-07,1.0e+00,1.0e-02,1.0e+00,1.0e-03,2.9e-02,global-S%GYE,CASSIGYEQYF,TRBV19,TRBJ2-7,CAVGAMGYQKVTF,Z_HD02:HD,0.000678,-,-,-,-,-,-,-,-,-,-,-

333,single,1.0e+00,1,1,1.4e-07,1.0e+00,1.0e-03,1.5e-01,1.0e-03,9.5e-01,global-SLSHRVEDT,CASSLSHRVEDTQYF,TRBV7-7,TRBJ2-3,CAAILFSGGYNKLIF,Z_HD04:HD,0.000781,-,-,-,-,-,-,-,-,-,-,-
333,single,1.0e+00,1,1,1.4e-07,1.0e+00,1.0e-03,1.5e-01,1.0e-03,9.5e-01,global-SLSHRVEDT,CASSLSHRVEDTQYF,TRBV7-7,TRBJ2-3,CAAILFSGGYNKLIF,Z_HD04:HD,0.000781,-,-,-,-,-,-,-,-,-,-,-

718,single,1.0e+00,1,1,1.5e-07,1.0e+00,1.0e-03,1.6e-01,1.0e-03,9.5e-01,global-SFATGPQVNI,CASSFATGPQVNIQYF,TRBV5-1,TRBJ2-4,CAASPKTSYDKVIF,Z_HD04:HD,0.000781,-,-,-,-,-,-,-,-,-,-,-
718,single,1.0e+00,1,1,1.5e-07,1.0e+00,1.0e-03,1.6e-01,1.0e-03,9.5e-01,global-SFATGPQVNI,CASSFATGPQVNIQYF,TRBV5-1,TRBJ2-4,CAMSPTGPGSSGSARQLTF,Z_HD04:HD,0.000781,-,-,-,-,-,-,-,-,-,-,-

741,single,1.0e+00,1,1,4.5e-08,1.0e+00,1.0e-03,4.7e-02,1.0e-03,9.5e-01,global-TRTGAEP,CASTRTGAEPQHF,TRBV2,TRBJ1-5,CAYRRTPNFGNEKLTF,Z_HD05:HD,0.001558,-,-,-,-,-,-,-,-,-,-,-
741,single,1.0e+00,1,1,4.5e-08,1.0e+00,1.0e-03,4.7e-02,1.0e-03,9.5e-01,global-TRTGAEP,CASTRTGAEPQHF,TRBV2,TRBJ1-5,CAASIKI,Z_HD05:HD,0.000779,-,-,-,-,-,-,-,-,-,-,-

874,single,1.0e+00,1,1,9.5e-07,1.0e+00,1.0e-03,1.0e+00,1.0e-03,9.5e-01,global-RRTHGNQP,CASRRTHGNQPQHF,TRBV27,TRBJ1-5,CAMITNSGNTPLVF,Z_HD02:HD,0.000678,-,-,-,-,-,-,-,-,-,-,-
874,single,1.0e+00,1,1,9.5e-07,1.0e+00,1.0e-03,1.0e+00,1.0e-03,9.5e-01,global-RRTHGNQP,CASRRTHGNQPQHF,TRBV27,TRBJ1-5,CAVGLIGPYLTGGGNKLTF,Z_HD02:HD,0.000678,-,-,-,-,-,-,-,-,-,-,-

875,single,1.0e+00,1,1,1.3e-07,1.0e+00,1.0e-03,1.4e-01,1.0e-03,9.5e-01,global-SLGSGGTYG,CASSLGSGGTYGYTF,TRBV5-1,TRBJ1-2,CAMREVQGGSEKLVF,Z_HD04:HD,0.000781,-,-,-,-,-,-,-,-,-,-,-
875,single,1.0e+00,1,1,1.3e-07,1.0e+00,1.0e-03,1.4e-01,1.0e-03,9.5e-01,global-SLGSGGTYG,CASSLGSGGTYGYTF,TRBV5-1,TRBJ1-2,CAVKKGGSEKLVF,Z_HD04:HD,0.000781,-,-,-,-,-,-,-,-,-,-,-

952,single,1.0e+00,1,1,2.6e-08,1.0e+00,1.0e-03,2.7e-02,1.0e-03,9.5e-01,global-RTSGSSYNE,CSVRTSGSSYNEQFF,TRBV29-1,TRBJ2-1,CLVGDVRTGGFKTIF,Z_HD02:HD,0.002035,-,-,-,-,-,-,-,-,-,-,-
952,single,1.0e+00,1,1,2.6e-08,1.0e+00,1.0e-03,2.7e-02,1.0e-03,9.5e-01,global-RTSGSSYNE,CSVRTSGSSYNEQFF,TRBV29-1,TRBJ2-1,CAVRPGGGSNYKLTF,Z_HD02:HD,0.000678,-,-,-,-,-,-,-,-,-,-,-

1126,single,1.0e+00,1,1,4.0e-07,1.0e+00,1.0e-03,4.2e-01,1.0e-03,9.5e-01,global-SVESSYNSP,CASSVESSYNSPLHF,TRBV9,TRBJ1-6,CAGGNQGGSEKLVF,Z_HD05:HD,0.000779,-,-,-,-,-,-,-,-,-,-,-
1126,single,1.0e+00,1,1,4.0e-07,1.0e+00,1.0e-03,4.2e-01,1.0e-03,9.5e-01,global-SVESSYNSP,CASSVESSYNSPLHF,TRBV9,TRBJ1-6,CAGGNQGGSEKLVF,Z_HD05:HD,0.000779,-,-,-,-,-,-,-,-,-,-,-

1343,single,1.0e+00,1,1,1.9e-09,1.0e+00,1.0e-03,2.0e-03,1.0e-03,9.5e-01,global-SNTVNQP,CASSNTVNQPQHF,TRBV19,TRBJ1-5,CAASRVGGGNTPLVF,Z_HD05:HD,0.013240,-,-,-,-,-,-,-,-,-,-,-
1343,single,1.0e+00,1,1,1.9e-09,1.0e+00,1.0e-03,2.0e-03,1.0e-03,9.5e-01,global-SNTVNQP,CASSNTVNQPQHF,TRBV19,TRBJ1-5,CALSRGSNTGNQFYF,Z_HD05:HD,0.000779,-,-,-,-,-,-,-,-,-,-,-

1457,single,1.0e+00,1,1,9.5e-10,1.0e+00,1.0e-03,1.0e-03,1.0e-03,9.5e-01,global-SLVSQQSSYNE,CASSLVSQQSSYNEQFF,TRBV7-2,TRBJ2-1,CAVALPYSGGYQKVTF,Z_HD04:HD,0.005469,-,-,-,-,-,-,-,-,-,-,-
1457,single,1.0e+00,1,1,9.5e-10,1.0e+00,1.0e-03,1.0e-03,1.0e-03,9.5e-01,global-SLVSQQSSYNE,CASSLVSQQSSYNEQFF,TRBV7-2,TRBJ2-1,CAYKDNARLMF,Z_HD04:HD,0.000781,-,-,-,-,-,-,-,-,-,-,-

1540,single,1.0e+00,1,1,9.5e-10,1.0e+00,1.0e-03,1.0e-03,1.0e-03,9.5e-01,global-SVAPDPYNE,CASSVAPDPYNEQFF,TRBV9,TRBJ2-1,CAVNTLRAGGGADGLTF,Z_HD05:HD,0.014798,-,-,-,-,-,-,-,-,-,-,-
1540,single,1.0e+00,1,1,9.5e-10,1.0e+00,1.0e-03,1.0e-03,1.0e-03,9.5e-01,global-SVAPDPYNE,CASSVAPDPYNEQFF,TRBV9,TRBJ2-1,CAVNTLRAGGGADGLTF,Z_HD05:HD,0.000779,-,-,-,-,-,-,-,-,-,-,-

1770,single,1.0e+00,1,1,9.5e-07,1.0e+00,1.0e-03,1.0e+00,1.0e-03,9.5e-01,global-SEAGVRNE,CAISEAGVRNEQFF,TRBV10-3,TRBJ2-1,CAPRLDSNYQLIW,Z_HD02:HD,0.000678,-,-,-,-,-,-,-,-,-,-,-
1770,single,1.0e+00,1,1,9.5e-07,1.0e+00,1.0e-03,1.0e+00,1.0e-03,9.5e-01,global-SEAGVRNE,CAISEAGVRNEQFF,TRBV10-3,TRBJ2-1,CAPRLDSNYQLIW,Z_HD02:HD,0.000678,-,-,-,-,-,-,-,-,-,-,-
1770,single,1.0e+00,1,1,9.5e-07,1.0e+00,1.0e-03,1.0e+00,1.0e-03,9.5e-01,global-SEAGVRNE,CAISEAGVRNEQFF,TRBV10-3,TRBJ2-1,CATDANQGAQKLVF,Z_HD02:HD,0.000678,-,-,-,-,-,-,-,-,-,-,-

1851,single,1.0e+00,1,1,5.0e-08,1.0e+00,1.0e-03,5.2e-02,1.0e-03,9.5e-01,global-SPPSDE,CASSPPSDEQYF,TRBV5-1,TRBJ2-7,CAASPHTGTASKLTF,Z_HD02:HD,0.002035,-,-,-,-,-,-,-,-,-,-,-
1851,single,1.0e+00,1,1,5.0e-08,1.0e+00,1.0e-03,5.2e-02,1.0e-03,9.5e-01,global-SPPSDE,CASSPPSDEQYF,TRBV5-1,TRBJ2-7,CAMRPYSGGGADGLTF,Z_HD02:HD,0.000678,-,-,-,-,-,-,-,-,-,-,-
1851,single,1.0e+00,1,1,5.0e-08,1.0e+00,1.0e-03,5.2e-02,1.0e-03,9.5e-01,global-SPPSDE,CASSPPSDEQYF,TRBV5-1,TRBJ2-7,CAMRPYSGGGADGLTF,Z_HD02:HD,0.000678,-,-,-,-,-,-,-,-,-,-,-
1851,single,1.0e+00,1,1,5.0e-08,1.0e+00,1.0e-03,5.2e-02,1.0e-03,9.5e-01,global-SPPSDE,CASSPPSDEQYF,TRBV5-1,TRBJ2-7,CAASPHTGTASKLTF,Z_HD02:HD,0.000678,-,-,-,-,-,-,-,-,-,-,-

1853,single,1.0e+00,1,1,1.5e-07,1.0e+00,1.0e-03,1.6e-01,1.0e-03,9.5e-01,global-RVGSTE,CSARVGSTEAFF,TRBV20-1,TRBJ1-1,CALSGYGGATNKLIF,Z_HD04:HD,0.000781,-,-,-,-,-,-,-,-,-,-,-
1853,single,1.0e+00,1,1,1.5e-07,1.0e+00,1.0e-03,1.6e-01,1.0e-03,9.5e-01,global-RVGSTE,CSARVGSTEAFF,TRBV20-1,TRBJ1-1,CAVPNSNTGTASKLTF,Z_HD04:HD,0.000781,-,-,-,-,-,-,-,-,-,-,-

1909,single,1.0e+00,1,1,9.9e-08,1.0e+00,1.0e-03,1.0e-01,1.0e-03,9.5e-01,global-SDRRRDRGIDE,CATSDRRRDRGIDEQFF,TRBV24-1,TRBJ2-1,CALNAGGTSYGKLTF,Z_HD02:HD,0.000678,-,-,-,-,-,-,-,-,-,-,-
1909,single,1.0e+00,1,1,9.9e-08,1.0e+00,1.0e-03,1.0e-01,1.0e-03,9.5e-01,global-SDRRRDRGIDE,CATSDRRRDRGIDEQFF,TRBV24-1,TRBJ2-1,CVVSDGGWTASKLTF,Z_HD02:HD,0.000678,-,-,-,-,-,-,-,-,-,-,-
1909,single,1.0e+00,1,1,9.9e-08,1.0e+00,1.0e-03,1.0e-01,1.0e-03,9.5e-01,global-SDRRRDRGIDE,CATSDRRRDRGIDEQFF,TRBV24-1,TRBJ2-1,CVVSDGGWTASKLTF,Z_HD02:HD,0.001357,-,-,-,-,-,-,-,-,-,-,-

2232,single,1.0e+00,1,1,6.1e-08,1.0e+00,1.0e-03,6.4e-02,1.0e-03,9.5e-01,global-SPQRQGSYNE,CASSPQRQGSYNEQFF,TRBV9,TRBJ2-1,CPGNTPLVF,Z_HD02:HD,0.001357,-,-,-,-,-,-,-,-,-,-,-
2232,single,1.0e+00,1,1,6.1e-08,1.0e+00,1.0e-03,6.4e-02,1.0e-03,9.5e-01,global-SPQRQGSYNE,CASSPQRQGSYNEQFF,TRBV9,TRBJ2-1,CAEVF,Z_HD02:HD,0.000678,-,-,-,-,-,-,-,-,-,-,-

2244,single,1.0e+00,1,1,3.1e-08,1.0e+00,1.0e-03,3.2e-02,1.0e-03,9.5e-01,global-SSYWAGE,CASSSYWAGELFF,TRBV11-3,TRBJ2-2,CAVNPGGQKLLF,Z_HD05:HD,0.002336,-,-,-,-,-,-,-,-,-,-,-
2244,single,1.0e+00,1,1,3.1e-08,1.0e+00,1.0e-03,3.2e-02,1.0e-03,9.5e-01,global-SSYWAGE,CASSSYWAGELFF,TRBV11-3,TRBJ2-2,CAVNPGGQKLLF,Z_HD05:HD,0.000779,-,-,-,-,-,-,-,-,-,-,-
2244,single,1.0e+00,1,1,3.1e-08,1.0e+00,1.0e-03,3.2e-02,1.0e-03,9.5e-01,global-SSYWAGE,CASSSYWAGELFF,TRBV11-3,TRBJ2-2,CAGTGTASKLTF,Z_HD05:HD,0.000779,-,-,-,-,-,-,-,-,-,-,-

2253,single,1.0e+00,1,1,4.1e-07,1.0e+00,1.0e-03,4.3e-01,1.0e-03,9.5e-01,global-SLNPNTGE,CASSLNPNTGELFF,TRBV7-9,TRBJ2-2,CAQGNQFYF,Z_HD05:HD,0.000779,-,-,-,-,-,-,-,-,-,-,-
2253,single,1.0e+00,1,1,4.1e-07,1.0e+00,1.0e-03,4.3e-01,1.0e-03,9.5e-01,global-SLNPNTGE,CASSLNPNTGELFF,TRBV7-9,TRBJ2-2,CASYSGAGSYQLTF,Z_HD05:HD,0.000779,-,-,-,-,-,-,-,-,-,-,-

2450,single,1.0e+00,1,1,4.2e-07,1.0e+00,1.0e-03,4.4e-01,1.0e-03,9.5e-01,global-SWGLASYNE,CASSWGLASYNEQFF,TRBV7-9,TRBJ2-1,CIVRGERSNTGNQFYF,Z_HD05:HD,0.000779,-,-,-,-,-,-,-,-,-,-,-
2450,single,1.0e+00,1,1,4.2e-07,1.0e+00,1.0e-03,4.4e-01,1.0e-03,9.5e-01,global-SWGLASYNE,CASSWGLASYNEQFF,TRBV7-9,TRBJ2-1,CAGGTAGNKLTF,Z_HD05:HD,0.000779,-,-,-,-,-,-,-,-,-,-,-

2462,single,1.0e+00,1,1,2.7e-05,1.0e+00,6.6e-02,4.3e-01,1.0e-03,9.5e-01,global-SGGQGYNE,CASSGGQGYNEQFF,TRBV6-3,TRBJ2-1,CALKTVQGAQKLVF,Z_HD05:HD,0.000779,-,-,-,-,-,-,-,-,-,-,-
2462,single,1.0e+00,1,1,2.7e-05,1.0e+00,6.6e-02,4.3e-01,1.0e-03,9.5e-01,global-SGGQGYNE,CASSGGQGYNEQFF,TRBV10-2,TRBJ2-1,CAVIDYKLSF,Z_HD05:HD,0.000779,-,-,-,-,-,-,-,-,-,-,-

2568,single,1.0e+00,1,1,1.5e-07,1.0e+00,1.0e-03,1.6e-01,1.0e-03,9.5e-01,global-YSFTAGNT,CSAYSFTAGNTIYF,TRBV20-1,TRBJ1-3,CAMRGPADSNYQLIW,Z_HD04:HD,0.000781,-,-,-,-,-,-,-,-,-,-,-
2568,single,1.0e+00,1,1,1.5e-07,1.0e+00,1.0e-03,1.6e-01,1.0e-03,9.5e-01,global-YSFTAGNT,CSAYSFTAGNTIYF,TRBV20-1,TRBJ1-3,CALYLNRDDKIIF,Z_HD04:HD,0.000781,-,-,-,-,-,-,-,-,-,-,-

2586,single,1.0e+00,1,1,1.1e-08,1.0e+00,1.0e-03,1.1e-02,1.0e-03,9.5e-01,global-EPDRGRVET,CSVEPDRGRVETQYF,TRBV29-1,TRBJ2-5,CALITDSWGKLQF,Z_HD04:HD,0.003125,-,-,-,-,-,-,-,-,-,-,-
2586,single,1.0e+00,1,1,1.1e-08,1.0e+00,1.0e-03,1.1e-02,1.0e-03,9.5e-01,global-EPDRGRVET,CSVEPDRGRVETQYF,TRBV29-1,TRBJ2-5,CALSPPSISNFGNEKLTF,Z_HD04:HD,0.000781,-,-,-,-,-,-,-,-,-,-,-

2629,single,1.0e+00,2,1,3.2e-05,1.0e+00,5.2e-02,6.5e-01,1.0e-03,9.5e-01,global-SFTE,CASSFTEAFF,TRBV28,TRBJ1-1,CAYLRGGLGSGTYKYIF,Z_HD02:HD,0.000678,-,-,-,-,-,-,-,-,-,-,-
2629,single,1.0e+00,2,1,3.2e-05,1.0e+00,5.2e-02,6.5e-01,1.0e-03,9.5e-01,global-SFTE,CASSFTEAFF,TRBV12-3,TRBJ1-1,CAVTVSGNTPLVF,Z_HD04:HD,0.000781,-,-,-,-,-,-,-,-,-,-,-

2976,single,1.0e+00,1,1,9.6e-08,1.0e+00,1.0e-03,1.0e-01,1.0e-03,9.5e-01,global-SQVRQQET,CASSQVRQQETQYF,TRBV4-1,TRBJ2-5,CILRDFLYQGAQKLVF,Z_HD02:HD,0.000678,-,-,-,-,-,-,-,-,-,-,-
2976,single,1.0e+00,1,1,9.6e-08,1.0e+00,1.0e-03,1.0e-01,1.0e-03,9.5e-01,global-SQVRQQET,CASSQVRQQETQYF,TRBV4-1,TRBJ2-5,CAENNAGNMLTF,Z_HD02:HD,0.000678,-,-,-,-,-,-,-,-,-,-,-
2976,single,1.0e+00,1,1,9.6e-08,1.0e+00,1.0e-03,1.0e-01,1.0e-03,9.5e-01,global-SQVRQQET,CASSQVRQQETQYF,TRBV4-1,TRBJ2-5,CAENNAGNMLTF,Z_HD02:HD,0.001357,-,-,-,-,-,-,-,-,-,-,-

2980,single,1.0e+00,1,1,1.9e-09,1.0e+00,1.0e-03,2.0e-03,1.0e-03,9.5e-01,global-SSWDRDNSP,CASSSWDRDNSPLHF,TRBV27,TRBJ1-6,CAVKKLSF,Z_HD05:HD,0.006231,-,-,-,-,-,-,-,-,-,-,-
2980,single,1.0e+00,1,1,1.9e-09,1.0e+00,1.0e-03,2.0e-03,1.0e-03,9.5e-01,global-SSWDRDNSP,CASSSWDRDNSPLHF,TRBV27,TRBJ1-6,CATVPNTGFQKLVF,Z_HD05:HD,0.006231,-,-,-,-,-,-,-,-,-,-,-
2980,single,1.0e+00,1,1,1.9e-09,1.0e+00,1.0e-03,2.0e-03,1.0e-03,9.5e-01,global-SSWDRDNSP,CASSSWDRDNSPLHF,TRBV27,TRBJ1-6,CATVPNTGFQKLVF,Z_HD05:HD,0.003894,-,-,-,-,-,-,-,-,-,-,-
2980,single,1.0e+00,1,1,1.9e-09,1.0e+00,1.0e-03,2.0e-03,1.0e-03,9.5e-01,global-SSWDRDNSP,CASSSWDRDNSPLHF,TRBV27,TRBJ1-6,CAVKKLSF,Z_HD05:HD,0.000779,-,-,-,-,-,-,-,-,-,-,-
2980,single,1.0e+00,1,1,1.9e-09,1.0e+00,1.0e-03,2.0e-03,1.0e-03,9.5e-01,global-SSWDRDNSP,CASSSWDRDNSPLHF,TRBV27,TRBJ1-6,CAVKKLSF,Z_HD05:HD,0.000779,-,-,-,-,-,-,-,-,-,-,-

3008,single,1.0e+00,1,1,9.5e-07,1.0e+00,1.0e-03,1.0e+00,1.0e-03,9.5e-01,global-VGGPANTGE,CASVGGPANTGELFF,TRBV27,TRBJ2-2,CAFMKHWAGSARQLTF,Z_HD02:HD,0.000678,-,-,-,-,-,-,-,-,-,-,-
3008,single,1.0e+00,1,1,9.5e-07,1.0e+00,1.0e-03,1.0e+00,1.0e-03,9.5e-01,global-VGGPANTGE,CASVGGPANTGELFF,TRBV27,TRBJ2-2,CTTASLNSGGSNYKLTF,Z_HD02:HD,0.000678,-,-,-,-,-,-,-,-,-,-,-

3218,single,1.0e+00,1,1,9.5e-07,1.0e+00,1.0e-03,1.0e+00,1.0e-03,9.5e-01,global-SQVSLAAFSSYNE,CASSQVSLAAFSSYNEQFF,TRBV14,TRBJ2-1,CAVSSKYGNKLVF,Z_HD02:HD,0.000678,-,-,-,-,-,-,-,-,-,-,-
3218,single,1.0e+00,1,1,9.5e-07,1.0e+00,1.0e-03,1.0e+00,1.0e-03,9.5e-01,global-SQVSLAAFSSYNE,CASSQVSLAAFSSYNEQFF,TRBV14,TRBJ2-1,CAARVGTDNAGGTSYGKLTF,Z_HD02:HD,0.000678,-,-,-,-,-,-,-,-,-,-,-

3234,single,1.0e+00,1,1,1.1e-08,1.0e+00,1.0e-03,1.2e-02,1.0e-03,9.5e-01,global-WQTRGGIVVET,CSAWQTRGGIVVETQYF,TRBV20-1,TRBJ2-5,CAEPVPGNNRKLIW,Z_HD04:HD,0.003125,-,-,-,-,-,-,-,-,-,-,-
3234,single,1.0e+00,1,1,1.1e-08,1.0e+00,1.0e-03,1.2e-02,1.0e-03,9.5e-01,global-WQTRGGIVVET,CSAWQTRGGIVVETQYF,TRBV20-1,TRBJ2-5,CAVTYSGGSNYKLTF,Z_HD04:HD,0.000781,-,-,-,-,-,-,-,-,-,-,-

3399,single,1.0e+00,1,1,4.4e-07,1.0e+00,1.0e-03,4.6e-01,1.0e-03,9.5e-01,global-SSPGAYTDT,CATSSPGAYTDTQYF,TRBV24-1,TRBJ2-3,CALRGYQGAQKLVF,Z_HD05:HD,0.000779,-,-,-,-,-,-,-,-,-,-,-
3399,single,1.0e+00,1,1,4.4e-07,1.0e+00,1.0e-03,4.6e-01,1.0e-03,9.5e-01,global-SSPGAYTDT,CATSSPGAYTDTQYF,TRBV24-1,TRBJ2-3,CALRGYQGAQKLVF,Z_HD05:HD,0.000779,-,-,-,-,-,-,-,-,-,-,-

