CASSIGETQYF	TRBV19	TRBJ2-5
CASSVGETQYF	TRBV2	TRBJ2-5
CASSGGETQYF	TRBV2	TRBJ2-5
CASSTGETQYF	TRBV27	TRBJ2-5
CASSFGETQYF	TRBV19	TRBJ2-5
CASSEGETQYF	TRBV2	TRBJ2-5
CASSRGETQYF	TRBV5-4	TRBJ2-5
CASSAGETQYF	TRBV7-6	TRBJ2-5
CASSLGETQYF	TRBV12-4	TRBJ2-5
CASSLEQGARTDTQYF	TRBV5-1	TRBJ2-3
CASSLEQGARSDTQYF	TRBV5-1	TRBJ2-3
CASSLEQGARADTQYF	TRBV5-1	TRBJ2-3
CASSLAGANTGELFF	TRBV7-3	TRBJ2-2
CASSLAGDNTGELFF	TRBV5-4	TRBJ2-2
CASSLAGGNTGELFF	TRBV9	TRBJ2-2
CASSLAGTNTGELFF	TRBV7-9	TRBJ2-2
CASSLGGGEQYF	TRBV12-4	TRBJ2-7
CASSLGGGEVFF	TRBV12-4	TRBJ1-1
CASSLGGGEQFF	TRBV27	TRBJ2-1
CASSLGGGKQFF	TRBV11-1	TRBJ2-1
CASSIGSSGELFF	TRBV19	TRBJ2-2
CASSHGSSGEQYV	TRBV7-8	TRBJ2-7
CASSFGSSGELFF	TRBV19	TRBJ2-2
CASSLVGVNTEAFF	TRBV7-8	TRBJ1-1
CASSLTGVNTEAFF	TRBV5-1	TRBJ1-1
CASSLPGVNTEAFF	TRBV14	TRBJ1-1
CASSLLGVNTEAFF	TRBV28	TRBJ1-1
CATSDYNEQFF	TRBV24-1	TRBJ2-1
CAISDYNEQFF	TRBV10-3	TRBJ2-1
CAWSDGNEQFF	TRBV30	TRBJ2-1
CASSDWNEQFF	TRBV6-1	TRBJ2-1
CASSNQETQYF	TRBV6-5	TRBJ2-5
CASSIQETQYF	TRBV2	TRBJ2-5
CASSSQETQYF	TRBV7-2	TRBJ2-5
CASSEQETQYF	TRBV5-1	TRBJ2-5
CASSDQETQYF	TRBV7-2	TRBJ2-5
CASSPQETQYF	TRBV11-2	TRBJ2-5
CSASLREGPTDTQYF	TRBV20-1	TRBJ2-3
CASSLREGLTDTQYF	TRBV27	TRBJ2-3
CASSAGQGIADTQYF	TRBV5-1	TRBJ2-3
CASSAGQGIIDTQYF	TRBV5-4	TRBJ2-3
CASSQVGGLGTEAFF	TRBV4-1	TRBJ1-1
CASSQVGGGGTEAFF	TRBV4-2	TRBJ1-1
CAWNQGEETQYF	TRBV30	TRBJ2-5
CASNQEEETQYF	TRBV28	TRBJ2-5
CASSSTGTGTGELFF	TRBV7-2	TRBJ2-2
CASSSTRTGTGEAFF	TRBV7-3	TRBJ1-1
CASSPEQGARSDEQFF	TRBV5-1	TRBJ2-1
CASSPEQGARSDTQYF	TRBV5-1	TRBJ2-3
CASSDLQGGQETQYF	TRBV5-1	TRBJ2-5
CASSDLAGGQETQYF	TRBV2	TRBJ2-5
CSARDQGGENTQYF	TRBV20-1	TRBJ2-3
CSARDQGGLNTIYF	TRBV20-1	TRBJ1-3
CASRLTSGGAPTGELFF	TRBV6-6	TRBJ2-2
CASRLTSGGANTGELFF	TRBV12-3	TRBJ2-2
CASSPSRGGSGNTIYF	TRBV6-6	TRBJ1-3
CASSPSRGGSGNEQFF	TRBV18	TRBJ2-1
CASSPEQGARSDTQYF	TRBV5-1	TRBJ2-3
CASSLEQGARSDTQYF	TRBV5-1	TRBJ2-3
CASSPGTGGNGELFF	TRBV7-2	TRBJ2-2
CASSPRTGGNGELFF	TRBV4-2	TRBJ2-2
CASSQAPKETQYF	TRBV14	TRBJ2-5
CASSQAIKETQYF	TRBV14	TRBJ2-5
CASSSPDYNSPLHF	TRBV18	TRBJ1-6
CASSFPDYNSPLHF	TRBV12-3	TRBJ1-6
CASSLEGSWNGYTF	TRBV11-2	TRBJ1-2
CASSLEGGWNGYTF	TRBV5-6	TRBJ1-2
CASGRGLNNEQFF	TRBV12-5	TRBJ2-1
CASGRGLNNEQFF	TRBV12-5	TRBJ2-1
CASGRGQNNEQFF	TRBV27	TRBJ2-1
CASSFTGGPGETQYF	TRBV11-2	TRBJ2-5
CASSMTGGPGETQYF	TRBV28	TRBJ2-5
CSPSEGLAGEETQYF	TRBV20-1	TRBJ2-5
CASSEGRAGEETQYF	TRBV12-3	TRBJ2-5
CASSGRGLGETQYF	TRBV7-9	TRBJ2-5
CASSGRRLGETQYF	TRBV7-9	TRBJ2-5
CASSSPGLAGGTGELFF	TRBV7-6	TRBJ2-2
CASSSPGLAGETGELFF	TRBV4-1	TRBJ2-2
CAISENGGAGYGYTF	TRBV10-3	TRBJ1-2
CASSEGGGAGYGYTF	TRBV6-1	TRBJ1-2
CASSVGAPNTGELFF	TRBV9	TRBJ2-2
CASSVGAPNTGELFF	TRBV9	TRBJ2-2
CASSVGAPDTGELFF	TRBV9	TRBJ2-2
CASSMAPGQGEKLFF	TRBV19	TRBJ1-4
CASSLAPGQGEKLFF	TRBV7-2	TRBJ1-4
CASSPEQGARSDEQFF	TRBV5-1	TRBJ2-1
CASSFEQGARSDEQFF	TRBV5-1	TRBJ2-1
CASSEGTGSYEQYF	TRBV7-7	TRBJ2-7
CASSEGTGSDEQYF	TRBV25-1	TRBJ2-7
CARVTGSDYGYTF	TRBV2	TRBJ1-2
CSAVQGSDYGYTF	TRBV20-1	TRBJ1-2
CASSPGTGGWDEQFF	TRBV5-1	TRBJ2-1
CASSPTTGGWDEQYF	TRBV11-2	TRBJ2-7
CASSDLAGGQETQYF	TRBV2	TRBJ2-5
CASSDLAGGQSTQYF	TRBV6-1	TRBJ2-3
CASSSGGEGEKLFF	TRBV5-4	TRBJ1-4
CASSAGGEGEKLFF	TRBV2	TRBJ1-4
CASSLEYGDEQYF	TRBV5-6	TRBJ2-7
CASSLEYGYEQYF	TRBV11-2	TRBJ2-7
CASSQVTRVGGELFF	TRBV4-1	TRBJ2-2
CASSQETRVGGEQFF	TRBV3-1	TRBJ2-1
CASSMTGDYGYTF	TRBV19	TRBJ1-2
CASSLTGDYGYTF	TRBV27	TRBJ1-2
CASSDTGDYGYTF	TRBV10-2	TRBJ1-2
CASSRTGDYGYTF	TRBV19	TRBJ1-2
CASSGGFGQYF	TRBV5-4	TRBJ2-7
CASSEGFGYTF	TRBV6-4	TRBJ1-2
CASSAGFGYTF	TRBV25-1	TRBJ1-2
CAWSVSGYGYTF	TRBV30	TRBJ1-2
CASSYSGYGYTF	TRBV6-5	TRBJ1-2
CATSNSGYGQYF	TRBV15	TRBJ2-7
CASSPSGYGYTF	TRBV28	TRBJ1-2
CASSLRRGNEQFF	TRBV6-3	TRBJ2-1
CASSLARGNEQFF	TRBV27	TRBJ2-1
CASSLGRGNEQFF	TRBV5-1	TRBJ2-1
CASSLVRGNEQFF	TRBV28	TRBJ2-1
CASSSPTGELFF	TRBV6-5	TRBJ2-2
CASSSLTGELFF	TRBV7-3	TRBJ2-2
CASSSYTGELFF	TRBV7-2	TRBJ2-2
CASSSGTGELFF	TRBV12-3	TRBJ2-2
CATSDQGLEQFF	TRBV24-1	TRBJ2-1
CASSAQGLEQYF	TRBV19	TRBJ2-7
CASSPQGLEAFF	TRBV12-3	TRBJ1-1
CASSPQGLEAFF	TRBV12-3	TRBJ1-1
CASSLGGGEQFF	TRBV27	TRBJ2-1
CASSLVGGELFF	TRBV12-4	TRBJ2-2
CSASLAGGEQFF	TRBV20-1	TRBJ2-1
CASSLGGGEQYF	TRBV12-4	TRBJ2-7
CASSLGGGEVFF	TRBV12-4	TRBJ1-1
CASLGETQYF	TRBV10-2	TRBJ2-5
CASLGETQYF	TRBV10-2	TRBJ2-5
CATGGETQYF	TRBV6-1	TRBJ2-5
CSARGETQYF	TRBV20-1	TRBJ2-5
CSCSGETQYF	TRBV20-1	TRBJ2-5
CSAMGETQYF	TRBV20-1	TRBJ2-5
CASSLAGGDIQYF	TRBV7-3	TRBJ2-4
CASSTAGGDIQYF	TRBV7-9	TRBJ2-4
CASSLGGTAYEQYF	TRBV11-2	TRBJ2-7
CASSLGGTAGEQFF	TRBV7-3	TRBJ2-1
CASSSSGTYLYNEQFF	TRBV7-2	TRBJ2-1
CASSSSGTGLYNEQFF	TRBV13	TRBJ2-1
CASSIGQGGYEQYF	TRBV19	TRBJ2-7
CASSIGQGGYGYTF	TRBV19	TRBJ1-2
CACSDRAYGYTF	TRBV2	TRBJ1-2
CASSDWAYGYTF	TRBV6-1	TRBJ1-2
CASSTYTGELFF	TRBV6-5	TRBJ2-2
CASSTYRGEQYF	TRBV2	TRBJ2-7
CASSSGGEGEKLFF	TRBV5-4	TRBJ1-4
CASSSGTEGEKLFF	TRBV7-9	TRBJ1-4
CASSSGQGGNNEQFF	TRBV11-1	TRBJ2-1
CASSSGQGGNTEAFF	TRBV6-5	TRBJ1-1
CASSEAGGNEQFF	TRBV10-2	TRBJ2-1
CASSEAGGNIQYF	TRBV10-1	TRBJ2-4
CASRRSGTQNTGELFF	TRBV7-3	TRBJ2-2
CSARRSGTGNTGELFF	TRBV20-1	TRBJ2-2
CASRGDRPGELFF	TRBV9	TRBJ2-2
CASRHDRPGELFF	TRBV10-2	TRBJ2-2
CASSPSSGNTIYF	TRBV18	TRBJ1-3
CASSWSSGNTIYF	TRBV5-6	TRBJ1-3
CASSKSSGNTIYF	TRBV3-1	TRBJ1-3
CAWSGSSGNTIYF	TRBV30	TRBJ1-3
CATSRGGTGSYGYTF	TRBV15	TRBJ1-2
CASSRAGTGSYGYTF	TRBV3-1	TRBJ1-2
CASSIKTYNEQFF	TRBV6-5	TRBJ2-1
CASSIDTYNEQFF	TRBV19	TRBJ2-1
CASSPGGDSNQPQHF	TRBV7-9	TRBJ1-5
CASSPGGDSYQPQHF	TRBV3-1	TRBJ1-5
CATSDGGTGNQPQHF	TRBV24-1	TRBJ1-5
CASSDGGKGNQPQHF	TRBV25-1	TRBJ1-5
CASSFSGDGEKLFF	TRBV13	TRBJ1-4
CASSFSGKGEKLFF	TRBV5-1	TRBJ1-4
CASSRSGSSEKLFF	TRBV6-5	TRBJ1-4
CASSRSGDSEKLFF	TRBV3-1	TRBJ1-4
CASSRQWEQYF	TRBV5-8	TRBJ2-7
CASSPQWEQYF	TRBV7-9	TRBJ2-7
CASSLTSSGGGELFF	TRBV7-3	TRBJ2-2
CASSLTSGGGGELFF	TRBV11-1	TRBJ2-2
CASSWGRAGGETQYF	TRBV12-3	TRBJ2-5
CASSWGLAGGETQYF	TRBV14	TRBJ2-5
CASSLEQLARADTQYF	TRBV5-1	TRBJ2-3
CASSLEQGARADTQYF	TRBV5-1	TRBJ2-3
CATSRDRQGSTLHF	TRBV15	TRBJ1-6
CATSRDRQGETQYF	TRBV15	TRBJ2-5
CASSQAPKETQYF	TRBV14	TRBJ2-5
CASSAAPKETQYF	TRBV5-1	TRBJ2-5
CASSRTQGPSYEQYF	TRBV3-1	TRBJ2-7
CASSVTQGPSYEQYF	TRBV6-1	TRBJ2-7
CASSSRTSGGETQYF	TRBV5-4	TRBJ2-5
CASSSRTGGGETQYF	TRBV7-7	TRBJ2-5
CASSLGGGEQFF	TRBV27	TRBJ2-1
CASSLGGNEQFF	TRBV18	TRBJ2-1
CASSLGGTEAFF	TRBV7-9	TRBJ1-1
CASSLGGGEVFF	TRBV12-4	TRBJ1-1
CASSLGGGEQYF	TRBV12-4	TRBJ2-7
CASSLGNQETQYF	TRBV7-8	TRBJ2-5
CASSLVNQETQYF	TRBV28	TRBJ2-5
CASSLENQETQYF	TRBV5-4	TRBJ2-5
CASSRRPQERNEKLFF	TRBV4-1	TRBJ1-4
CASSERRPQGVIPLHF	TRBV2	TRBJ1-6
CASYVRRPQETQYF	TRBV6-6	TRBJ2-5
CASSRRPQGVNDGYTF	TRBV2	TRBJ1-2
CASSGIAARESYEQYF	TRBV2	TRBJ2-7
CASSREGIAASYEQYF	TRBV4-1	TRBJ2-7
CASSVGGIAAQETQYF	TRBV9	TRBJ2-5
CAWSPDRGIAAQHF	TRBV30	TRBJ1-5
CASSQWLNTEAFF	TRBV4-3	TRBJ1-1
CASSQELNTEAFF	TRBV4-2	TRBJ1-1
CASSQGLNTEAFF	TRBV14	TRBJ1-1
CAWRRDRRYETQYF	TRBV30	TRBJ2-5
CASSVGTRYETQYF	TRBV10-2	TRBJ2-5
CASSSRYETQYF	TRBV5-5	TRBJ2-5
CASSADTFSGNTIYF	TRBV5-5	TRBJ1-3
CASSADTVSGNTIYF	TRBV6-1	TRBJ1-3
CASSLGNSGGELFF	TRBV7-8	TRBJ2-2
CASSLGNLGGELFF	TRBV11-2	TRBJ2-2
CASSYGGLSGNTIYF	TRBV6-5	TRBJ1-3
CASSYRGLSGNTIYF	TRBV6-6	TRBJ1-3
CASSPRDGPNEKLFF	TRBV19	TRBJ1-4
CASSPRQGPNEKLFF	TRBV19	TRBJ1-4
CASSPGTGVYGYTF	TRBV28	TRBJ1-2
CASGPGTGVYGYTF	TRBV2	TRBJ1-2
CASSLDSKNTEAFF	TRBV7-9	TRBJ1-1
CASSLDGKNTEAFF	TRBV11-3	TRBJ1-1
CASSDTGGSNQPQHF	TRBV6-1	TRBJ1-5
CASSDTGSSNQPQHF	TRBV6-1	TRBJ1-5
CASSPRTGGTFEQYF	TRBV7-6	TRBJ2-7
CASSPRTGGTGELFF	TRBV6-1	TRBJ2-2
CASSSTRGDEQYF	TRBV27	TRBJ2-7
CASSLTRGDEAFF	TRBV7-3	TRBJ1-1
CASSPRDGPNEKLFF	TRBV19	TRBJ1-4
CASSPRDGKNEKLFF	TRBV5-1	TRBJ1-4
CASSLDITPYEQYV	TRBV11-2	TRBJ2-7
CASSLDNTPYEQYF	TRBV5-1	TRBJ2-7
CASSLRDSVDTQYF	TRBV11-2	TRBJ2-3
CASSLRDSTDTQYF	TRBV7-2	TRBJ2-3
CASSLRDSTDTQYF	TRBV11-2	TRBJ2-3
CASSLSDIQYF	TRBV2	TRBJ2-4
CASSLSQIQYF	TRBV12-3	TRBJ2-4
CASSRQRGTDTQYF	TRBV15	TRBJ2-3
CASSRQGGTDTQYF	TRBV5-1	TRBJ2-3
CASSLGARAGETQYF	TRBV27	TRBJ2-5
CASSLGGRAGETQYF	TRBV5-4	TRBJ2-5
CASSRGDITDTQYF	TRBV19	TRBJ2-3
CATSRGGITDTQYF	TRBV15	TRBJ2-3
CASSQQGAGTQYF	TRBV3-1	TRBJ2-3
CASSQQGAGGYTF	TRBV3-1	TRBJ1-2
CASSLVQLAFF	TRBV7-9	TRBJ1-1
CASSLVQEQFF	TRBV13	TRBJ2-1
CATSQGSDGYTF	TRBV2	TRBJ1-2
CASSQGSDTQYF	TRBV3-1	TRBJ2-3
CASSLVAGRNEQFF	TRBV7-2	TRBJ2-1
CASSLQAGRNEQFF	TRBV28	TRBJ2-1
CASSLAGGPRDTQYF	TRBV5-4	TRBJ2-3
CASSLAGGPRNTQYF	TRBV14	TRBJ2-3
CASSLGLDTYNEQFF	TRBV27	TRBJ2-1
CASSLGLDLYNEQFF	TRBV5-4	TRBJ2-1
CASSARGETQYF	TRBV12-3	TRBJ2-5
CASSARGDTQYF	TRBV9	TRBJ2-3
CASSSTGAGANVLTF	TRBV12-3	TRBJ2-6
CASRSTGAGANVLTF	TRBV6-3	TRBJ2-6
CASSTGTGGVETQYF	TRBV2	TRBJ2-5
CASSGGTGGVETQYF	TRBV6-1	TRBJ2-5
CASSGGLVYEQYF	TRBV6-3	TRBJ2-7
CASSGGLVYGYTF	TRBV5-4	TRBJ1-2
CASSKGQDSTF	TRBV7-9	TRBJ1-2
CASSIGQDVYF	TRBV19	TRBJ2-4
CASSIGQDVYF	TRBV19	TRBJ2-4
CASSPGGLATDTQYF	TRBV5-4	TRBJ2-3
CASSPGGLGTDTQYF	TRBV2	TRBJ2-3
CASGTGTGEETQYF	TRBV2	TRBJ2-5
CSATTGTGEETQYF	TRBV29-1	TRBJ2-5
CAWSVGDTIYF	TRBV30	TRBJ1-3
CASSVGTTQFF	TRBV5-6	TRBJ2-1
CASSVGETQYF	TRBV2	TRBJ2-5
CASSPGGVSYNEQFF	TRBV18	TRBJ2-1
CASSPGGFSYNEQFF	TRBV5-4	TRBJ2-1
CASSPGGSSYNEQFF	TRBV7-9	TRBJ2-1
CAISEVIQRDANTGELFF	TRBV10-3	TRBJ2-2
CASSYSIQRDENEQYF	TRBV6-7	TRBJ2-7
CASSIQRDGYTF	TRBV19	TRBJ1-2
CASSIQRDGYTF	TRBV19	TRBJ1-2
CAISDYNEQFF	TRBV10-3	TRBJ2-1
CSASPYNEQFF	TRBV20-1	TRBJ2-1
CASSFYNEQFF	TRBV2	TRBJ2-1
CASSLYNEQFF	TRBV12-4	TRBJ2-1
CATSDYNEQFF	TRBV24-1	TRBJ2-1
CASSFQGYTEAFF	TRBV28	TRBJ1-1
CASSFQGYTEAFF	TRBV28	TRBJ1-1
CASSFQGGTEAFF	TRBV25-1	TRBJ1-1
CAWSFQGDTEAFF	TRBV30	TRBJ1-1
CASSLGQGGQPQHF	TRBV7-9	TRBJ1-5
CASSLGQGNQPQHF	TRBV7-9	TRBJ1-5
CASSLGQGNQPQHF	TRBV2	TRBJ1-5
CASSLGQGIQPQHF	TRBV28	TRBJ1-5
CASRTNLALTGELFF	TRBV6-3	TRBJ2-2
CASKELTNLAEAFF	TRBV7-2	TRBJ1-1
CATSREKTNLAKNIQYF	TRBV15	TRBJ2-4
CASSKGATDTQYF	TRBV10-1	TRBJ2-3
CASSQGATDTQYF	TRBV4-3	TRBJ2-3
CASSDGATDTQYF	TRBV6-4	TRBJ2-3
CASSLDRGNTIYF	TRBV9	TRBJ1-3
CASSLDRGKTQYF	TRBV11-3	TRBJ2-5
CASSRQRNTEAFF	TRBV4-1	TRBJ1-1
CSVARQRNTEAFF	TRBV29-1	TRBJ1-1
CASSPRREMNTEAFF	TRBV12-3	TRBJ1-1
CASSPRRGMNTEAFF	TRBV5-4	TRBJ1-1
CATSPTATSTDTQYF	TRBV24-1	TRBJ2-3
CASSPTGTSTDTQYF	TRBV3-1	TRBJ2-3
CASSRTVNTGELFF	TRBV6-5	TRBJ2-2
CASRRTVNTGELFF	TRBV4-3	TRBJ2-2
CATSRGQGREKLFF	TRBV15	TRBJ1-4
CASSRGQGRETQYF	TRBV28	TRBJ2-5
CSARPGLANEQFF	TRBV20-1	TRBJ2-1
CASRGGLANEQYF	TRBV2	TRBJ2-7
CASSPGASGNEQFF	TRBV4-2	TRBJ2-1
CASSVGASGNEQFF	TRBV9	TRBJ2-1
CASSDRGDSPLHF	TRBV4-1	TRBJ1-6
CASSDRADSPLHF	TRBV19	TRBJ1-6
CASSQGGTYYQFF	TRBV3-1	TRBJ2-1
CASSQGGTYEQYF	TRBV4-1	TRBJ2-7
CASSIGGGGNQPQHF	TRBV19	TRBJ1-5
CASSIGGGLNQPQHF	TRBV19	TRBJ1-5
CASSFGGGYSEQYF	TRBV27	TRBJ2-7
CASSFGGGYNEQFF	TRBV11-2	TRBJ2-1
CASSSVYNEQFF	TRBV6-3	TRBJ2-1
CASSSVYGELFF	TRBV7-2	TRBJ2-2
CASSLNTGREAFF	TRBV19	TRBJ1-1
CASSLNLGRELFF	TRBV11-2	TRBJ1-4
CASSLTQGVGGYTF	TRBV5-6	TRBJ1-2
CAWSLEQGVGGYTF	TRBV30	TRBJ1-2
CSARDRRSYGYTF	TRBV20-1	TRBJ1-2
CSARDRRNYGYTF	TRBV20-1	TRBJ1-2
CASSSERESDTQYF	TRBV7-3	TRBJ2-3
CASSLERESDTQYF	TRBV5-1	TRBJ2-3
CASSSRDRGTTGELFF	TRBV7-6	TRBJ2-2
CASSSRDRGITGELFF	TRBV12-4	TRBJ2-2
CASSPRAASYNEQFF	TRBV13	TRBJ2-1
CASSPRLASYNEQFF	TRBV6-5	TRBJ2-1
CASSESGQYNEQFF	TRBV10-1	TRBJ2-1
CASSQSGQYNEQFF	TRBV3-1	TRBJ2-1
CASSGTGTNTGELFF	TRBV2	TRBJ2-2
CASSGRGTNTGELFF	TRBV6-6	TRBJ2-2
CATSGFGGETQYF	TRBV15	TRBJ2-5
CASSYFGGETQYF	TRBV6-5	TRBJ2-5
CASSLTTNSYEQYF	TRBV27	TRBJ2-7
CASSLSTNSYEQYF	TRBV27	TRBJ2-7
CASSLRDIQYF	TRBV7-8	TRBJ2-4
CASSLSDIQYF	TRBV2	TRBJ2-4
CASSLIRGSPLHF	TRBV7-6	TRBJ1-6
CASSLVRGSPLHF	TRBV7-2	TRBJ1-6
CASSREGQNEQYF	TRBV19	TRBJ2-7
CASSLEGQNEQYF	TRBV7-9	TRBJ2-7
CASSLAGGGEQYV	TRBV7-9	TRBJ2-7
CASSLAGGNEQFF	TRBV5-1	TRBJ2-1
CASSLAGGAEQFF	TRBV7-7	TRBJ2-1
CASSLAGGTEAFF	TRBV5-1	TRBJ1-1
CASSLARGNEQFF	TRBV27	TRBJ2-1
CASSLARGTEAFF	TRBV5-1	TRBJ1-1
CASSLARGPEQYF	TRBV5-1	TRBJ2-7
CASSLGGYQPQHF	TRBV7-2	TRBJ1-5
CAWSLGGVQPQHF	TRBV30	TRBJ1-5
CASSLGGNQPQHF	TRBV11-2	TRBJ1-5
CASSLRGGPYEQYF	TRBV7-4	TRBJ2-7
CASSLAGGPYEQFF	TRBV6-5	TRBJ2-1
CASSLVGGPYEQYF	TRBV27	TRBJ2-7
CASSLGVNTEAFF	TRBV11-3	TRBJ1-1
CASSVGVNTEAFF	TRBV9	TRBJ1-1
CASSRGVNTEAFF	TRBV4-1	TRBJ1-1
CASSIGVNTEAFF	TRBV19	TRBJ1-1
CASSLFGLETPYEQYF	TRBV7-9	TRBJ2-7
CASSLFGLAGGSGQAYEQYF	TRBV6-3	TRBJ2-7
CASSLFGLRATEAFF	TRBV28	TRBJ1-1
CASSLFGLADNEQFF	TRBV7-9	TRBJ2-1
CASSLRATDTQYF	TRBV7-3	TRBJ2-3
CASSLPATDTQYF	TRBV28	TRBJ2-3
CASSLSATDTQYF	TRBV11-2	TRBJ2-3
CASSPGQGPYEQYF	TRBV6-1	TRBJ2-7
CASSPGQGVYEQYF	TRBV5-4	TRBJ2-7
CASSPGQGTYEQYF	TRBV18	TRBJ2-7
CATSPGQGSYEQYF	TRBV24-1	TRBJ2-7
CASSQGQGPYEQYF	TRBV4-1	TRBJ2-7
CASSQGQGSYEQYF	TRBV4-1	TRBJ2-7
CASSQGQGRYEQYF	TRBV14	TRBJ2-7
CASSPGQHTDTQYF	TRBV11-3	TRBJ2-3
CASSPGQTTDTQYF	TRBV9	TRBJ2-3
CASSPGQYTDTQYF	TRBV6-5	TRBJ2-3
CASSLGGNGELFF	TRBV12-4	TRBJ2-2
CASSLGGNTEAFF	TRBV5-1	TRBJ1-1
CASSLGGNTEAFF	TRBV6-3	TRBJ1-1
CASSLGGNNEQFF	TRBV7-8	TRBJ2-1
CASSLGQPDEAFF	TRBV11-2	TRBJ1-1
CASSLGGPDEQYF	TRBV19	TRBJ2-7
CSAAGLAGWNEQFF	TRBV20-1	TRBJ2-1
CSVAGLAGNNEQFF	TRBV29-1	TRBJ2-1
CASSLAGGKQFF	TRBV28	TRBJ2-1
CASSLGGGKQFF	TRBV11-1	TRBJ2-1
CASSFSHQPQHF	TRBV28	TRBJ1-5
CSASFSNQPQHF	TRBV20-1	TRBJ1-5
CASSLSSVSEQYF	TRBV7-2	TRBJ2-7
CASSLSSVAEAFF	TRBV7-2	TRBJ1-1
CASSPTGGGPYEQYF	TRBV5-5	TRBJ2-7
CAISETGGGPYEQYF	TRBV10-3	TRBJ2-7
CASSQGTGGNTIYF	TRBV3-1	TRBJ1-3
CASSQGTGGETQYF	TRBV3-1	TRBJ2-5
CASRGGAGYTQYF	TRBV27	TRBJ2-3
CASRGGAGETQYF	TRBV7-9	TRBJ2-5
CATSRGGRAYNEQFF	TRBV15	TRBJ2-1
CATSRSGRAYNEQFF	TRBV24-1	TRBJ2-1
CSVGTGPGEQYF	TRBV29-1	TRBJ2-7
CASSTGPGELFF	TRBV12-3	TRBJ2-2
CASSVTSAEQFF	TRBV9	TRBJ2-1
CASSVTSREQFF	TRBV9	TRBJ2-1
CSAKGGGGNTIYF	TRBV20-1	TRBJ1-3
CSVEGGGGNTIYF	TRBV29-1	TRBJ1-3
CSVEGGGGNTIYF	TRBV29-1	TRBJ1-3
CASSLWGPDTQYF	TRBV5-8	TRBJ2-3
CASSLWGTDTQYF	TRBV27	TRBJ2-3
CASSMTGGGQETQYF	TRBV18	TRBJ2-5
CASSHTGGGQETQYF	TRBV4-1	TRBJ2-5
CASSQNDRVNTEAFF	TRBV6-6	TRBJ1-1
CASSQVDRVNTEAFF	TRBV14	TRBJ1-1
CASSEDRANTF	TRBV6-1	TRBJ1-2
CASSEDRFQHF	TRBV6-1	TRBJ1-5
CASSPRGGPTDTQYF	TRBV7-2	TRBJ2-3
CASSTRGGPTDTQYF	TRBV9	TRBJ2-3
CASSLGQGGQPQHF	TRBV7-9	TRBJ1-5
CASSLGQAGQPQHF	TRBV28	TRBJ1-5
CSASFSNQPQHF	TRBV20-1	TRBJ1-5
CAGGFSNQPQHF	TRBV18	TRBJ1-5
CASSKGVPDTQYF	TRBV28	TRBJ2-3
CASSKGQPDTQYF	TRBV2	TRBJ2-3
CASSESFNQPQHF	TRBV10-1	TRBJ1-5
CAISEGFNQPQHF	TRBV10-3	TRBJ1-5
CASSFGETQYF	TRBV19	TRBJ2-5
CASSFGEKLFF	TRBV7-9	TRBJ1-4
CASSLGGTVETQYF	TRBV7-2	TRBJ2-5
CASSLGGTQETQYF	TRBV7-9	TRBJ2-5
CASSLYEGDTQYF	TRBV7-9	TRBJ2-3
CASSLYPGDTQYF	TRBV27	TRBJ2-3
CASSLGGRSYEQYF	TRBV13	TRBJ2-7
CASSLGGRSGELFF	TRBV7-2	TRBJ2-2
CASLGETQYF	TRBV10-2	TRBJ2-5
CASLGETQYF	TRBV10-2	TRBJ2-5
CASLGELQYF	TRBV28	TRBJ2-7
CASSLSQDTQYF	TRBV5-4	TRBJ2-3
CASSLSQETQYF	TRBV11-2	TRBJ2-5
CASSPPGTTGEQYF	TRBV18	TRBJ2-7
CASSPPGPTGEQYF	TRBV6-1	TRBJ2-7
CASSFGTGGQETQYF	TRBV12-4	TRBJ2-5
CASSFGTGYQETQYF	TRBV7-2	TRBJ2-5
CATSGQGDYGYTF	TRBV15	TRBJ1-2
CASSGQDDYGYTF	TRBV2	TRBJ1-2
CASSLAGTEAFF	TRBV28	TRBJ1-1
CASSLKGTEAFF	TRBV7-8	TRBJ1-1
CASSLGGTEAFF	TRBV7-9	TRBJ1-1
CASSLQGTEQYF	TRBV19	TRBJ2-7
CASSLEGGNEQFF	TRBV12-3	TRBJ2-1
CASSLEGQNEQYF	TRBV7-9	TRBJ2-7
CASSLEGYNEQFF	TRBV5-1	TRBJ2-1
CASSLGRGNEQFF	TRBV5-1	TRBJ2-1
CASSLGQGNEQYF	TRBV7-9	TRBJ2-7
CASSLGWGNEQFF	TRBV7-3	TRBJ2-1
CASSLGVNTEAFF	TRBV11-3	TRBJ1-1
CASSLGGNTEAFF	TRBV5-1	TRBJ1-1
CASSLGGNTEAFF	TRBV6-3	TRBJ1-1
CASSLGQNTEAFF	TRBV11-3	TRBJ1-1
CASSLGANTEAFF	TRBV7-9	TRBJ1-1
CASSLGNTEAFF	TRBV5-1	TRBJ1-1
CASSLGGTEAFF	TRBV7-9	TRBJ1-1
CASSLGFTEAFF	TRBV12-3	TRBJ1-1
CASSLGATEAFF	TRBV7-9	TRBJ1-1
CASSLGGNGELFF	TRBV12-4	TRBJ2-2
CASSLGGIGELFF	TRBV7-9	TRBJ2-2
CASSLGGRGEQYF	TRBV5-4	TRBJ2-7
CASSYGTGAREQYF	TRBV6-5	TRBJ2-7
CASSLGTGAREQYF	TRBV5-1	TRBJ2-7
CSVGQGGTNEKLFF	TRBV29-1	TRBJ1-4
CSVGMGGTNEKLFF	TRBV29-1	TRBJ1-4
CASSWGLAGGTDTQYF	TRBV5-1	TRBJ2-3
CASSLGLAGGTDTQYF	TRBV6-5	TRBJ2-3
CASSPGLAGGTDTQYF	TRBV2	TRBJ2-3
CASSYSQGQETQYF	TRBV6-5	TRBJ2-5
CASSLSQGQETQYF	TRBV12-3	TRBJ2-5
CASSLGASGNTIYF	TRBV7-8	TRBJ1-3
CASSLGAWGNTIYF	TRBV11-2	TRBJ1-3
CASSLAAGSSYEQYF	TRBV7-3	TRBJ2-7
CASSSAAGSSYEQYF	TRBV7-2	TRBJ2-7
CASSSSGPGEQYF	TRBV7-6	TRBJ2-7
CASSSAGPGEQYF	TRBV4-1	TRBJ2-7
CATSSRTGSNEQFF	TRBV15	TRBJ2-1
CASSLRTGSNEQYF	TRBV27	TRBJ2-7
CASSLTRDTDTQYF	TRBV7-2	TRBJ2-3
CASSLTRHTDTQYF	TRBV5-1	TRBJ2-3
CASSIGQGNQPQHF	TRBV2	TRBJ1-5
CASSIRQGNQPQHF	TRBV19	TRBJ1-5
CASSLGGAGDTQYF	TRBV12-3	TRBJ2-3
CASSLGGAGNTIYF	TRBV28	TRBJ1-3
CASSPGTSGGDTQYF	TRBV5-6	TRBJ2-3
CASSPGTSGGRTQYF	TRBV7-9	TRBJ2-5
CASSPYTGGTGELFF	TRBV12-4	TRBJ2-2
CASSPRTGGTGELFF	TRBV6-1	TRBJ2-2
CASSSTVNTEAFF	TRBV19	TRBJ1-1
CASSSTENTEAFF	TRBV28	TRBJ1-1
CASSSTANTEAFF	TRBV27	TRBJ1-1
CASSVGLAGGPSTDTQYF	TRBV9	TRBJ2-3
CASSEGLAGGPSTDTQYF	TRBV2	TRBJ2-3
CASSFSGSDEQYF	TRBV5-1	TRBJ2-7
CASSLSGSDEQYF	TRBV5-8	TRBJ2-7
CASSDGGRETQYF	TRBV9	TRBJ2-5
CASSDGGQETQYF	TRBV28	TRBJ2-5
CSVSTGTSGSEQFF	TRBV29-1	TRBJ2-1
CASSPGTSGSEQYF	TRBV18	TRBJ2-7
CASSLARGNEQFF	TRBV27	TRBJ2-1
CASSLAGGNEQFF	TRBV5-1	TRBJ2-1
CASSLASGNEQFF	TRBV11-2	TRBJ2-1
CASSSTGVHGYTF	TRBV7-9	TRBJ1-2
CASSLTGVHGYTF	TRBV28	TRBJ1-2
CASSPQGNTGELFF	TRBV18	TRBJ2-2
CASSPQGNTGELFF	TRBV7-2	TRBJ2-2
CASSGQGNTGELFF	TRBV11-1	TRBJ2-2
CASSAQGNTGELFF	TRBV7-3	TRBJ2-2
CASSLRAADTQYF	TRBV18	TRBJ2-3
CASSLRATDTQYF	TRBV7-3	TRBJ2-3
CASSVGRNYGYTF	TRBV6-3	TRBJ1-2
CASVVGRNYGYTF	TRBV5-6	TRBJ1-2
CATSQGSKNIQYF	TRBV24-1	TRBJ2-4
CASSQGAKNIQYF	TRBV7-9	TRBJ2-4
CASRDRGNTIYF	TRBV19	TRBJ1-3
CASRDRGYTIYF	TRBV2	TRBJ1-3
CASSLSDIQYF	TRBV2	TRBJ2-4
CASSLSDTQYF	TRBV7-9	TRBJ2-3
CASSLGGGTPYEQYF	TRBV5-1	TRBJ2-7
CASSLGGGTSYEQYF	TRBV28	TRBJ2-7
CASSLRGPNTGELFF	TRBV13	TRBJ2-2
CASSRRGPNTGELFF	TRBV9	TRBJ2-2
CASSVVQGGTDTQYF	TRBV9	TRBJ2-3
CASSVVTGGTDTQYF	TRBV9	TRBJ2-3
CASSPGQGRLAFF	TRBV12-3	TRBJ1-1
CASSPGQGREQYF	TRBV7-9	TRBJ2-7
CASSPRTGGNGELFF	TRBV4-2	TRBJ2-2
CASSPRTGGTGELFF	TRBV6-1	TRBJ2-2
CASSLGPGTGEAFF	TRBV5-1	TRBJ1-1
CASSLGPGTSEQYF	TRBV11-2	TRBJ2-7
CASSLTGATEAFF	TRBV19	TRBJ1-1
CASSLTGLTEAFF	TRBV11-3	TRBJ1-1
CASSLTGGTEAFF	TRBV5-1	TRBJ1-1
CASSLGGGEQFF	TRBV27	TRBJ2-1
CASSPGGGELFF	TRBV7-3	TRBJ2-2
CASSLGGGEQYF	TRBV12-4	TRBJ2-7
CASSLGGGEVFF	TRBV12-4	TRBJ1-1
CASSLEVGEFAF	TRBV5-1	TRBJ1-2
CASSLETGELFF	TRBV2	TRBJ2-2
CAWSLETGELFF	TRBV30	TRBJ2-2
CASSYRGNTEAFF	TRBV6-3	TRBJ1-1
CASSYTGNTEAFF	TRBV5-6	TRBJ1-1
CASSYVGNTEAFF	TRBV6-3	TRBJ1-1
CASSPDTYEQYF	TRBV12-4	TRBJ2-7
CASSPDSYEQYF	TRBV6-6	TRBJ2-7
CASSPDTYEQFF	TRBV12-4	TRBJ2-1
CSAGDGETQYF	TRBV20-1	TRBJ2-5
CSGGDSETQYF	TRBV29-1	TRBJ2-5
CASSYGTDTQYF	TRBV6-6	TRBJ2-3
CASRYGTDTQYF	TRBV19	TRBJ2-3
CASSPRQTNYGYTF	TRBV27	TRBJ1-2
CASSPRLTNYGYTF	TRBV6-3	TRBJ1-2
CASSIGGGGNQPQHF	TRBV19	TRBJ1-5
CASSIGQGGNQPQHF	TRBV19	TRBJ1-5
CASSPGLAGGRTDTQYF	TRBV11-2	TRBJ2-3
CASSTGLAGGRTDTQYF	TRBV19	TRBJ2-3
CASSSGVGYTF	TRBV6-1	TRBJ1-2
CASSSQVGQYF	TRBV6-5	TRBJ2-7
CASSFGQGANNEQFF	TRBV4-1	TRBJ2-1
CASSRGQGANNEQFF	TRBV12-4	TRBJ2-1
CASSLDRASPLHF	TRBV5-1	TRBJ1-6
CASSLDRNSPLHF	TRBV7-2	TRBJ1-6
CASREGGVNEQFF	TRBV28	TRBJ2-1
CASRTGGVNEQYF	TRBV27	TRBJ2-7
CASTPGLMNTEAFF	TRBV7-9	TRBJ1-1
CASTPGTMNTEAFF	TRBV27	TRBJ1-1
CASSSYTGELFF	TRBV7-2	TRBJ2-2
CAILSYTGELFF	TRBV10-3	TRBJ2-2
CASSPTSGRSYNEQFF	TRBV5-1	TRBJ2-1
CASSSTSGRSYNEQFF	TRBV7-9	TRBJ2-1
CASSTGEQFF	TRBV2	TRBJ2-1
CASSRGEQFF	TRBV2	TRBJ2-1
CASSAGELFF	TRBV25-1	TRBJ2-2
CASSDGEQFF	TRBV10-2	TRBJ2-1
CAWSVRDRGNQPQHF	TRBV30	TRBJ1-5
CASSERDRGNQPQHF	TRBV6-1	TRBJ1-5
CASSEGGQDTQYF	TRBV6-1	TRBJ2-3
CASSEGGTDTQYF	TRBV2	TRBJ2-3
CASSPPGTAYNEQFF	TRBV18	TRBJ2-1
CASSPAGTAYNEQFF	TRBV5-8	TRBJ2-1
CASSLAPLSSYEQYF	TRBV7-2	TRBJ2-7
CASSLAPGSSYEQYF	TRBV5-1	TRBJ2-7
CSVGGDYEQYF	TRBV29-1	TRBJ2-7
CASGGDTEAFF	TRBV28	TRBJ1-1
CASSPAGGPTDTQYF	TRBV6-1	TRBJ2-3
CASSPRGGPTDTQYF	TRBV7-2	TRBJ2-3
CASRASGGSYEQYF	TRBV7-3	TRBJ2-7
CASRASGGSYEQYF	TRBV7-3	TRBJ2-7
CASRASGGSYEQYF	TRBV7-3	TRBJ2-7
CSARASGGLYEQYF	TRBV20-1	TRBJ2-7
CASSFSYGYTF	TRBV28	TRBJ1-2
CASSFSYEQYF	TRBV6-3	TRBJ2-7
CASSLNVDTQYF	TRBV28	TRBJ2-3
CASSLNTDTQYF	TRBV12-4	TRBJ2-3
CASSSQDNQPQHF	TRBV11-2	TRBJ1-5
CASSSTDNQPQHF	TRBV7-8	TRBJ1-5
CASSLSEGDTQYF	TRBV27	TRBJ2-3
CASSLYEGDTQYF	TRBV7-9	TRBJ2-3
CASSLAGNTGELFF	TRBV28	TRBJ2-2
CASSLAGNKGEQYF	TRBV28	TRBJ2-7
CSARARDYEQYF	TRBV20-1	TRBJ2-7
CSARRRDYEQYF	TRBV20-1	TRBJ2-7
CRSGGHYGYTF	TRBV30	TRBJ1-2
CASGGAYGYTF	TRBV6-5	TRBJ1-2
CASGGNYGYTF	TRBV2	TRBJ1-2
CASSETDTQYF	TRBV2	TRBJ2-3
CASSRTDTQYF	TRBV7-2	TRBJ2-3
CATSITDTQYF	TRBV24-1	TRBJ2-3
CASSLTDTQYF	TRBV3-1	TRBJ2-3
CASSLTDTQYF	TRBV7-2	TRBJ2-3
CASSLAGADTQYF	TRBV14	TRBJ2-3
CASSLAGVDTQYF	TRBV7-9	TRBJ2-7
CASSLAGTDTQYF	TRBV7-2	TRBJ2-3
CSARWERSSYNEQFF	TRBV20-1	TRBJ2-1
CASRWEREVQETQYF	TRBV28	TRBJ2-5
CASSLGQGLGAFF	TRBV11-2	TRBJ1-1
CASSPGQGLGYTF	TRBV5-1	TRBJ1-2
CASSYSQVTGELFF	TRBV6-6	TRBJ2-2
CASSYSAVTGELFF	TRBV6-6	TRBJ2-2
CASSLAGGGKTQYF	TRBV28	TRBJ2-5
CASSLAGGGETQYF	TRBV11-2	TRBJ2-5
CASSVSGGAGNEQFF	TRBV9	TRBJ2-1
CASSFSGGAGNEQFF	TRBV7-9	TRBJ2-1
CASSLRRGNEQFF	TRBV6-3	TRBJ2-1
CASSLRRGGEQYF	TRBV11-3	TRBJ2-7
CASSPGTGINEKLFF	TRBV28	TRBJ1-4
CASSPGTGSNEKLFF	TRBV6-5	TRBJ1-4
CASSPGTAPNYGYTF	TRBV7-2	TRBJ1-2
CASSPGTAYNYGYTF	TRBV13	TRBJ1-2
CASSIGGNEQFF	TRBV19	TRBJ2-1
CASSIGGNGYTF	TRBV19	TRBJ1-2
CASKDGLSYEQYF	TRBV5-1	TRBJ2-7
CASKTGLSYEQYF	TRBV10-2	TRBJ2-7
CASSLLTDNEQFF	TRBV5-1	TRBJ2-1
CASSLLRDNEQFF	TRBV5-6	TRBJ2-1
CASSSTVNTEAFF	TRBV19	TRBJ1-1
CSARSTVNTEAFF	TRBV20-1	TRBJ1-1
CASSLRLASYNEQFF	TRBV7-3	TRBJ2-1
CASSPRLASYNEQFF	TRBV6-5	TRBJ2-1
CASSPGGFSYNEQFF	TRBV5-4	TRBJ2-1
CASSSGGFSYNEQFF	TRBV5-1	TRBJ2-1
CASSVDGGRTDTQYF	TRBV9	TRBJ2-3
CASSVAGGRTDTQYF	TRBV27	TRBJ2-3
CASSLAGSGANVLTF	TRBV5-6	TRBJ2-6
CASSGAGSGANVLTF	TRBV5-1	TRBJ2-6
CSATRGYTGELFF	TRBV20-1	TRBJ2-2
CASGRGYTGELFF	TRBV2	TRBJ2-2
CASSPGANYEQYF	TRBV5-4	TRBJ2-7
CASSPSANYEQYF	TRBV18	TRBJ2-7
CAISESGNQPQHF	TRBV10-3	TRBJ1-5
CASSESFNQPQHF	TRBV10-1	TRBJ1-5
CASSIQGGTEAFF	TRBV19	TRBJ1-1
CASSPQGGTEAFF	TRBV18	TRBJ1-1
CASSFQGGTEAFF	TRBV25-1	TRBJ1-1
CASSSVYNEQFF	TRBV6-3	TRBJ2-1
CASSSSYNEQFF	TRBV5-1	TRBJ2-1
CASSSRYNEQFF	TRBV7-2	TRBJ2-1
CASSSRYNEQFF	TRBV7-2	TRBJ2-1
CASSSRYNEQFF	TRBV7-2	TRBJ2-1
CASSSRYNEQFF	TRBV7-2	TRBJ2-1
CASSSRYNEQFF	TRBV7-2	TRBJ2-1
CASSLVREQFF	TRBV7-8	TRBJ2-1
CASSLVSEQFF	TRBV5-4	TRBJ2-1
CASSLVQEQFF	TRBV13	TRBJ2-1
CASSQGSGYTF	TRBV18	TRBJ1-2
CASSQDSGAFF	TRBV4-2	TRBJ1-1
CASSRDRGEQFF	TRBV7-6	TRBJ2-1
CATSRDRGELFF	TRBV15	TRBJ2-2
CASSRDAGELFF	TRBV5-1	TRBJ2-2
CASSYSGYGYTF	TRBV6-5	TRBJ1-2
CASSYSGYEQYF	TRBV6-6	TRBJ2-7
CASSRQPTGELFF	TRBV7-3	TRBJ2-2
CASSRQNTGELFF	TRBV2	TRBJ2-2
CASSLTTNSYEQYF	TRBV27	TRBJ2-7
CASSLTGNSYEQYF	TRBV11-2	TRBJ2-7
CASSWSSGNTIYF	TRBV5-6	TRBJ1-3
CASSWESGNTIYF	TRBV11-3	TRBJ1-3
CASSQGGSVEQYF	TRBV7-9	TRBJ2-7
CASSQGGSYEQYF	TRBV4-1	TRBJ2-7
CATSRDRGGTGELFF	TRBV15	TRBJ2-2
CASSPDRGGTGELFF	TRBV5-6	TRBJ2-2
CASSSTWGQETQYF	TRBV12-4	TRBJ2-5
CASSSTSGQETQYF	TRBV7-8	TRBJ2-5
CASSLTSPPYNEQFF	TRBV18	TRBJ2-1
CASSLTSRPYNEQFF	TRBV7-7	TRBJ2-1
CASSVTGAYGYTF	TRBV7-9	TRBJ1-2
CASSVTGVYGYTF	TRBV6-1	TRBJ1-2
CASSGPSGSSYEQYF	TRBV28	TRBJ2-7
CASSPPSGSSYEQYF	TRBV6-5	TRBJ2-7
CSVERQMNTEAFF	TRBV29-1	TRBJ1-1
CSVERQENTEAFF	TRBV29-1	TRBJ1-1
CASSDTSGRYEQYF	TRBV19	TRBJ2-7
CASSRTSGRYEQYF	TRBV19	TRBJ2-7
CASSLDRNSPLHF	TRBV7-2	TRBJ1-6
CASSLDQNSPLHF	TRBV7-9	TRBJ1-6
CASSLGGIYEQYF	TRBV27	TRBJ2-7
CASSLGGIGELFF	TRBV7-9	TRBJ2-2
CASSTALSSYEQYF	TRBV19	TRBJ2-7
CASSLALSSYEQYF	TRBV12-4	TRBJ2-7
CASSPWGGLNTEAFF	TRBV7-9	TRBJ1-1
CASSPRGGLNTEAFF	TRBV27	TRBJ1-1
CASSLRLAGAGEQYF	TRBV12-3	TRBJ2-7
CASSLELAGAGEQYF	TRBV7-6	TRBJ2-7
CAWSVSANTGELFF	TRBV30	TRBJ2-2
CASSSSANTGELFF	TRBV7-2	TRBJ2-2
CASSGPGGGETQYF	TRBV2	TRBJ2-5
CASSGTGGGETQYF	TRBV2	TRBJ2-5
CASSGTGGGETQYF	TRBV2	TRBJ2-5
CASSLDQETQYF	TRBV7-8	TRBJ2-5
CASSLGQETQYF	TRBV7-8	TRBJ2-5
CASSLSQETQYF	TRBV11-2	TRBJ2-5
CASSLGQNTEAFF	TRBV11-3	TRBJ1-1
CASSVGQNTEAFF	TRBV9	TRBJ1-1
CASSPGQNTEAFF	TRBV18	TRBJ1-1
CASSQRTSGGSYEQYF	TRBV3-1	TRBJ2-7
CASSSRTSGGSYEQYF	TRBV5-1	TRBJ2-7
CASRSGNYGYTF	TRBV9	TRBJ1-2
CASRSGGYGYTF	TRBV5-1	TRBJ1-2
CASSPTVHYEQYF	TRBV7-8	TRBJ2-7
CASSPTVSYEQYF	TRBV18	TRBJ2-7
CSVAGLAGNNEQFF	TRBV29-1	TRBJ2-1
CASQGLAGNNEQFF	TRBV5-1	TRBJ2-1
CASSLQLQETQYF	TRBV4-1	TRBJ2-5
CASSPQLQETQYF	TRBV12-4	TRBJ2-5
CSGGRGETEAFF	TRBV29-1	TRBJ1-1
CSVERGETEAFF	TRBV29-1	TRBJ1-1
CASSGGLLYNEQFF	TRBV12-4	TRBJ2-1
CASSSGLLYNEQFF	TRBV7-9	TRBJ2-1
CASSPVGTEAFF	TRBV5-4	TRBJ1-1
CASSPGGTEAFF	TRBV12-3	TRBJ1-1
CASSPAGTEAFF	TRBV11-2	TRBJ1-1
CASSVGGGSPLHF	TRBV25-1	TRBJ1-6
CASSIGGGSPLHF	TRBV6-5	TRBJ1-6
CASSLGGAADTQYF	TRBV7-9	TRBJ2-3
CASSLGGAGDTQYF	TRBV12-3	TRBJ2-3
CSVRAGYGYTF	TRBV29-1	TRBJ1-2
CSARAGYEQYF	TRBV20-1	TRBJ2-7
CASSLTSGSTDTQYF	TRBV7-3	TRBJ2-3
CASSLTTGSTDTQYF	TRBV5-6	TRBJ2-3
CASSEGTGSYEQYF	TRBV7-7	TRBJ2-7
CASSESTGSYEQYF	TRBV10-1	TRBJ2-7
CASSQVNYGYTF	TRBV3-1	TRBJ1-2
CSARQVNYGYTF	TRBV20-1	TRBJ1-2
CASSLGGGNTEAFF	TRBV5-6	TRBJ1-1
CASRLGGGNTEAFF	TRBV6-5	TRBJ1-1
CASSPSGNTIYF	TRBV12-3	TRBJ1-3
CASSPSGNEQFF	TRBV27	TRBJ2-1
CASSTGTLNYGYTF	TRBV7-8	TRBJ1-2
CASSTGTENYGYTF	TRBV2	TRBJ1-2
CSFFGGNYEQYF	TRBV29-1	TRBJ2-7
CSVAGGNYEQYF	TRBV20-1	TRBJ2-7
CSVAGGNYEQYF	TRBV29-1	TRBJ2-7
CAWSRSWEQYF	TRBV30	TRBJ2-7
CASSRQWEQYF	TRBV5-8	TRBJ2-7
CASSLGQVFEQYV	TRBV7-8	TRBJ2-7
CASSLGQVTEAFF	TRBV5-1	TRBJ1-1
CASSVTGTNTGELFF	TRBV9	TRBJ2-2
CASSGTGTNTGELFF	TRBV2	TRBJ2-2
CASSPGATEAFF	TRBV6-5	TRBJ1-1
CASSPGNTEAFF	TRBV18	TRBJ1-1
CASSPGGTEAFF	TRBV12-3	TRBJ1-1
CASSQGGDEQYF	TRBV3-1	TRBJ2-7
CASSQGGYEQYV	TRBV14	TRBJ2-7
CASSQGGTEAFF	TRBV3-1	TRBJ1-1
CAWTSGGGETQYF	TRBV30	TRBJ2-5
CASTPGGGETQYF	TRBV28	TRBJ2-5
CAWSVQANTGELFF	TRBV30	TRBJ2-2
CAWSVSANTGELFF	TRBV30	TRBJ2-2
CASRPGQGTYGYTF	TRBV5-5	TRBJ1-2
CSARPGQGNYGYTF	TRBV20-1	TRBJ1-2
CASSQDQGGTEAFF	TRBV4-3	TRBJ1-1
CASSQEQGGTEAFF	TRBV4-1	TRBJ1-1
CASSLVGYGYTF	TRBV7-2	TRBJ1-2
CASSLVGQGAFF	TRBV7-9	TRBJ1-1
CASSLPATDTQYF	TRBV28	TRBJ2-3
CASSLPSTDTQYF	TRBV5-1	TRBJ2-3
CSASDRTSGNTIYF	TRBV20-1	TRBJ1-3
CAISDRISGNTIYF	TRBV10-3	TRBJ1-3
CASSYNSGANVLTF	TRBV6-3	TRBJ2-6
CASSYGSGANVLTF	TRBV6-3	TRBJ2-6
CASSTGTMNTEAFF	TRBV19	TRBJ1-1
CASSSGTMNTEAFF	TRBV6-6	TRBJ1-1
CASSDRGDSPLHF	TRBV4-1	TRBJ1-6
CASSDRGESPLHF	TRBV6-5	TRBJ1-6
CASTGQSYNEQFF	TRBV28	TRBJ2-1
CASQGQSYNEQFF	TRBV19	TRBJ2-1
CASSLQGTEQYF	TRBV19	TRBJ2-7
CASSLQRTEAFF	TRBV28	TRBJ1-1
CASSLDPGRETQYF	TRBV11-2	TRBJ2-5
CASSLSPGRETQYF	TRBV11-2	TRBJ2-5
CASRGQGATGELFF	TRBV11-2	TRBJ2-2
CSARGQGGTGELFF	TRBV20-1	TRBJ2-2
CSARGQGGTGELFF	TRBV20-1	TRBJ2-2
CASGDGYSNQPQHF	TRBV4-1	TRBJ1-5
CASSDGYSNQPQHF	TRBV9	TRBJ1-5
CASSLSFTDTQYF	TRBV7-9	TRBJ2-3
CASSLLFTDTQYF	TRBV6-5	TRBJ2-3
CASSLGTVQETQYF	TRBV5-4	TRBJ2-5
CASSLPTVQETQYF	TRBV4-1	TRBJ2-5
CASSVSGRQETQYF	TRBV11-2	TRBJ2-5
CASSVSGVQETQYF	TRBV9	TRBJ2-5
CSASRETQYF	TRBV20-1	TRBJ2-5
CASSRLTSDF	TRBV28	TRBJ1-2
CASSPQTSGTDTQYF	TRBV4-1	TRBJ2-3
CASSPGTSGTDTQYF	TRBV27	TRBJ2-3
CASSPGTSGGDTQYF	TRBV5-6	TRBJ2-3
CASSPGTSGTDTQYF	TRBV27	TRBJ2-3
CASSLRLAGYNEQFF	TRBV11-1	TRBJ2-1
CASSLRLASYNEQFF	TRBV7-3	TRBJ2-1
CASSYGLGYGYTF	TRBV6-5	TRBJ1-2
CASSYGGGYGYTF	TRBV6-6	TRBJ1-2
CATKQGTNTEAFF	TRBV7-9	TRBJ1-1
CAGRQGTNTEAFF	TRBV10-1	TRBJ1-1
CAISAGGGANVLTF	TRBV19	TRBJ2-6
CASSVGGGANVLTF	TRBV19	TRBJ2-6
CASSPAGYQETQYF	TRBV5-6	TRBJ2-5
CASSPAGAQETQYF	TRBV18	TRBJ2-5
CSVRAGYGYTF	TRBV29-1	TRBJ1-2
CSARGGYGYTF	TRBV20-1	TRBJ1-2
CSAREGYGYTF	TRBV20-1	TRBJ1-2
CASSFGGEQYF	TRBV5-6	TRBJ2-7
CASSFWGEQYF	TRBV28	TRBJ2-7
CASSFSGELFF	TRBV12-4	TRBJ2-2
CASSLGSSYNEQFF	TRBV7-6	TRBJ2-1
CASSLGSPYNEQFF	TRBV19	TRBJ2-1
CASSQGQGATYEQYF	TRBV14	TRBJ2-7
CASSPGQGATYEQYF	TRBV10-2	TRBJ2-7
CASSPTSGQETQYF	TRBV18	TRBJ2-5
CASSPTSGSETQYF	TRBV7-8	TRBJ2-5
CASSLQGYTEAFF	TRBV7-9	TRBJ1-1
CASSFQGYTEAFF	TRBV28	TRBJ1-1
CASSFQGYTEAFF	TRBV28	TRBJ1-1
CASTLGGMNTEAFF	TRBV12-4	TRBJ1-1
CASSLGGMNTEAFF	TRBV27	TRBJ1-1
CASSLQGPGQPQHF	TRBV14	TRBJ1-5
CASSLQGAGQPQHF	TRBV5-4	TRBJ1-5
CASSLSGGRETQYF	TRBV28	TRBJ2-5
CASSLSGGRETQYF	TRBV28	TRBJ2-5
CASSLSGGRETQYF	TRBV28	TRBJ2-5
CASSLSPGRETQYF	TRBV11-2	TRBJ2-5
CASSLSGVETQYF	TRBV12-4	TRBJ2-5
CASSSSGVETQYF	TRBV28	TRBJ2-5
CASSSRGNSPLHF	TRBV28	TRBJ1-6
CASSSDGNSPLHF	TRBV7-9	TRBJ1-6
CAIRTGRTEAFF	TRBV10-3	TRBJ1-1
CASRTGRNEQFF	TRBV28	TRBJ2-1
CASSGRGLETFF	TRBV5-5	TRBJ2-1
CASSQRGLEQFF	TRBV13	TRBJ2-1
CASSPDSNTEAFF	TRBV10-2	TRBJ1-1
CASSPNSNTEAFF	TRBV18	TRBJ1-1
CASSLAGGGTGELFF	TRBV5-1	TRBJ2-2
CASSLAGGNTGELFF	TRBV9	TRBJ2-2
CASTPNTEAFF	TRBV12-3	TRBJ1-1
CASTPDTEAFF	TRBV2	TRBJ1-1
CASSLAGSTDTQYF	TRBV9	TRBJ2-3
CASSLAGRTDTQYF	TRBV3-1	TRBJ2-3
CASSLAGNTDTQYF	TRBV7-6	TRBJ2-3
CASSSALQETQYF	TRBV6-5	TRBJ2-5
CSASSAAQETQYF	TRBV20-1	TRBJ2-5
CASSLDLNTGELFF	TRBV7-9	TRBJ2-2
CASSLDGNTGELFF	TRBV5-1	TRBJ2-2
CASSLATGGNQPQHF	TRBV19	TRBJ1-5
CASSLAGGGNQPQHF	TRBV7-8	TRBJ1-5
CASSPGGDSNQPQHF	TRBV7-9	TRBJ1-5
CASSPGGNSNQPQHF	TRBV9	TRBJ1-5
CASSLAASTDTQYF	TRBV5-4	TRBJ2-3
CSASGAASTDTQYF	TRBV20-1	TRBJ2-3
CASSLGGTQETQYF	TRBV7-9	TRBJ2-5
CASSLIGTQETQYF	TRBV7-9	TRBJ2-5
CASSLSGSGYEQYF	TRBV12-4	TRBJ2-7
CASSLSGQGYEQYF	TRBV5-1	TRBJ2-7
CAISRDSNTGELFF	TRBV10-3	TRBJ2-2
CASSRDSRTGELFF	TRBV7-3	TRBJ2-2
CAISGRGNEQFF	TRBV10-3	TRBJ2-1
CASSGRGLETFF	TRBV5-5	TRBJ2-1
CAGSTGNGNTIYF	TRBV30	TRBJ1-3
CAWSTGSGNTIYF	TRBV30	TRBJ1-3
CASSLALSSYEQYF	TRBV12-4	TRBJ2-7
CASSLPLSSYEQYF	TRBV5-8	TRBJ2-7
CASSVTGAYGYTF	TRBV7-9	TRBJ1-2
CASSRTGAYGYTF	TRBV28	TRBJ1-2
CASSQENNEQFF	TRBV4-1	TRBJ2-1
CASSQVNNEQFF	TRBV4-1	TRBJ2-1
CASSLGLAGAADTQYF	TRBV5-1	TRBJ2-3
CASSLGLAGALDTQYF	TRBV5-1	TRBJ2-3
CASSLAGGPDEQFF	TRBV9	TRBJ2-1
CASSLAGGPDTQYF	TRBV12-3	TRBJ2-3
CASSLDPSSYNEQFF	TRBV11-3	TRBJ2-1
CASSPDPSSYNEQFF	TRBV7-3	TRBJ2-1
CASSIGETQYF	TRBV19	TRBJ2-5
CASSIQETQYF	TRBV2	TRBJ2-5
CASSSIRGSYNEQFF	TRBV11-2	TRBJ2-1
CASSSQRGSYNEQFF	TRBV6-5	TRBJ2-1
CASSSGLAGGDTQYF	TRBV7-9	TRBJ2-3
CASSSGLAGADTQYF	TRBV5-6	TRBJ2-3
CASRDIKKIETQYF	TRBV19	TRBJ2-5
CASIKKGGLIYEQYF	TRBV11-2	TRBJ2-7
CASSSHGEQYF	TRBV28	TRBJ2-7
CASSSHEEQYF	TRBV11-2	TRBJ2-7
CASSLQLQETQYF	TRBV4-1	TRBJ2-5
CATSLQGQETQYF	TRBV15	TRBJ2-5
CASSPPGRVNTEAFF	TRBV18	TRBJ1-1
CASSPPGRTNTEAFF	TRBV18	TRBJ1-1
CASSVAGGSTDTQYF	TRBV5-4	TRBJ2-3
CASSVAGGRTDTQYF	TRBV27	TRBJ2-3
CASSLTDTQYF	TRBV3-1	TRBJ2-3
CASSLTDTQYF	TRBV7-2	TRBJ2-3
CASSLTETQYF	TRBV12-3	TRBJ2-5
CASSLTETQYF	TRBV5-5	TRBJ2-5
CASSPTGANEQYF	TRBV5-4	TRBJ2-7
CASSPTGAYEQYF	TRBV7-9	TRBJ2-7
CASSLAGTDTQYF	TRBV7-2	TRBJ2-3
CASSLGGTDTQYF	TRBV13	TRBJ2-3
CASSLGGTDTQYF	TRBV12-4	TRBJ2-3
CASSLWGTDTQYF	TRBV27	TRBJ2-3
CSVGQGGTEAFF	TRBV29-1	TRBJ1-1
CASWQGGTEAFF	TRBV19	TRBJ1-1
CASSQGGTEAFF	TRBV3-1	TRBJ1-1
CASSRGYEQYF	TRBV6-1	TRBJ2-7
CASSRGTEAFF	TRBV3-1	TRBJ1-1
CSASRGNEQFF	TRBV20-1	TRBJ2-1
CASSRGSEQYF	TRBV19	TRBJ2-7
CASSPQGNTGELFF	TRBV18	TRBJ2-2
CASSPQGNTGELFF	TRBV7-2	TRBJ2-2
CASSPIGNTGELFF	TRBV27	TRBJ2-2
CASILDSNQPQHF	TRBV28	TRBJ1-5
CATSLDSNQPQHF	TRBV24-1	TRBJ1-5
CASSLPGQGNEKLFF	TRBV28	TRBJ1-4
CASSPPGQGNEKLFF	TRBV27	TRBJ1-4
CASSLGTSGYNEQFF	TRBV7-2	TRBJ2-1
CASSLGTEGYNEQFF	TRBV27	TRBJ2-1
CASSGGTGETQYF	TRBV2	TRBJ2-5
CAISGGPGETQYF	TRBV10-3	TRBJ2-5
CASSEWGGNEQYF	TRBV2	TRBJ2-7
CASSEAGGNEQFF	TRBV10-2	TRBJ2-1
CASSRGETQYF	TRBV5-4	TRBJ2-5
CAWSRGEGEFF	TRBV30	TRBJ2-1
CASSYRMNTEAFF	TRBV12-3	TRBJ1-1
CASSYNMNTEAFF	TRBV6-3	TRBJ1-1
CASSPRGGETQYF	TRBV5-6	TRBJ2-5
CASSPRPGETQYF	TRBV7-3	TRBJ2-5
CASSLVGLNTEAFF	TRBV7-2	TRBJ1-1
CASSLVGVNTEAFF	TRBV7-8	TRBJ1-1
CASSLAAGSSYEQYF	TRBV7-3	TRBJ2-7
CASSLAPGSSYEQYF	TRBV5-1	TRBJ2-7
CASSSRQGIYEQYF	TRBV27	TRBJ2-7
CASSSRQGTYEQYF	TRBV7-2	TRBJ2-7
CASSSGGFSYNEQFF	TRBV5-1	TRBJ2-1
CASSSGGMSYNEQFF	TRBV5-1	TRBJ2-1
CASSFSDNEQFF	TRBV5-4	TRBJ2-1
CASSFSDNEQFF	TRBV5-4	TRBJ2-1
CASSSSDNEQFF	TRBV5-4	TRBJ2-1
CASRTGTGEAFF	TRBV9	TRBJ1-1
CASRTNTGELFF	TRBV6-5	TRBJ2-2
CASSLGTGVYGYTF	TRBV28	TRBJ1-2
CASSPGTGVYGYTF	TRBV28	TRBJ1-2
CASSRTGATDTQYF	TRBV5-1	TRBJ2-3
CASSRTGNTDTQYF	TRBV19	TRBJ2-3
CASSIGGGGNQPQHF	TRBV19	TRBJ1-5
CASSFGGGGNQPQHF	TRBV28	TRBJ1-5
CASSQFSNQPQHF	TRBV14	TRBJ1-5
CASSIFSNQPQHF	TRBV19	TRBJ1-5
CASSLEGGTEAFF	TRBV5-1	TRBJ1-1
CASSLAGGTEAFF	TRBV5-1	TRBJ1-1
CASSLTGGTEAFF	TRBV5-1	TRBJ1-1
CASSLGQGNQPQHF	TRBV7-9	TRBJ1-5
CASSLGQGNQPQHF	TRBV2	TRBJ1-5
CASSIGQGNQPQHF	TRBV2	TRBJ1-5
CAISEGQGNQPQHF	TRBV10-3	TRBJ1-5
CASSFSYGYTF	TRBV28	TRBJ1-2
CASSFIYGYTF	TRBV28	TRBJ1-2
CASSPTGVQETQYF	TRBV5-1	TRBJ2-5
CASSFTGVQETQYF	TRBV19	TRBJ2-5
CASSLGSGNTGELFF	TRBV11-2	TRBJ2-2
CASSLGRGNTGELFF	TRBV28	TRBJ2-2
CASSPSTDTQYF	TRBV7-9	TRBJ2-3
CAGSDSTDTQYF	TRBV2	TRBJ2-3
CASSGSTDTQYF	TRBV2	TRBJ2-3
CASSTSTDTQYF	TRBV12-4	TRBJ2-3
CASSLADGETQYF	TRBV5-1	TRBJ2-5
CASSLATGETQYF	TRBV7-8	TRBJ2-5
CASSTHEQYF	TRBV28	TRBJ2-7
CASSTGEQFF	TRBV2	TRBJ2-1
CASSLARMNTEAFF	TRBV5-1	TRBJ1-1
CASSLDRMNTEAFF	TRBV5-4	TRBJ1-1
CASSVFGGSTDTQYF	TRBV9	TRBJ2-3
CASSVAGGSTDTQYF	TRBV5-4	TRBJ2-3
CASSALYNEQFF	TRBV9	TRBJ2-1
CARSAGYNEQFF	TRBV30	TRBJ2-1
CASAFSYEQYF	TRBV2	TRBJ2-7
CASSFSYEQYF	TRBV6-3	TRBJ2-7
CASSSGQGVDTQYF	TRBV7-6	TRBJ2-3
CASSSGQGADTQYF	TRBV7-8	TRBJ2-3
CASSLTGATEAFF	TRBV19	TRBJ1-1
CASSLLGATEAFF	TRBV12-4	TRBJ1-1
CASSPGTTNTGELFF	TRBV9	TRBJ2-2
CASSPGTLNTGELFF	TRBV2	TRBJ2-2
CATRGGGTEAFF	TRBV24-1	TRBJ1-1
CASRDGGTEAFF	TRBV28	TRBJ1-1
CASRGGGTEAFF	TRBV2	TRBJ1-1
CATSGGQGTYNEQFF	TRBV15	TRBJ2-1
CASSPGQGTYNEQFF	TRBV9	TRBJ2-1
CASSPGSTDTQYF	TRBV5-1	TRBJ2-3
CASSPGSTDTQYF	TRBV28	TRBJ2-3
CASRPGSTDTQYF	TRBV6-5	TRBJ2-3
CASSFTGGSYEQYF	TRBV3-1	TRBJ2-7
CASSFEGGSYEQYF	TRBV7-9	TRBJ2-7
CASSRQGPTDTQYF	TRBV7-3	TRBJ2-3
CASSRQGGTDTQYF	TRBV5-1	TRBJ2-3
CASSSGSYEQYF	TRBV6-5	TRBJ2-7
CASSSDSYEQYF	TRBV7-9	TRBJ2-7
CAISSSSYEQYF	TRBV10-3	TRBJ2-7
CASSLTGTFYEQYF	TRBV5-6	TRBJ2-7
CASSLTGTVYEQYF	TRBV11-2	TRBJ2-7
CASSLEGSSGNTIYF	TRBV5-1	TRBJ1-3
CASSLTGSSGNTIYF	TRBV7-9	TRBJ1-3
CASSLLAGSSYNEQFF	TRBV27	TRBJ2-1
CASSKLAGSSYNEQFF	TRBV9	TRBJ2-1
CSARVGETQYF	TRBV29-1	TRBJ2-5
CASRVGNTQYF	TRBV6-6	TRBJ2-3
CASSQESGEQYF	TRBV4-1	TRBJ2-7
CASSQRSGEQFF	TRBV3-1	TRBJ2-1
CASSGGRAYEQYF	TRBV25-1	TRBJ2-7
CSATGGRAYEQYF	TRBV20-1	TRBJ2-7
CASSLEYYNEQFF	TRBV11-3	TRBJ2-1
CASSLEYYNEQFF	TRBV11-3	TRBJ2-1
CASSLEGYNEQFF	TRBV5-1	TRBJ2-1
CASSLGAGGTDTQYF	TRBV12-3	TRBJ2-3
CASSLGAGSTDTQYF	TRBV5-1	TRBJ2-3
CASSISYNEQFF	TRBV19	TRBJ2-1
CASSSSYNEQFF	TRBV5-1	TRBJ2-1
CATSGSYNEQFF	TRBV6-5	TRBJ2-1
CASSQTANTEAFF	TRBV6-4	TRBJ1-1
CASSQTRNTEAFF	TRBV28	TRBJ1-1
CASSDRNQPQHF	TRBV6-1	TRBJ1-5
CASSDSNQPQHF	TRBV12-4	TRBJ1-5
CASSSDGNSPLHF	TRBV7-9	TRBJ1-6
CASSGDGNSPLHF	TRBV14	TRBJ1-6
CASTGTGSTDTQYF	TRBV7-9	TRBJ2-3
CASSGTGSTDTQYF	TRBV7-9	TRBJ2-3
CASSFGVEQFF	TRBV5-1	TRBJ2-1
CASSFGYEQYF	TRBV19	TRBJ2-7
CASSFGGEQYF	TRBV5-6	TRBJ2-7
CASSLLQGGEAFF	TRBV11-3	TRBJ1-1
CASSLGQGGEQYF	TRBV6-5	TRBJ2-7
CASSLGQGGEQYF	TRBV7-7	TRBJ2-7
CASSLVLAGGTDTQYF	TRBV5-1	TRBJ2-3
CASSLGLAGGTDTQYF	TRBV6-5	TRBJ2-3
CASSLAGAGNTIYF	TRBV5-6	TRBJ1-3
CASSLGGAGNTIYF	TRBV28	TRBJ1-3
CASSVTGDSNQPQHF	TRBV6-1	TRBJ1-5
CASSLTGDSNQPQHF	TRBV7-2	TRBJ1-5
CASSLTGLTEAFF	TRBV11-3	TRBJ1-1
CASSLEGLTEAFF	TRBV7-3	TRBJ1-1
CASRPTGNYGYTF	TRBV12-3	TRBJ1-2
CASSPTGNYGYTF	TRBV9	TRBJ1-2
CAWSLQGSNQPQHF	TRBV30	TRBJ1-5
CASSLQGVNQPQHF	TRBV6-6	TRBJ1-5
CASSPGRDEQYF	TRBV18	TRBJ2-7
CASSPGRYEQYF	TRBV18	TRBJ2-7
CASSLTGGNTGELFF	TRBV7-7	TRBJ2-2
CASSLAGGNTGELFF	TRBV9	TRBJ2-2
CSPSEGLAGEETQYF	TRBV20-1	TRBJ2-5
CASSLGLAGEETQYF	TRBV5-8	TRBJ2-5
CASSLGGADTQYF	TRBV7-3	TRBJ2-3
CASSLGGTDTQYF	TRBV13	TRBJ2-3
CASSLGGTDTQYF	TRBV12-4	TRBJ2-3
CASSGGRAYEQYF	TRBV25-1	TRBJ2-7
CASSGGRGYEQYF	TRBV5-1	TRBJ2-7
CASSYGGVNTEAFF	TRBV6-6	TRBJ1-1
CASSYGGSNTEAFF	TRBV6-6	TRBJ1-1
CASSPGPYEQYF	TRBV7-2	TRBJ2-7
CAWSPGYYEQYF	TRBV30	TRBJ2-7
CASSPGRYEQYF	TRBV18	TRBJ2-7
CSASQDSGANVLTF	TRBV20-1	TRBJ2-6
CASSQGSGANVLTF	TRBV3-1	TRBJ2-6
CASSLGTDYNEQFF	TRBV3-1	TRBJ2-1
CASSLGTAYNEQFF	TRBV12-3	TRBJ2-1
CASSPGATEAFF	TRBV6-5	TRBJ1-1
CASSLGATEAFF	TRBV7-9	TRBJ1-1
CASSLSQETQYF	TRBV11-2	TRBJ2-5
CASSLSSETQYF	TRBV5-1	TRBJ2-5
CASSLSATDTQYF	TRBV11-2	TRBJ2-3
CASSLSFTDTQYF	TRBV7-9	TRBJ2-3
CASSLGTGDGYTF	TRBV7-9	TRBJ1-2
CASSLGQGDGYTF	TRBV5-6	TRBJ1-2
CASSQGPNTGELFF	TRBV12-3	TRBJ2-2
CASSPGPNTGELFF	TRBV6-1	TRBJ2-2
CSVGDRNTGELFF	TRBV29-1	TRBJ2-2
CATRDRNTGELFF	TRBV24-1	TRBJ2-2
CASSFGGSYNEQFF	TRBV7-3	TRBJ2-1
CASSFGGGYNEQFF	TRBV11-2	TRBJ2-1
CASSLRLAGYNEQFF	TRBV11-1	TRBJ2-1
CASSLRLAGGNEQFF	TRBV7-8	TRBJ2-1
CAWSDGNEQFF	TRBV30	TRBJ2-1
CASSDGAEQFF	TRBV6-1	TRBJ2-1
CASSLNTNYGYTF	TRBV6-6	TRBJ1-2
CASSLGTNYGYTF	TRBV12-4	TRBJ1-2
CASSLGGLDEQFF	TRBV5-5	TRBJ2-1
CASSLGGPDEQYF	TRBV19	TRBJ2-7
CASSQDQNQPQHF	TRBV4-3	TRBJ1-5
CASSQDLNQPQHF	TRBV4-2	TRBJ1-5
CASSQGTVNTEAFF	TRBV7-2	TRBJ1-1
CASSQGGVNTEAFF	TRBV14	TRBJ1-1
CASSQTDEQFF	TRBV7-2	TRBJ2-1
CASSQSDEQFF	TRBV2	TRBJ2-1
CASSFRGDTEAFF	TRBV27	TRBJ1-1
CAWSFQGDTEAFF	TRBV30	TRBJ1-1
CASSPFRNTEAFF	TRBV7-9	TRBJ1-1
CASSPFRNTEAFF	TRBV7-9	TRBJ1-1
CASSPDRNTEAFF	TRBV18	TRBJ1-1
CASSPDRNTEAFF	TRBV7-8	TRBJ1-1
CASSPGTSGSEQYF	TRBV18	TRBJ2-7
CASSPGTSGYEQYF	TRBV27	TRBJ2-7
CASSPGPYEQYF	TRBV7-2	TRBJ2-7
CASSPGPGELFF	TRBV3-1	TRBJ2-2
CASRLAGGTDTQYF	TRBV19	TRBJ2-3
CASRLHGGTDTQYF	TRBV11-2	TRBJ2-3
CASSPGLGTDTQYF	TRBV6-5	TRBJ2-3
CATSPGLRTDTQYF	TRBV19	TRBJ2-3
CASSPGTSGYEQYF	TRBV27	TRBJ2-7
CASSPGTGGYEQYF	TRBV18	TRBJ2-7
CASSPSQDIKKLFF	TRBV7-9	TRBJ1-4
CASSFRDRKIKKIYNEQFF	TRBV7-8	TRBJ2-1
CASSLTSGGTDTQYF	TRBV3-1	TRBJ2-3
CASSLTSGSTDTQYF	TRBV7-3	TRBJ2-3
CASSLRLAGGHEQYF	TRBV28	TRBJ2-7
CASSLRLAGGNEQFF	TRBV7-8	TRBJ2-1
CARSHRGQPQHF	TRBV5-3	TRBJ1-5
CATSMRGQPQHF	TRBV24-1	TRBJ1-5
CASSLQGYTEAFF	TRBV7-9	TRBJ1-1
CASSLVGYTEAFF	TRBV13	TRBJ1-1
CASSLDPSSYNEQFF	TRBV11-3	TRBJ2-1
CASSLKPSSYNEQFF	TRBV6-5	TRBJ2-1
CASRGGGGYTF	TRBV7-9	TRBJ1-2
CSARGGYGYTF	TRBV20-1	TRBJ1-2
CASSEGGTDTQYF	TRBV2	TRBJ2-3
CASSEGTTDTQYF	TRBV2	TRBJ2-3
CASSYRAGEQFF	TRBV27	TRBJ2-1
CASSERAGELFF	TRBV6-1	TRBJ2-2
CASSTGYYEQYF	TRBV2	TRBJ2-7
CAWSPGYYEQYF	TRBV30	TRBJ2-7
CASSLIQGLNTEAFF	TRBV6-5	TRBJ1-1
CASSLDQGLNTEAFF	TRBV5-1	TRBJ1-1
CVACPGNTGELFF	TRBV28	TRBJ2-2
CASSPGNTGELFF	TRBV7-8	TRBJ2-2
CASSLLRDNEQFF	TRBV5-6	TRBJ2-1
CASSLGRDNEQFF	TRBV5-6	TRBJ2-1
CASSESVYNEQFF	TRBV6-1	TRBJ2-1
CAISESRYNEQFF	TRBV10-3	TRBJ2-1
CASSPGGGLGFF	TRBV18	TRBJ2-1
CASSPGGGELFF	TRBV7-3	TRBJ2-2
CASSPRGGETQYF	TRBV5-6	TRBJ2-5
CASSPPGGETQYF	TRBV11-2	TRBJ2-5
CASSSSDNEQFF	TRBV5-4	TRBJ2-1
CASSSSYNEQFF	TRBV5-1	TRBJ2-1
CASSLGGGLNTEAFF	TRBV5-4	TRBJ1-1
CASSLGGGQNTEAFF	TRBV5-4	TRBJ1-1
CASSLGGNEQFF	TRBV18	TRBJ2-1
CASSLRGNEQFF	TRBV5-6	TRBJ2-1
CASSLRGNEQFF	TRBV5-6	TRBJ2-1
CASSLRGNEQFF	TRBV5-6	TRBJ2-1
CASSLLGNEQFF	TRBV7-2	TRBJ2-1
CASSEGGTDTQYF	TRBV2	TRBJ2-3
CASSLGGTDTQYF	TRBV13	TRBJ2-3
CASSLGGTDTQYF	TRBV12-4	TRBJ2-3
CASSVGGTDTQYF	TRBV6-4	TRBJ2-3
CASSLGYEQYF	TRBV7-9	TRBJ2-7
CASSWGYEQYF	TRBV19	TRBJ2-7
CASSFGYEQYF	TRBV19	TRBJ2-7
CASSRGYEQYF	TRBV6-1	TRBJ2-7
CAWGRSSYNEQFF	TRBV30	TRBJ2-1
CATGDSSYNEQFF	TRBV15	TRBJ2-1
CSVGQSSYNEQFF	TRBV29-1	TRBJ2-1
CASSLGETQYF	TRBV12-4	TRBJ2-5
CASSLTETQYF	TRBV12-3	TRBJ2-5
CASSLTETQYF	TRBV5-5	TRBJ2-5
CASSLDETQYF	TRBV5-1	TRBJ2-5
CASSLGREAFF	TRBV11-3	TRBJ1-1
CASSLGRIQYF	TRBV5-6	TRBJ2-4
CASSAGLAETQYF	TRBV2	TRBJ2-5
CASSSGLAETQYF	TRBV2	TRBJ2-5
CASSTSGGYEQYV	TRBV2	TRBJ2-7
CASSRSGGYEQYF	TRBV7-3	TRBJ2-7
CASSIGVSTDTQYF	TRBV19	TRBJ2-3
CASSGGVSTDTQYF	TRBV5-1	TRBJ2-3
CASILNTEAFF	TRBV28	TRBJ1-1
CSAIPNTEAFF	TRBV20-1	TRBJ1-1
CASSGTGGNQPQHF	TRBV12-3	TRBJ1-5
CASSGTGGGQPQHF	TRBV4-1	TRBJ1-5
CASSLTGSNQPQHF	TRBV5-1	TRBJ1-5
CASSLTGENQPQHF	TRBV4-1	TRBJ1-5
CASSVAGGSTDTQYF	TRBV5-4	TRBJ2-3
CASSLAGGSTDTQYF	TRBV25-1	TRBJ2-3
CASRTSGEYNEQFF	TRBV7-2	TRBJ2-1
CAVRTSGSYNEQFF	TRBV3-1	TRBJ2-1
CASSTGTAEAFF	TRBV13	TRBJ1-1
CASSEGTAEAFF	TRBV6-1	TRBJ1-1
CASGKETQYF	TRBV7-6	TRBJ2-5
CATGGETQYF	TRBV6-1	TRBJ2-5
CASGEETQYF	TRBV2	TRBJ2-5
CASSQGGNTEAFF	TRBV7-3	TRBJ1-1
CASSQAGNTEAFF	TRBV3-1	TRBJ1-1
CASSLTGVNTEAFF	TRBV5-1	TRBJ1-1
CASSPTGVNTEAFF	TRBV12-3	TRBJ1-1
CASSQGGVNTEAFF	TRBV14	TRBJ1-1
CASSYGGVNTEAFF	TRBV6-6	TRBJ1-1
CSASPQSYEQYF	TRBV20-1	TRBJ2-7
CASSGQSYEAFF	TRBV6-5	TRBJ1-1
CASSLTDTQYF	TRBV3-1	TRBJ2-3
CASSLTDTQYF	TRBV7-2	TRBJ2-3
CASRLTDTQYF	TRBV12-4	TRBJ2-3
CASSTYTGELFF	TRBV6-5	TRBJ2-2
CASSTRTGEQYF	TRBV6-6	TRBJ2-7
CASSYGTVYGYTF	TRBV6-3	TRBJ1-2
CASSTGTVYGYTF	TRBV27	TRBJ1-2
CASSLSGVNEQFF	TRBV7-3	TRBJ2-1
CASSLSGLNEQFF	TRBV11-2	TRBJ2-1
CASSLGRGNEQFF	TRBV5-1	TRBJ2-1
CASSLGRDNEQFF	TRBV5-6	TRBJ2-1
CASSSASGSYEQYF	TRBV5-6	TRBJ2-7
CASSLASGSYEQYF	TRBV7-8	TRBJ2-7
CASSQGRGPYEQYV	TRBV4-1	TRBJ2-7
CASSQGQGPYEQYF	TRBV4-1	TRBJ2-7
CAWSAEMNTEAFF	TRBV30	TRBJ1-1
CASSAKMNTEAFF	TRBV12-3	TRBJ1-1
CASSFGTTDTQYF	TRBV5-1	TRBJ2-3
CASSEGTTDTQYF	TRBV2	TRBJ2-3
CASRYRVNTEAFF	TRBV6-5	TRBJ1-1
CSARNRVNTEAFF	TRBV20-1	TRBJ1-1
CASSGKPYEQYF	TRBV5-5	TRBJ2-7
CASSGGPYEQFF	TRBV25-1	TRBJ2-1
CASSLAGGGNQPQHF	TRBV7-8	TRBJ1-5
CASSLVGGGNQPQHF	TRBV7-8	TRBJ1-5
CASSPANTGELFF	TRBV18	TRBJ2-2
CSVSGANTGELFF	TRBV29-1	TRBJ2-2
CSARRAGTDTQYF	TRBV20-1	TRBJ2-3
CAIRRGGTDTQYF	TRBV10-3	TRBJ2-3
CASSYRAGEQFF	TRBV27	TRBJ2-1
CASSYLAGELFF	TRBV3-1	TRBJ2-2
CASSSGSDEQFF	TRBV28	TRBJ2-1
CASSSGSYEQYF	TRBV6-5	TRBJ2-7
CASSPTGNEQYF	TRBV7-8	TRBJ2-7
CASSPTDNEQFF	TRBV7-8	TRBJ2-1
CASSLARGTEAFF	TRBV5-1	TRBJ1-1
CASSLAGGTEAFF	TRBV5-1	TRBJ1-1
CASSFGGLTEAFF	TRBV28	TRBJ1-1
CASSFGGNTEAFF	TRBV7-9	TRBJ1-1
CSAIPNTEAFF	TRBV20-1	TRBJ1-1
CASTPNTEAFF	TRBV12-3	TRBJ1-1
CASSPGNTGELFF	TRBV7-8	TRBJ2-2
CASSPANTGELFF	TRBV18	TRBJ2-2
CASSLIGGTGELFF	TRBV5-6	TRBJ2-2
CASSLYGGTGELFF	TRBV27	TRBJ2-2
CASSSSGSYEQYF	TRBV12-4	TRBJ2-7
CASSSSSSYEQYF	TRBV6-4	TRBJ2-7
CAISEGFNQPQHF	TRBV10-3	TRBJ1-5
CAISEGPNQPQHF	TRBV10-3	TRBJ1-5
CASSRGVNTEAFF	TRBV4-1	TRBJ1-1
CAAGRGVNTEAFF	TRBV19	TRBJ1-1
CASSPGLAGDNEQFF	TRBV5-4	TRBJ2-1
CASSPGLAGDNEQFF	TRBV5-4	TRBJ2-1
CASSPGLAGDNEQFF	TRBV5-4	TRBJ2-1
CASSPGLAGDNEQFF	TRBV5-4	TRBJ2-1
CASSPGLAGYNEQFF	TRBV11-2	TRBJ2-1
CASSQVMSSYEQYF	TRBV4-1	TRBJ2-7
CASSQVSSSYEQYF	TRBV3-1	TRBJ2-7
CASSPAGTEAFF	TRBV11-2	TRBJ1-1
CASSLAGTEAFF	TRBV28	TRBJ1-1
CAISESGNQPQHF	TRBV10-3	TRBJ1-5
CAWSVSGNQPQHF	TRBV30	TRBJ1-5
CASSPTSGQETQYF	TRBV18	TRBJ2-5
CASSSTSGQETQYF	TRBV7-8	TRBJ2-5
CASSPGRWYEQFF	TRBV4-1	TRBJ2-1
CASSPGREYEQYF	TRBV5-1	TRBJ2-7
CASSETDTQYF	TRBV2	TRBJ2-3
CASSEADTQYF	TRBV10-2	TRBJ2-3
CASSDGTDTQYF	TRBV2	TRBJ2-3
CAGSDSTDTQYF	TRBV2	TRBJ2-3
CASSPGPYEQYF	TRBV7-2	TRBJ2-7
CASSPHPYEQYF	TRBV5-5	TRBJ2-7
CASSLGGNTEAFF	TRBV5-1	TRBJ1-1
CASSLGGNTEAFF	TRBV6-3	TRBJ1-1
CASSFGGNTEAFF	TRBV7-9	TRBJ1-1
CASSQGGNTEAFF	TRBV7-3	TRBJ1-1
CASSGGLAEETQYF	TRBV13	TRBJ2-5
CASSQGLAEETQYF	TRBV3-1	TRBJ2-5
CAWSPGNSGNTIYF	TRBV30	TRBJ1-3
CASSPGFSGNTIYF	TRBV7-8	TRBJ1-3
CAWSQGGSSYEQYF	TRBV30	TRBJ2-7
CAWSQGGSSYEQYF	TRBV30	TRBJ2-7
CASSQGGISYEQYF	TRBV2	TRBJ2-7
CASSLAGGGETQYF	TRBV11-2	TRBJ2-5
CASSLAGGEETQYF	TRBV12-3	TRBJ2-5
CASSYRADTQYF	TRBV12-4	TRBJ2-3
CASSYRADTQYF	TRBV12-4	TRBJ2-3
CASSWRADTQYF	TRBV12-4	TRBJ2-3
CASSWRADTQYF	TRBV12-4	TRBJ2-3
CASSWRADTQYF	TRBV12-4	TRBJ2-3
CASSDRNYGYTF	TRBV7-9	TRBJ1-2
CACSDRAYGYTF	TRBV2	TRBJ1-2
CASSLGLAGGTDTQYF	TRBV6-5	TRBJ2-3
CASSLGLAGRTDTQYF	TRBV11-3	TRBJ2-3
CASSQGGSYEQYF	TRBV4-1	TRBJ2-7
CASSQGGTYEQYF	TRBV4-1	TRBJ2-7
CASGRGNTEAFF	TRBV10-2	TRBJ1-1
CSGGRGETEAFF	TRBV29-1	TRBJ1-1
CAWSGTSYEQYF	TRBV30	TRBJ2-7
CASSGQSYEAFF	TRBV6-5	TRBJ1-1
CASSGNSYEQYF	TRBV28	TRBJ2-7
CASSPGQGTYNEQFF	TRBV9	TRBJ2-1
CASSPGQGAYNEQFF	TRBV3-1	TRBJ2-1
CAWSFQGTEAFF	TRBV30	TRBJ1-1
CASSFPGTEAFF	TRBV7-2	TRBJ1-1
CASSRTGAYGYTF	TRBV28	TRBJ1-2
CASSRTGDYGYTF	TRBV19	TRBJ1-2
CASSLEGLTEAFF	TRBV7-3	TRBJ1-1
CASSLEGGTEAFF	TRBV5-1	TRBJ1-1
CASSLEGGNEQFF	TRBV12-3	TRBJ2-1
CASSLEGGTEAFF	TRBV5-1	TRBJ1-1
CASSLDRSNTEAFF	TRBV7-8	TRBJ1-1
CASSLDRMNTEAFF	TRBV5-4	TRBJ1-1
CASSPGLADYEQYF	TRBV5-1	TRBJ2-7
CASSPGLAGYEQYF	TRBV4-2	TRBJ2-7
CASSQGGYEQYV	TRBV14	TRBJ2-7
CASRQGGYEQFF	TRBV5-1	TRBJ2-1
CASSQDYNEQFF	TRBV6-6	TRBJ2-1
CASSQAYNEQFF	TRBV3-1	TRBJ2-1
CASSLFSTGELFF	TRBV27	TRBJ2-2
CASSLASTGELFF	TRBV11-2	TRBJ2-2
CASSLRENTEAFF	TRBV12-3	TRBJ1-1
CASSLTENTEAFF	TRBV18	TRBJ1-1
CASSLTENTEAFF	TRBV7-7	TRBJ1-1
CAWSQGPGTEAFF	TRBV30	TRBJ1-1
CASSQGKGTEAFF	TRBV14	TRBJ1-1
CASSLAASTDTQYF	TRBV5-4	TRBJ2-3
CASSLAGSTDTQYF	TRBV9	TRBJ2-3
CASSLGLAGGNEQYF	TRBV5-4	TRBJ2-7
CASSLRLAGGNEQFF	TRBV7-8	TRBJ2-1
CASRTGGNEQYF	TRBV6-5	TRBJ2-7
CASRTGRNEQFF	TRBV28	TRBJ2-1
CASSFVNQPQHF	TRBV6-6	TRBJ1-5
CSASFSNQPQHF	TRBV20-1	TRBJ1-5
CASSLDRTGELFF	TRBV5-4	TRBJ2-2
CASSLDREGEAFF	TRBV5-5	TRBJ1-1
CASSLSAGGTDTQYF	TRBV7-3	TRBJ2-3
CASSLGAGGTDTQYF	TRBV12-3	TRBJ2-3
CASSLGQNTEAFF	TRBV11-3	TRBJ1-1
CASSLGQVTEAFF	TRBV5-1	TRBJ1-1
CASSPRGGEQYF	TRBV18	TRBJ2-7
CASSPRGPEQFF	TRBV18	TRBJ2-1
CASSLSQDTQYF	TRBV5-4	TRBJ2-3
CASSLSADTQYF	TRBV5-6	TRBJ2-3
CASSLGQGNEQYF	TRBV7-9	TRBJ2-7
CASSLGQANEQFF	TRBV5-4	TRBJ2-1
CASSYVGNEQFF	TRBV6-6	TRBJ2-1
CASSYEGNEQYF	TRBV6-5	TRBJ2-7
CASSPGSTDTQYF	TRBV5-1	TRBJ2-3
CASSPGSTDTQYF	TRBV28	TRBJ2-3
CASSPGQTDTQYF	TRBV12-4	TRBJ2-3
CASSVNYGYTF	TRBV28	TRBJ1-2
CAWSVLYGYTF	TRBV30	TRBJ1-2
CASSLAGGKQFF	TRBV28	TRBJ2-1
CSASLAGGEQFF	TRBV20-1	TRBJ2-1
CASSPTGGYEQYF	TRBV9	TRBJ2-7
CASSPTGAYEQYF	TRBV7-9	TRBJ2-7
CASSLAGSTGELFF	TRBV5-8	TRBJ2-2
CASSLAGNTGELFF	TRBV28	TRBJ2-2
CASSERGGTEAFF	TRBV6-6	TRBJ1-1
CASSVRGGTEAFF	TRBV2	TRBJ1-1
CSGEDRANTEAFF	TRBV29-1	TRBJ1-1
CSVLDRANTEAFF	TRBV20-1	TRBJ1-1
CASSEAGGNEQFF	TRBV10-2	TRBJ2-1
CASSLAGGNEQFF	TRBV5-1	TRBJ2-1
CASSWGTDTQYF	TRBV13	TRBJ2-3
CASSYGTDTQYF	TRBV6-6	TRBJ2-3
CASSDGTDTQYF	TRBV2	TRBJ2-3
CASSFRETQYF	TRBV7-8	TRBJ2-5
CASSFRETQYF	TRBV28	TRBJ2-5
CASSFGETQYF	TRBV19	TRBJ2-5
CASSLQAGTDTQYF	TRBV28	TRBJ2-3
CASSLSAGTDTQYF	TRBV28	TRBJ2-3
CASSLVGLNTEAFF	TRBV7-2	TRBJ1-1
CASSLRGLNTEAFF	TRBV7-2	TRBJ1-1
CASSPGGSSYEQYF	TRBV7-2	TRBJ2-7
CATSPGHSSYEQYF	TRBV2	TRBJ2-7
CASSTYTGELFF	TRBV6-5	TRBJ2-2
CASSSYTGELFF	TRBV7-2	TRBJ2-2
CASSSRSYNEQFF	TRBV5-1	TRBJ2-1
CATSSGSYNEQFF	TRBV4-1	TRBJ2-1
CASSQGSDTQYF	TRBV3-1	TRBJ2-3
CASSPGSDTQYF	TRBV5-1	TRBJ2-3
CASSLAGGPYEQFF	TRBV6-5	TRBJ2-1
CASSLAGGPDEQFF	TRBV9	TRBJ2-1
CASSLGGTEAFF	TRBV7-9	TRBJ1-1
CASSQGGTEAFF	TRBV3-1	TRBJ1-1
CASSPGGTEAFF	TRBV12-3	TRBJ1-1
CSASGRSYNEQFF	TRBV20-1	TRBJ2-1
CASSSRSYNEQFF	TRBV5-1	TRBJ2-1
CASSLAGADTQYF	TRBV14	TRBJ2-3
CASSLGGADTQYF	TRBV7-3	TRBJ2-3
CASSQGLNTEAFF	TRBV14	TRBJ1-1
CASSQGGNTEAFF	TRBV7-3	TRBJ1-1
CASSLAGNTGELFF	TRBV28	TRBJ2-2
CASSLDGNTGELFF	TRBV5-1	TRBJ2-2
CASSFGYEQYF	TRBV19	TRBJ2-7
CASSFSYEQYF	TRBV6-3	TRBJ2-7
CASSSTYEQYF	TRBV12-3	TRBJ2-7
CASSSTGEQYF	TRBV27	TRBJ2-7
CASSLPSTDTQYF	TRBV5-1	TRBJ2-3
CASSHPSTDTQYF	TRBV19	TRBJ2-3
CASSFGGNTEAFF	TRBV7-9	TRBJ1-1
CASSFGPNTEAFF	TRBV19	TRBJ1-1
CASSWRGSSYNEQFF	TRBV27	TRBJ2-1
CASSPRGSSYNEQFF	TRBV18	TRBJ2-1
CSARVGETQYF	TRBV29-1	TRBJ2-5
CASSVGETQYF	TRBV2	TRBJ2-5
CASSFSGELFF	TRBV12-4	TRBJ2-2
CASSFSYEQYF	TRBV6-3	TRBJ2-7
CASSLAGGGEQYV	TRBV7-9	TRBJ2-7
CASSLAGVGEQYF	TRBV5-1	TRBJ2-7
CASSSRHEQFF	TRBV19	TRBJ2-1
CASSSRNEQFF	TRBV9	TRBJ2-1
CAVRDRGNYGYTF	TRBV19	TRBJ1-2
CSARDRRNYGYTF	TRBV20-1	TRBJ1-2
CASSRQVNTEAFF	TRBV11-2	TRBJ1-1
CASSRQRNTEAFF	TRBV4-1	TRBJ1-1
CASSPLNEQFF	TRBV18	TRBJ2-1
CSASVLNEQYF	TRBV20-1	TRBJ2-7
CSAERGDTQYF	TRBV20-1	TRBJ2-3
CSAYRGDTQYF	TRBV20-1	TRBJ2-3
CASSLGVMNTEAFF	TRBV5-5	TRBJ1-1
CASSLGGMNTEAFF	TRBV27	TRBJ1-1
CASSLAGTSTDTQYF	TRBV5-1	TRBJ2-3
CASSLAGGSTDTQYF	TRBV25-1	TRBJ2-3
CASSYSGGYTF	TRBV6-5	TRBJ1-2
CASSYSEGIYF	TRBV6-6	TRBJ1-3
CASSLRGIEAFF	TRBV13	TRBJ1-1
CASSLRGNEQFF	TRBV5-6	TRBJ2-1
CASSLRGNEQFF	TRBV5-6	TRBJ2-1
CASSLRGNEQFF	TRBV5-6	TRBJ2-1
CASSLTGDYGYTF	TRBV27	TRBJ1-2
CASSLAGDYGYTF	TRBV28	TRBJ1-2
CASSYRGNTEAFF	TRBV6-3	TRBJ1-1
CASSYRMNTEAFF	TRBV12-3	TRBJ1-1
CAWSLQGSNQPQHF	TRBV30	TRBJ1-5
CASSLTGSNQPQHF	TRBV5-1	TRBJ1-5
CASSLGSYEQYF	TRBV11-2	TRBJ2-7
CASSRGSYEQYF	TRBV28	TRBJ2-7
CASSSGSYEQYF	TRBV6-5	TRBJ2-7
CASSWGSQETQYF	TRBV12-3	TRBJ2-5
CASSSGSQETQYF	TRBV5-6	TRBJ2-5
CAIRRGGTDTQYF	TRBV10-3	TRBJ2-3
CASRRGQTDTQYF	TRBV5-5	TRBJ2-3
CSAIPGNTEAFF	TRBV20-1	TRBJ1-1
CASSPGNTEAFF	TRBV18	TRBJ1-1
CASSLAGGPYEQFF	TRBV6-5	TRBJ2-1
CASSLAGGAYEQYF	TRBV6-5	TRBJ2-7
CASSPGLAGYEQYF	TRBV4-2	TRBJ2-7
CASSPGLAGDEQYV	TRBV7-3	TRBJ2-7
CASSPGGSSYNEQFF	TRBV7-9	TRBJ2-1
CASSPRGSSYNEQFF	TRBV18	TRBJ2-1
CASSRGGADTQYF	TRBV11-3	TRBJ2-3
CASSLGGADTQYF	TRBV7-3	TRBJ2-3
CASSLAGQETQYF	TRBV13	TRBJ2-5
CATSLQGQETQYF	TRBV15	TRBJ2-5
CASSRDSNYGYTF	TRBV2	TRBJ1-2
CASSRDPNYGYTF	TRBV10-1	TRBJ1-2
CASSLSGNTEAFF	TRBV7-8	TRBJ1-1
CASSLSSNTEAFF	TRBV5-1	TRBJ1-1
CASSLGGGNTEAFF	TRBV5-6	TRBJ1-1
CASSLGGMNTEAFF	TRBV27	TRBJ1-1
CASSPGNTEAFF	TRBV18	TRBJ1-1
CASSLGNTEAFF	TRBV5-1	TRBJ1-1
CASSFGNTEAFF	TRBV28	TRBJ1-1
CASSLLSGELFF	TRBV4-1	TRBJ2-2
CASSLNSGEQFF	TRBV27	TRBJ2-1
CASSPDRNTEAFF	TRBV18	TRBJ1-1
CASSPDRNTEAFF	TRBV7-8	TRBJ1-1
CASSPDSNTEAFF	TRBV10-2	TRBJ1-1
CAWSVPDTQYF	TRBV30	TRBJ2-3
CAWSVGDTIYF	TRBV30	TRBJ1-3
CASSEGETQYF	TRBV2	TRBJ2-5
CASSEQETQYF	TRBV5-1	TRBJ2-5
CAISDRTYEQYF	TRBV10-3	TRBJ2-7
CASSDRQYEQFF	TRBV10-2	TRBJ2-1
CASSLGKETQYF	TRBV5-4	TRBJ2-5
CASSLGQETQYF	TRBV7-8	TRBJ2-5
CASSLNTDTQYF	TRBV12-4	TRBJ2-3
CASSRNTDTQYF	TRBV28	TRBJ2-3
CASSLTSGSYEQYF	TRBV27	TRBJ2-7
CASSLASGSYEQYF	TRBV7-8	TRBJ2-7
CASSLGQGNQPQHF	TRBV7-9	TRBJ1-5
CASSLGQGNQPQHF	TRBV2	TRBJ1-5
CASSLGTGNQPQHF	TRBV27	TRBJ1-5
CASSAGTGPYEQYF	TRBV6-4	TRBJ2-7
CASSAGTGKYEQYF	TRBV18	TRBJ2-7
CATSDTGEQYF	TRBV15	TRBJ2-7
CAISDTGELFF	TRBV10-3	TRBJ2-2
CASSSTGEQYF	TRBV27	TRBJ2-7
CASSLGGEAFF	TRBV7-9	TRBJ1-1
CASSLRGEAFF	TRBV7-2	TRBJ1-1
CASSLAGELFF	TRBV12-3	TRBJ2-2
CASSLNYEQFF	TRBV12-3	TRBJ2-1
CASSLNTEAFF	TRBV5-1	TRBJ1-1
CASSLGTRYEQYF	TRBV5-6	TRBJ2-7
CASSLGTTYEQYF	TRBV5-6	TRBJ2-7
CASSLGTTYEQYF	TRBV12-4	TRBJ2-7
CASSSGTGGNEQFF	TRBV5-1	TRBJ2-1
CSVSKGTGGNEQYF	TRBV29-1	TRBJ2-7
CASSPGPGELFF	TRBV3-1	TRBJ2-2
CASSTGPGELFF	TRBV12-3	TRBJ2-2
CASSQGSGYTF	TRBV18	TRBJ1-2
CASSQGWGYTF	TRBV4-1	TRBJ1-2
CASSLGQGLGAFF	TRBV11-2	TRBJ1-1
CASSLGQGDGYTF	TRBV5-6	TRBJ1-2
CASSPGTVNTEAFF	TRBV3-1	TRBJ1-1
CASSPGTQNTEAFF	TRBV27	TRBJ1-1
CASSPGGTEAFF	TRBV12-3	TRBJ1-1
CSVQPGGTEAFF	TRBV29-1	TRBJ1-1
CASSSQGAEQFF	TRBV7-9	TRBJ2-1
CASSSQGSEAFF	TRBV12-3	TRBJ1-1
CASRQDSNQPQHF	TRBV6-6	TRBJ1-5
CSARGDSNQPQHF	TRBV20-1	TRBJ1-5
CASSLAMGEQYF	TRBV12-4	TRBJ2-7
CSASLAGGEQFF	TRBV20-1	TRBJ2-1
CASSLAGSYEQYF	TRBV28	TRBJ2-7
CATRLAGSYEQYF	TRBV5-4	TRBJ2-7
CASSLEGYNEQFF	TRBV5-1	TRBJ2-1
CASSLGGYNEQFF	TRBV5-1	TRBJ2-1
CASSSGVQETQYF	TRBV11-2	TRBJ2-5
CASSSGSQETQYF	TRBV5-6	TRBJ2-5
CSASPYNEQFF	TRBV20-1	TRBJ2-1
CAWRPYNEQFF	TRBV30	TRBJ2-1
CASSLFSGANVLTF	TRBV28	TRBJ2-6
CASSLLSGANVLTF	TRBV5-1	TRBJ2-6
CASSYSGSEAFF	TRBV19	TRBJ1-1
CASSYSGYEQYF	TRBV6-6	TRBJ2-7
CASSLGTTYEQYF	TRBV5-6	TRBJ2-7
CASSLGTTYEQYF	TRBV12-4	TRBJ2-7
CASSPGTTYEQYF	TRBV3-1	TRBJ2-7
CASSGGETQYF	TRBV2	TRBJ2-5
CASSGEETQYF	TRBV5-6	TRBJ2-5
CASSGEETQYF	TRBV5-6	TRBJ2-5
CASSGEETQYF	TRBV5-6	TRBJ2-5
CASSRGVNTEAFF	TRBV4-1	TRBJ1-1
CASSRQVNTEAFF	TRBV11-2	TRBJ1-1
CASSMTSYEQYF	TRBV12-3	TRBJ2-7
CAWSGTSYEQYF	TRBV30	TRBJ2-7
CASSLDQETQYF	TRBV7-8	TRBJ2-5
CSASRDQETQYF	TRBV20-1	TRBJ2-5
CAGQLAGTDTQYF	TRBV2	TRBJ2-3
CASSLAGTDTQYF	TRBV7-2	TRBJ2-3
CAWSFQGTEAFF	TRBV30	TRBJ1-1
CASSLQGTEQYF	TRBV19	TRBJ2-7
CASSGSGNTIYF	TRBV6-1	TRBJ1-3
CASSPSGNTIYF	TRBV12-3	TRBJ1-3
CASSSSSSYEQYF	TRBV6-4	TRBJ2-7
CASSSGSSYEQYF	TRBV6-3	TRBJ2-7
CAVGEANTGELFF	TRBV7-8	TRBJ2-2
CASGTANTGELFF	TRBV5-1	TRBJ2-2
CASSPGYNTEAFF	TRBV18	TRBJ1-1
CASSPGQNTEAFF	TRBV18	TRBJ1-1
CASSRGETQYF	TRBV5-4	TRBJ2-5
CASSRWETQYF	TRBV14	TRBJ2-5
CASSSVDTQYF	TRBV18	TRBJ2-3
CASSSADTQYF	TRBV19	TRBJ2-3
CASSVGGFTEAFF	TRBV6-1	TRBJ1-1
CASSVGGGTEAFF	TRBV9	TRBJ1-1
CASSPGTGSNEQFF	TRBV7-3	TRBJ2-1
CASSPGTGDNEQFF	TRBV18	TRBJ2-1
CASSPGGSSYNEQFF	TRBV7-9	TRBJ2-1
CASSFGGSSYNEQFF	TRBV12-4	TRBJ2-1
CASSLAGGSYNEQFF	TRBV3-1	TRBJ2-1
CASSLEGGSYNEQFF	TRBV5-1	TRBJ2-1
CSVGGDYEQYF	TRBV29-1	TRBJ2-7
CASGGTYEQYF	TRBV7-8	TRBJ2-7
CASSLVLNTEAFF	TRBV5-1	TRBJ1-1
CASSLILNTEAFF	TRBV5-1	TRBJ1-1
CATSLDSNQPQHF	TRBV24-1	TRBJ1-5
CASSLASNQPQHF	TRBV11-2	TRBJ1-5
CASSLASNQPQHF	TRBV11-2	TRBJ1-5
CASSQGGYEQYV	TRBV14	TRBJ2-7
CASSQGLYEQYF	TRBV3-1	TRBJ2-7
CASSLGGNQPQHF	TRBV11-2	TRBJ1-5
CASSLWGNQPQHF	TRBV5-8	TRBJ1-5
CASSFGGGYNEQFF	TRBV11-2	TRBJ2-1
CASSVGGGYNEQFF	TRBV2	TRBJ2-1
CAWSVQGNTEAFF	TRBV30	TRBJ1-1
CASSGQGNTEAFF	TRBV25-1	TRBJ1-1
CASSVGVNTEAFF	TRBV9	TRBJ1-1
CASSVGQNTEAFF	TRBV9	TRBJ1-1
CASSLGLTDTQYF	TRBV12-4	TRBJ2-3
CASSLGGTDTQYF	TRBV13	TRBJ2-3
CASSLGGTDTQYF	TRBV12-4	TRBJ2-3
CASSLGGNNEQFF	TRBV7-8	TRBJ2-1
CASSLGGYNEQFF	TRBV5-1	TRBJ2-1
CASSPGTGGYEQYF	TRBV18	TRBJ2-7
CASSPGTGGDEQYF	TRBV7-6	TRBJ2-7
CASSLSGSSYNEQFF	TRBV27	TRBJ2-1
CASSASGSSYNEQFF	TRBV9	TRBJ2-1
CASSSNTEAFF	TRBV28	TRBJ1-1
CASSSFTEAFF	TRBV14	TRBJ1-1
CASSLSDTQYF	TRBV7-9	TRBJ2-3
CASSLTDTQYF	TRBV3-1	TRBJ2-3
CASSLTDTQYF	TRBV7-2	TRBJ2-3
CASSSQETQYF	TRBV7-2	TRBJ2-5
CAWSSKETQYF	TRBV30	TRBJ2-5
CASSPDRNYGYTF	TRBV5-1	TRBJ1-2
CAISEDRNYGYTF	TRBV10-3	TRBJ1-2
CSARQGDTEAFF	TRBV20-1	TRBJ1-1
CSVRTGDTEAFF	TRBV29-1	TRBJ1-1
CASSSTANTEAFF	TRBV27	TRBJ1-1
CASSQTANTEAFF	TRBV6-4	TRBJ1-1
CASSPGGSYNEQFF	TRBV11-2	TRBJ2-1
CASSFGGSYNEQFF	TRBV7-3	TRBJ2-1
CASSVRGGTEAFF	TRBV2	TRBJ1-1
CASSVGGGTEAFF	TRBV9	TRBJ1-1
CASSPGQTYEQYF	TRBV7-9	TRBJ2-7
CASSPGTTYEQYF	TRBV3-1	TRBJ2-7
CASSLGGWTEAFF	TRBV5-1	TRBJ1-1
CASSLGGNTEAFF	TRBV5-1	TRBJ1-1
CASSLGGNTEAFF	TRBV6-3	TRBJ1-1
CASSFTGYEQYF	TRBV5-6	TRBJ2-7
CASSETGYEQYF	TRBV11-2	TRBJ2-7
CASSDSYGYTF	TRBV6-1	TRBJ1-2
CSVGDSYGYTF	TRBV29-1	TRBJ1-2
CASSLVGGELFF	TRBV12-4	TRBJ2-2
CASSLVGDEQYF	TRBV7-9	TRBJ2-7
CASSGQGAYEQYF	TRBV18	TRBJ2-7
CSVPGQGAYEQYF	TRBV29-1	TRBJ2-7
CASSQGTVNTEAFF	TRBV7-2	TRBJ1-1
CASSPGTVNTEAFF	TRBV3-1	TRBJ1-1
CASSFGTGSYEQYF	TRBV5-4	TRBJ2-7
CASSEGTGSYEQYF	TRBV7-7	TRBJ2-7
CASSQGQGPYEQYF	TRBV4-1	TRBJ2-7
CASSPGQGPYEQYF	TRBV6-1	TRBJ2-7
CASSQGSGANVLTF	TRBV3-1	TRBJ2-6
CASSYGSGANVLTF	TRBV6-3	TRBJ2-6
CASSGTQETQYF	TRBV12-3	TRBJ2-5
CSASGRQETQYF	TRBV20-1	TRBJ2-5
CASSFSYEQYF	TRBV6-3	TRBJ2-7
CASSSSYEQYF	TRBV11-2	TRBJ2-7
CASSPSYEQYF	TRBV11-2	TRBJ2-7
CASSLGGEAFF	TRBV7-9	TRBJ1-1
CASSLGGGYTF	TRBV5-4	TRBJ1-2
CASSLQGFEAFF	TRBV19	TRBJ1-1
CASSLQGTEQYF	TRBV19	TRBJ2-7
CASSLEGGNEQFF	TRBV12-3	TRBJ2-1
CASSLAGGNEQFF	TRBV5-1	TRBJ2-1
CASSWTSGSYEQFF	TRBV13	TRBJ2-1
CASSLTSGSYEQYF	TRBV27	TRBJ2-7
CSASPYNEQFF	TRBV20-1	TRBJ2-1
CASSPLNEQFF	TRBV18	TRBJ2-1
CASHGGQETQYF	TRBV19	TRBJ2-5
CSATGGQETQYF	TRBV20-1	TRBJ2-5
CASSLTTDTQYF	TRBV7-6	TRBJ2-3
CASSLNTDTQYF	TRBV12-4	TRBJ2-3
CASSPDSYEQYF	TRBV6-6	TRBJ2-7
CSASPQSYEQYF	TRBV20-1	TRBJ2-7
CASSLTENTEAFF	TRBV18	TRBJ1-1
CASSLTENTEAFF	TRBV7-7	TRBJ1-1
CASSSTENTEAFF	TRBV28	TRBJ1-1
CASSFSYGYTF	TRBV28	TRBJ1-2
CASSDSYGYTF	TRBV6-1	TRBJ1-2
CASSLVREQFF	TRBV7-8	TRBJ2-1
CASSLGREAFF	TRBV11-3	TRBJ1-1
CASSSADTQYF	TRBV19	TRBJ2-3
CASSEADTQYF	TRBV10-2	TRBJ2-3
CSVETGEQFF	TRBV29-1	TRBJ2-1
CASSTGEQFF	TRBV2	TRBJ2-1
CSARGDSNQPQHF	TRBV20-1	TRBJ1-5
CSVLGDSNQPQHF	TRBV29-1	TRBJ1-5
CASSRGSYNEQFF	TRBV6-1	TRBJ2-1
CATSSGSYNEQFF	TRBV4-1	TRBJ2-1
CASRGAYEQYF	TRBV3-1	TRBJ2-7
CASRDAYEQYV	TRBV2	TRBJ2-7
CSASGGAYEQYF	TRBV20-1	TRBJ2-7
CASSGGPYEQFF	TRBV25-1	TRBJ2-1
CASSPTGNEQYF	TRBV7-8	TRBJ2-7
CASSPSGNEQFF	TRBV27	TRBJ2-1
CSARTGSYEQYF	TRBV29-1	TRBJ2-7
CSVLTGSYEQYF	TRBV29-1	TRBJ2-7
CAISGRGNEQFF	TRBV10-3	TRBJ2-1
CASSLRGNEQFF	TRBV5-6	TRBJ2-1
CASSLRGNEQFF	TRBV5-6	TRBJ2-1
CASSLRGNEQFF	TRBV5-6	TRBJ2-1
CASTGGGEQYF	TRBV4-1	TRBJ2-7
CASTGGRELFF	TRBV6-3	TRBJ2-2
CAWSLSTEAFF	TRBV30	TRBJ1-1
CASSYSTEAFF	TRBV6-6	TRBJ1-1
CASSPGPYEQYF	TRBV7-2	TRBJ2-7
CASSGGPYEQFF	TRBV25-1	TRBJ2-1
CASSSGQTYEQYF	TRBV28	TRBJ2-7
CASSPGQTYEQYF	TRBV7-9	TRBJ2-7
CASSIGGNQPQHF	TRBV19	TRBJ1-5
CASSLGGNQPQHF	TRBV11-2	TRBJ1-5
CASSLGREAFF	TRBV11-3	TRBJ1-1
CASSLGYEQYF	TRBV7-9	TRBJ2-7
CASSLGGEAFF	TRBV7-9	TRBJ1-1
CASSLSNEQFF	TRBV5-1	TRBJ2-1
CASSLSNEQFF	TRBV5-1	TRBJ2-1
CAWSLSTEAFF	TRBV30	TRBJ1-1
CASSPGGGELFF	TRBV7-3	TRBJ2-2
CASSPGPGELFF	TRBV3-1	TRBJ2-2
CASSPGLAGYNEQFF	TRBV11-2	TRBJ2-1
CASSRGLAGYNEQFF	TRBV3-1	TRBJ2-1
CASSNRYEQYF	TRBV7-2	TRBJ2-7
CSASGRYEQFF	TRBV20-1	TRBJ2-1
CSVPGGGELFF	TRBV29-1	TRBJ2-2
CASTGGGEQYF	TRBV4-1	TRBJ2-7
CSASLAGGEQFF	TRBV20-1	TRBJ2-1
CASSLAGTEAFF	TRBV28	TRBJ1-1
CASSLAGSYEQYF	TRBV28	TRBJ2-7
CASSLTGSYEQYF	TRBV4-1	TRBJ2-7
CASSLGSSYNEQFF	TRBV7-6	TRBJ2-1
CASSTGSSYNEQFF	TRBV27	TRBJ2-1
CASSLAVERFF	TRBV12-4	TRBJ2-1
CASSLAGELFF	TRBV12-3	TRBJ2-2
CASSLGQGNEQYF	TRBV7-9	TRBJ2-7
CASSLGQGGEQYF	TRBV6-5	TRBJ2-7
CASSLGQGGEQYF	TRBV7-7	TRBJ2-7
CATSPGQGSYEQYF	TRBV24-1	TRBJ2-7
CASSQGQGSYEQYF	TRBV4-1	TRBJ2-7
CASRDAYEQYV	TRBV2	TRBJ2-7
CSARDQYEQYF	TRBV20-1	TRBJ2-7
CARSAGYNEQFF	TRBV30	TRBJ2-1
CASSLGYNEQFF	TRBV7-8	TRBJ2-1
CASSLGYNEQFF	TRBV7-9	TRBJ2-1
CAWSLSTEAFF	TRBV30	TRBJ1-1
CASSLNTEAFF	TRBV5-1	TRBJ1-1
CSEGSSYNEQFF	TRBV20-1	TRBJ2-1
CASSSSYNEQFF	TRBV5-1	TRBJ2-1
CASSVGTGGYEQYF	TRBV7-6	TRBJ2-7
CASSPGTGGYEQYF	TRBV18	TRBJ2-7
CASSPRGGEQYF	TRBV18	TRBJ2-7
CASSPGGGELFF	TRBV7-3	TRBJ2-2
CASSYGSTDTQYF	TRBV6-5	TRBJ2-3
CASSPGSTDTQYF	TRBV5-1	TRBJ2-3
CASSPGSTDTQYF	TRBV28	TRBJ2-3
CSVLENTEAFF	TRBV29-1	TRBJ1-1
CAWNENTEAFF	TRBV30	TRBJ1-1
CSVSRDTEAFF	TRBV29-1	TRBJ1-1
CASSRGTEAFF	TRBV3-1	TRBJ1-1
CASTSGNTIYF	TRBV28	TRBJ1-3
CPRISGNTIYF	TRBV6-5	TRBJ1-3
CASSPDSYEQYF	TRBV6-6	TRBJ2-7
CASSSDSYEQYF	TRBV7-9	TRBJ2-7
CASSDSNQPQHF	TRBV12-4	TRBJ1-5
CSASFSNQPQHF	TRBV20-1	TRBJ1-5
CATSAAGELFF	TRBV24-1	TRBJ2-2
CASSLAGELFF	TRBV12-3	TRBJ2-2
CATSGSYNEQFF	TRBV6-5	TRBJ2-1
CASSGTYNEQFF	TRBV12-3	TRBJ2-1
CASSSTGEQYF	TRBV27	TRBJ2-7
CASSSHGEQYF	TRBV28	TRBJ2-7
CASSRRNTEAFF	TRBV6-5	TRBJ1-1
CASSRQNTEAFF	TRBV19	TRBJ1-1
CAIRTGRTEAFF	TRBV10-3	TRBJ1-1
CSVRTGDTEAFF	TRBV29-1	TRBJ1-1
CASSLYNEQFF	TRBV12-4	TRBJ2-1
CASSLSNEQFF	TRBV5-1	TRBJ2-1
CASSLSNEQFF	TRBV5-1	TRBJ2-1
CASSLGYNEQFF	TRBV7-8	TRBJ2-1
CASSLGYNEQFF	TRBV7-9	TRBJ2-1
CASSLGGNEQFF	TRBV18	TRBJ2-1
CASSRLYEQYF	TRBV12-3	TRBJ2-7
CASSRGYEQYF	TRBV6-1	TRBJ2-7
CASSPGGGELFF	TRBV7-3	TRBJ2-2
CASSPGGTEAFF	TRBV12-3	TRBJ1-1
CASRLTDTQYF	TRBV12-4	TRBJ2-3
CANRPTDTQYF	TRBV2	TRBJ2-3
CASSLGGNEQFF	TRBV18	TRBJ2-1
CASSIGGNEQFF	TRBV19	TRBJ2-1
CASSPGGSSYEQYF	TRBV7-2	TRBJ2-7
CAWSQGGSSYEQYF	TRBV30	TRBJ2-7
CAWSQGGSSYEQYF	TRBV30	TRBJ2-7
CASSFSGELFF	TRBV12-4	TRBJ2-2
CASSGSGEQYF	TRBV5-5	TRBJ2-7
CSARGLSYEQYF	TRBV20-1	TRBJ2-7
CSGRGDSYEQYF	TRBV29-1	TRBJ2-7
CAIRPSGANVLTF	TRBV10-3	TRBJ2-6
CASRGSGANVLTF	TRBV6-1	TRBJ2-6
CSASRETQYF	TRBV20-1	TRBJ2-5
CSCSGETQYF	TRBV20-1	TRBJ2-5
CASSSSYEQYF	TRBV11-2	TRBJ2-7
CASSSTYEQYF	TRBV12-3	TRBJ2-7
CASSSGSSYEQYF	TRBV6-3	TRBJ2-7
CASSYGSSYEQYF	TRBV12-4	TRBJ2-7
CASGKYEQYF	TRBV27	TRBJ2-7
CASGLYEQYF	TRBV12-5	TRBJ2-7
CASSLGGNTEAFF	TRBV5-1	TRBJ1-1
CASSLGGNTEAFF	TRBV6-3	TRBJ1-1
CASSLSGNTEAFF	TRBV7-8	TRBJ1-1
CASSTGNQPQHF	TRBV6-3	TRBJ1-5
CSPSGGNQPQHF	TRBV20-1	TRBJ1-5
CASSLGYEQYF	TRBV7-9	TRBJ2-7
CASSLNYEQFF	TRBV12-3	TRBJ2-1
CASTPNTEAFF	TRBV12-3	TRBJ1-1
CSGTTNTEAFF	TRBV29-1	TRBJ1-1
CASILNTEAFF	TRBV28	TRBJ1-1
CASSLNTEAFF	TRBV5-1	TRBJ1-1
CASSSNTEAFF	TRBV28	TRBJ1-1
CASSLNTEAFF	TRBV5-1	TRBJ1-1
CAWSDGNEQFF	TRBV30	TRBJ2-1
CSASRGNEQFF	TRBV20-1	TRBJ2-1
CASSTGTEAFF	TRBV19	TRBJ1-1
CASSRGTEAFF	TRBV3-1	TRBJ1-1
CASSLGGEAFF	TRBV7-9	TRBJ1-1
CASSFGGEQYF	TRBV5-6	TRBJ2-7
CASNSGSDIQYF	TRBV6-6	TRBJ2-4
CASNSGSDIQYF	TRBV6-6	TRBJ2-4
CASSSLPRESGYTF	TRBV28	TRBJ1-2
CASSSLPRESGYTF	TRBV28	TRBJ1-2
CAWSVLRASSYNEQFF	TRBV30	TRBJ2-1
CAWSVLRASSYNEQFF	TRBV30	TRBJ2-1
CATSRDTLAGASTDTQYF	TRBV15	TRBJ2-3
CATSRDTLAGASTDTQYF	TRBV15	TRBJ2-3
CAWTNRGADHQPQHF	TRBV30	TRBJ1-5
CAWTNRGADHQPQHF	TRBV30	TRBJ1-5
CATSVGARTEAFF	TRBV24-1	TRBJ1-1
CATSVGARTEAFF	TRBV24-1	TRBJ1-1
CASSGGNDEQFF	TRBV2	TRBJ2-1
CASSGGNDEQFF	TRBV2	TRBJ2-1
CASSLEAAGGGGDQPQHF	TRBV7-6	TRBJ1-5
CASSLEAAGGGGDQPQHF	TRBV7-6	TRBJ1-5
CASSQDYLNEQFF	TRBV4-1	TRBJ2-1
CASSQDYLNEQFF	TRBV4-1	TRBJ2-1
CASSQDYLNEQFF	TRBV4-1	TRBJ2-1
CASSWERGTGELFF	TRBV7-6	TRBJ2-2
CASSWERGTGELFF	TRBV7-6	TRBJ2-2
CASSLRDRGPGELFF	TRBV11-2	TRBJ2-2
CASSLRDRGPGELFF	TRBV11-2	TRBJ2-2
CASSHGQVGNYGYTF	TRBV4-1	TRBJ1-2
CASSHGQVGNYGYTF	TRBV4-1	TRBJ1-2
CSARDRGRGRAMGYTF	TRBV20-1	TRBJ1-2
CSARDRGRGRAMGYTF	TRBV20-1	TRBJ1-2
CASSSSGPIRNTEAFF	TRBV7-9	TRBJ1-1
CASSSSGPIRNTEAFF	TRBV7-9	TRBJ1-1
CASSSGTSSIGDTQYF	TRBV5-1	TRBJ2-3
CASSSGTSSIGDTQYF	TRBV5-1	TRBJ2-3
CASSSGTSSIGDTQYF	TRBV5-1	TRBJ2-3
CASSSKPRVPNYGYTF	TRBV28	TRBJ1-2
CASSSKPRVPNYGYTF	TRBV28	TRBJ1-2
CASAVSGANVLTF	TRBV7-2	TRBJ2-6
CASAVSGANVLTF	TRBV27	TRBJ2-6
CASTPQGQRGGSPLHF	TRBV6-6	TRBJ1-6
CASTPQGQRGGSPLHF	TRBV6-6	TRBJ1-6
CASTPQGQRGGSPLHF	TRBV6-6	TRBJ1-6
CASSPRGGGNQPQHF	TRBV3-1	TRBJ1-5
CASSPRGGGNQPQHF	TRBV3-1	TRBJ1-5
CAISVGTGDWGTQYF	TRBV10-3	TRBJ2-3
CAISVGTGDWGTQYF	TRBV10-3	TRBJ2-3
CASSEYGVGNRFEAFF	TRBV25-1	TRBJ1-1
CASSEYGVGNRFEAFF	TRBV25-1	TRBJ1-1
CASSLRGEGREGGGYTF	TRBV4-2	TRBJ1-2
CASSLRGEGREGGGYTF	TRBV4-2	TRBJ1-2
CASSLRGEGREGGGYTF	TRBV4-2	TRBJ1-2
CASSFGGVNEQFF	TRBV27	TRBJ2-1
CASSFGGVNEQFF	TRBV27	TRBJ2-1
CASSMFSENEQFF	TRBV19	TRBJ2-1
CASSMFSENEQFF	TRBV19	TRBJ2-1
CASSYPQRNYNEQFF	TRBV6-3	TRBJ2-1
CASSYPQRNYNEQFF	TRBV6-3	TRBJ2-1
CASSQYAFTGELFF	TRBV28	TRBJ2-2
CASSQYAFTGELFF	TRBV28	TRBJ2-2
CSARDPLVSQGAAGELFF	TRBV20-1	TRBJ2-2
CSARDPLVSQGAAGELFF	TRBV20-1	TRBJ2-2
CSARDPLVSQGAAGELFF	TRBV20-1	TRBJ2-2
CASSNPKVGTGSTDTQYF	TRBV21-1	TRBJ2-3
CASSNPKVGTGSTDTQYF	TRBV21-1	TRBJ2-3
CASLRAGRSDTQYF	TRBV2	TRBJ2-3
CASLRAGRSDTQYF	TRBV2	TRBJ2-3
CASSGSGSGETQYF	TRBV2	TRBJ2-5
CASSGSGSGETQYF	TRBV2	TRBJ2-5
CASSLGGMRADTQYF	TRBV5-6	TRBJ2-3
CASSLGGMRADTQYF	TRBV5-6	TRBJ2-3
CSARDPLANDYEQYF	TRBV20-1	TRBJ2-7
CSARDPLANDYEQYF	TRBV20-1	TRBJ2-7
CASRLATNEQFF	TRBV11-2	TRBJ2-1
CASRLATNEQFF	TRBV11-2	TRBJ2-1
CATTQGAAIQETQYF	TRBV15	TRBJ2-5
CATTQGAAIQETQYF	TRBV15	TRBJ2-5
CASSQDPASGSYEQYF	TRBV4-2	TRBJ2-7
CASSQDPASGSYEQYF	TRBV4-2	TRBJ2-7
CASSQDPASGSYEQYF	TRBV4-2	TRBJ2-7
CASSQDPASGSYEQYF	TRBV4-2	TRBJ2-7
CASSDGSWYEQYF	TRBV7-8	TRBJ2-7
CASSDGSWYEQYF	TRBV7-8	TRBJ2-7
CASSYRGFTETQYF	TRBV5-4	TRBJ2-5
CASSYRGFTETQYF	TRBV5-4	TRBJ2-5
CASSPRQGGETQYF	TRBV5-1	TRBJ2-5
CASSPRQGGETQYF	TRBV11-2	TRBJ2-5
CASSLGQSSYNEQFF	TRBV28	TRBJ2-1
CASSLGQSSYNEQFF	TRBV28	TRBJ2-1
CSARVPQQGWRDPREIQETQYF	TRBV20-1	TRBJ2-5
CSARVPQQGWRDPREIQETQYF	TRBV20-1	TRBJ2-5
CASSLISSTNEKLFF	TRBV5-6	TRBJ1-4
CASSLISSTNEKLFF	TRBV5-6	TRBJ1-4
CASRRQGNYGYTF	TRBV12-4	TRBJ1-2
CASRRQGNYGYTF	TRBV12-3	TRBJ1-2
CATSDLVSGEDEQFF	TRBV24-1	TRBJ2-1
CATSDLVSGEDEQFF	TRBV24-1	TRBJ2-1
CATSRKPGRLGGGEKLFF	TRBV15	TRBJ1-4
CATSRKPGRLGGGEKLFF	TRBV15	TRBJ1-4
CASSSPMGYGYTF	TRBV6-3	TRBJ1-2
CASSSPMGYGYTF	TRBV6-3	TRBJ1-2
CATSPGVTSYNSPLHF	TRBV15	TRBJ1-6
CATSPGVTSYNSPLHF	TRBV15	TRBJ1-6
CATSPGVTSYNSPLHF	TRBV15	TRBJ1-6
CASSLQMNTEAFF	TRBV9	TRBJ1-1
CASSLQMNTEAFF	TRBV11-3	TRBJ1-1
CASSETGSSTDTQYF	TRBV2	TRBJ2-3
CASSETGSSTDTQYF	TRBV2	TRBJ2-3
CASSQDYSGNTIYF	TRBV6-1	TRBJ1-3
CASSQDYSGNTIYF	TRBV4-3	TRBJ1-3
CASSFPLASGANVLTF	TRBV12-3	TRBJ2-6
CASSFPLASGANVLTF	TRBV12-3	TRBJ2-6
CASSSRGLGSTDTQYF	TRBV13	TRBJ2-3
CASSSRGLGSTDTQYF	TRBV13	TRBJ2-3
CASSPRQVYNEQFF	TRBV19	TRBJ2-1
CASSPRQVYNEQFF	TRBV19	TRBJ2-1
CASEPWVLSSYEQYF	TRBV5-1	TRBJ2-7
CASEPWVLSSYEQYF	TRBV5-1	TRBJ2-7
CASSQGFQRGTNEQYF	TRBV3-1	TRBJ2-7
CASSQGFQRGTNEQYF	TRBV3-1	TRBJ2-7
CASSQGFQRGTNEQYF	TRBV3-1	TRBJ2-7
CASSQGFQRGTNEQYF	TRBV3-1	TRBJ2-7
CASSQGFQRGTNEQYF	TRBV3-1	TRBJ2-7
CASSQGFQRGTNEQYF	TRBV3-1	TRBJ2-7
CASSQGFQRGTNEQYF	TRBV3-1	TRBJ2-7
CATGQGRTSEQYF	TRBV19	TRBJ2-7
CATGQGRTSEQYF	TRBV19	TRBJ2-7
CATGQGRTSEQYF	TRBV19	TRBJ2-7
CAWSKEGAISNQPQHF	TRBV30	TRBJ1-5
CAWSKEGAISNQPQHF	TRBV30	TRBJ1-5
CSARGVVRGFDTGELFF	TRBV20-1	TRBJ2-2
CSARGVVRGFDTGELFF	TRBV20-1	TRBJ2-2
CSARTGKGYSNQPQHF	TRBV20-1	TRBJ1-5
CSARTGKGYSNQPQHF	TRBV20-1	TRBJ1-5
CASSEGMGRTEAFF	TRBV10-1	TRBJ1-1
CASSEGMGRTEAFF	TRBV10-1	TRBJ1-1
CASSPRREDTQYF	TRBV5-1	TRBJ2-3
CASSPRREDTQYF	TRBV5-1	TRBJ2-3
CASSSSGGYTEAFF	TRBV7-2	TRBJ1-1
CASSSSGGYTEAFF	TRBV7-2	TRBJ1-1
CASSLIGRANEQYF	TRBV7-7	TRBJ2-7
CASSLIGRANEQYF	TRBV7-7	TRBJ2-7
CASAEPGQSSPLHF	TRBV28	TRBJ1-6
CASAEPGQSSPLHF	TRBV28	TRBJ1-6
CASSQVSSQNPPDTQYF	TRBV4-2	TRBJ2-3
CASSQVSSQNPPDTQYF	TRBV4-2	TRBJ2-3
CASSQVSSQNPPDTQYF	TRBV4-2	TRBJ2-3
CASREPGGDDYGYTF	TRBV6-5	TRBJ1-2
CASREPGGDDYGYTF	TRBV6-5	TRBJ1-2
CSARDVGQGLTGELFF	TRBV20-1	TRBJ2-2
CSARDVGQGLTGELFF	TRBV20-1	TRBJ2-2
CASSSPGQGPLGQPQHF	TRBV19	TRBJ1-5
CASSSPGQGPLGQPQHF	TRBV19	TRBJ1-5
CASSSPGQGPLGQPQHF	TRBV19	TRBJ1-5
CASSPPTGANTEAFF	TRBV18	TRBJ1-1
CASSPPTGANTEAFF	TRBV5-1	TRBJ1-1
CASSGRDRGLFGLNTIYF	TRBV9	TRBJ1-3
CASSGRDRGLFGLNTIYF	TRBV9	TRBJ1-3
CASSGRDRGLFGLNTIYF	TRBV9	TRBJ1-3
CATEVDSTNEKLFF	TRBV6-6	TRBJ1-4
CATEVDSTNEKLFF	TRBV6-6	TRBJ1-4
CASRTRNTEAFF	TRBV2	TRBJ1-1
CASRTRNTEAFF	TRBV2	TRBJ1-1
CASRTRNTEAFF	TRBV2	TRBJ1-1
CASSLAGWDRGDEQYF	TRBV7-6	TRBJ2-7
CASSLAGWDRGDEQYF	TRBV7-6	TRBJ2-7
CASSFPWTGGVKTQYF	TRBV28	TRBJ2-5
CASSFPWTGGVKTQYF	TRBV28	TRBJ2-5
CASSPRDFNMSPLHF	TRBV18	TRBJ1-6
CASSPRDFNMSPLHF	TRBV18	TRBJ1-6
CASSPRDFNMSPLHF	TRBV18	TRBJ1-6
CSAARDSYSSYEQYF	TRBV20-1	TRBJ2-7
CSAARDSYSSYEQYF	TRBV20-1	TRBJ2-7
CSAARDSYSSYEQYF	TRBV20-1	TRBJ2-7
CASSSPGHEQFF	TRBV19	TRBJ2-1
CASSSPGHEQFF	TRBV19	TRBJ2-1
CASSLAGGYGETQYF	TRBV7-9	TRBJ2-5
CASSLAGGYGETQYF	TRBV7-9	TRBJ2-5
CSARGPSGGRGDSPLHF	TRBV20-1	TRBJ1-6
CSARGPSGGRGDSPLHF	TRBV20-1	TRBJ1-6
CSARGPSGGRGDSPLHF	TRBV20-1	TRBJ1-6
CASSQSESGGNYEQYF	TRBV16	TRBJ2-7
CASSQSESGGNYEQYF	TRBV16	TRBJ2-7
CASSQSESGGNYEQYF	TRBV16	TRBJ2-7
CASSQSESGGNYEQYF	TRBV16	TRBJ2-7
CASSFTIGQPNQPQHF	TRBV28	TRBJ1-5
CASSFTIGQPNQPQHF	TRBV28	TRBJ1-5
CASSVDQGGGGELFF	TRBV9	TRBJ2-2
CASSVDQGGGGELFF	TRBV9	TRBJ2-2
CSVVPTLAGGGLTDTQYF	TRBV29-1	TRBJ2-3
CSVVPTLAGGGLTDTQYF	TRBV29-1	TRBJ2-3
CASSLTGLTDEQFF	TRBV7-3	TRBJ2-1
CASSLTGLTDEQFF	TRBV7-3	TRBJ2-1
CASSSKPEANYGYTF	TRBV27	TRBJ1-2
CASSSKPEANYGYTF	TRBV27	TRBJ1-2
CASSRSTNEKLFF	TRBV19	TRBJ1-4
CASSRSTNEKLFF	TRBV5-1	TRBJ1-4
CASSALLTGFGNQPQHF	TRBV28	TRBJ1-5
CASSALLTGFGNQPQHF	TRBV28	TRBJ1-5
CASSALLTGFGNQPQHF	TRBV28	TRBJ1-5
CASSSWVAIGVMNTIYF	TRBV7-2	TRBJ1-3
CASSSWVAIGVMNTIYF	TRBV7-2	TRBJ1-3
CASSLGGTSEAFF	TRBV28	TRBJ1-1
CASSLGGTSEAFF	TRBV28	TRBJ1-1
CASSLGGTSEAFF	TRBV28	TRBJ1-1
CASSLGGTSEAFF	TRBV28	TRBJ1-1
CASSLGGTSEAFF	TRBV28	TRBJ1-1
CASSGSGGRAKNIQYF	TRBV7-9	TRBJ2-4
CASSGSGGRAKNIQYF	TRBV7-9	TRBJ2-4
CASSYSSQNEQFF	TRBV6-5	TRBJ2-1
CASSYSSQNEQFF	TRBV6-5	TRBJ2-1
CASSYSSQNEQFF	TRBV6-5	TRBJ2-1
CASSYSSQNEQFF	TRBV6-5	TRBJ2-1
CASSYSSQNEQFF	TRBV6-5	TRBJ2-1
CASSLKPYSNQPQHF	TRBV27	TRBJ1-5
CASSLKPYSNQPQHF	TRBV27	TRBJ1-5
CASSLSSVDTQYF	TRBV11-2	TRBJ2-3
CASSLSSVDTQYF	TRBV11-2	TRBJ2-3
CASRRGQAIGGYTF	TRBV27	TRBJ1-2
CASRRGQAIGGYTF	TRBV27	TRBJ1-2
CASSQEDRAGNTIYF	TRBV4-2	TRBJ1-3
CASSQEDRAGNTIYF	TRBV4-2	TRBJ1-3
CASSYPWDSLWNQPQHF	TRBV6-6	TRBJ1-5
CASSYPWDSLWNQPQHF	TRBV6-6	TRBJ1-5
CAIRGYEGSPLHF	TRBV10-3	TRBJ1-6
CAIRGYEGSPLHF	TRBV10-3	TRBJ1-6
CAIRGYEGSPLHF	TRBV10-3	TRBJ1-6
CAIRGYEGSPLHF	TRBV10-3	TRBJ1-6
CAIRGYEGSPLHF	TRBV10-3	TRBJ1-6
CAIRGYEGSPLHF	TRBV10-3	TRBJ1-6
CAIRGYEGSPLHF	TRBV10-3	TRBJ1-6
CASSTPRGSGDTYEQYF	TRBV28	TRBJ2-7
CASSTPRGSGDTYEQYF	TRBV28	TRBJ2-7
CASSTPRGSGDTYEQYF	TRBV28	TRBJ2-7
CASSPGTGVEQYF	TRBV18	TRBJ2-7
CASSPGTGVEQYF	TRBV11-3	TRBJ2-7
CASSFLGGSPQIGNEQFF	TRBV28	TRBJ2-1
CASSFLGGSPQIGNEQFF	TRBV28	TRBJ2-1
CASSFGGDGYTF	TRBV28	TRBJ1-2
CASSFGGDGYTF	TRBV28	TRBJ1-2
CSARVTGTTYNEQFF	TRBV20-1	TRBJ2-1
CSARVTGTTYNEQFF	TRBV20-1	TRBJ2-1
CSARVTGTTYNEQFF	TRBV20-1	TRBJ2-1
CSARVTGTTYNEQFF	TRBV20-1	TRBJ2-1
CSARVTGTTYNEQFF	TRBV20-1	TRBJ2-1
CSARVTGTTYNEQFF	TRBV20-1	TRBJ2-1
CSARVTGTTYNEQFF	TRBV20-1	TRBJ2-1
CSARVTGTTYNEQFF	TRBV20-1	TRBJ2-1
CSARVTGTTYNEQFF	TRBV20-1	TRBJ2-1
CASSDRADFSETQYF	TRBV2	TRBJ2-5
CASSDRADFSETQYF	TRBV2	TRBJ2-5
CASSGGTSGESSYNEQFF	TRBV28	TRBJ2-1
CASSGGTSGESSYNEQFF	TRBV28	TRBJ2-1
CASSGGTSGESSYNEQFF	TRBV28	TRBJ2-1
CASSGGTSGESSYNEQFF	TRBV28	TRBJ2-1
CASSQLSPGPRNTGELFF	TRBV16	TRBJ2-2
CASSQLSPGPRNTGELFF	TRBV16	TRBJ2-2
CASSQGWPYEQYF	TRBV2	TRBJ2-7
CASSQGWPYEQYF	TRBV2	TRBJ2-7
CASSQGWPYEQYF	TRBV2	TRBJ2-7
CASSQGWPYEQYF	TRBV2	TRBJ2-7
CASSFYAGDSPYEQYF	TRBV7-9	TRBJ2-7
CASSFYAGDSPYEQYF	TRBV7-9	TRBJ2-7
CASSYQGHQPQHF	TRBV6-3	TRBJ1-5
CASSYQGHQPQHF	TRBV6-3	TRBJ1-5
CASSIVRGELYNEQFF	TRBV19	TRBJ2-1
CASSIVRGELYNEQFF	TRBV19	TRBJ2-1
CASSIVRGELYNEQFF	TRBV19	TRBJ2-1
CASMGLAGQETQYF	TRBV6-3	TRBJ2-5
CASMGLAGQETQYF	TRBV6-3	TRBJ2-5
CASMGLAGQETQYF	TRBV6-3	TRBJ2-5
CASSFDPRETQYF	TRBV2	TRBJ2-5
CASSFDPRETQYF	TRBV2	TRBJ2-5
CASRPQGNEQFF	TRBV12-3	TRBJ2-1
CASRPQGNEQFF	TRBV12-3	TRBJ2-1
CASTHRDRVYEQYF	TRBV6-1	TRBJ2-7
CASTHRDRVYEQYF	TRBV6-1	TRBJ2-7
CASSLGQGEKLFF	TRBV11-2	TRBJ1-4
CASSLGQGEKLFF	TRBV12-4	TRBJ1-4
CASSQDMGTGGETQYF	TRBV4-2	TRBJ2-5
CASSQDMGTGGETQYF	TRBV4-2	TRBJ2-5
CASRPGSLAGGTYEQYF	TRBV28	TRBJ2-7
CASRPGSLAGGTYEQYF	TRBV28	TRBJ2-7
CASRPGSLAGGTYEQYF	TRBV28	TRBJ2-7
CASSYINSNQPQHF	TRBV12-4	TRBJ1-5
CASSYINSNQPQHF	TRBV12-4	TRBJ1-5
CASSIGYTGELFF	TRBV19	TRBJ2-2
CASSIGYTGELFF	TRBV19	TRBJ2-2
CASSLEQAVRTDTQYF	TRBV5-1	TRBJ2-3
CASSLEQAVRTDTQYF	TRBV5-1	TRBJ2-3
CASSLEQAVRTDTQYF	TRBV5-1	TRBJ2-3
CASSVEGRGKQETQYF	TRBV9	TRBJ2-5
CASSVEGRGKQETQYF	TRBV9	TRBJ2-5
CASSVEGRGKQETQYF	TRBV9	TRBJ2-5
CASSDTQGNYGYTF	TRBV4-1	TRBJ1-2
CASSDTQGNYGYTF	TRBV4-1	TRBJ1-2
CASSLEQATRADTQYF	TRBV5-1	TRBJ2-3
CASSLEQATRADTQYF	TRBV5-1	TRBJ2-3
