CATTTSGSYNEQFF	TRBV7-9	TRBJ2-1
CASTTSGSYNEQFF	TRBV5-6	TRBJ2-1
CASTASGSYNEQFF	TRBV6-1	TRBJ2-1
CASSPLYNEQFF	TRBV7-9	TRBJ2-1
CASSPVYNEQFF	TRBV6-1	TRBJ2-1
CASSPGYNEQFF	TRBV28	TRBJ2-1
CASSPFYNEQFF	TRBV10-2	TRBJ2-1
CATSRGLAGGSYEQYF	TRBV15	TRBJ2-7
CASSRGLASGSYEQYF	TRBV7-8	TRBJ2-7
CASSPRSGGRTEAFF	TRBV3-1	TRBJ1-1
CASSPRSGGRTTQYF	TRBV6-5	TRBJ2-5
CASSEGQGYTGELFF	TRBV2	TRBJ2-2
CASSEGPGYTGELFF	TRBV6-1	TRBJ2-2
CASQPGQGTTDTQYF	TRBV6-4	TRBJ2-3
CQQQPGQGATDTQYF	TRBV21-1	TRBJ2-3
CSARDRASGRPSYNEQFF	TRBV20-1	TRBJ2-1
CSARDRTSGRPSYNEQFF	TRBV20-1	TRBJ2-1
CASSVALEGTQYF	TRBV6-4	TRBJ2-3
CASSVALEGEQYF	TRBV9	TRBJ2-7
CSATRLAGDRNEQFF	TRBV20-1	TRBJ2-1
CSATRLAGDYNEQFF	TRBV20-1	TRBJ2-1
CASSLVREEGYTF	TRBV7-9	TRBJ1-2
CASSLVRENGYTF	TRBV12-4	TRBJ1-2
CSAQTVYSNQPQHF	TRBV20-1	TRBJ1-5
CASQAVYSNQPQHF	TRBV2	TRBJ1-5
CASSYRGAGTDTQYF	TRBV6-6	TRBJ2-3
CASSYRGASTDTQYF	TRBV6-5	TRBJ2-3
CASSSPGRGYEQYF	TRBV7-6	TRBJ2-7
CASSSPGRGTEAFF	TRBV7-2	TRBJ1-1
CASSQDRGSSNQPQHF	TRBV4-1	TRBJ1-5
CASSQDRDSSNQPQHF	TRBV5-1	TRBJ1-5
CASRRSGGNQPQHF	TRBV6-1	TRBJ1-5
CASSRSGGNQPQHF	TRBV3-1	TRBJ1-5
CASSGLPDYEQYF	TRBV28	TRBJ2-7
CASSLLPDYEQYF	TRBV5-1	TRBJ2-7
CSVPHSSYNEQFF	TRBV29-1	TRBJ2-1
CASSHSSYNEQFF	TRBV7-9	TRBJ2-1
CASSIGGRPQHF	TRBV19	TRBJ1-5
CASSIGGQPQHF	TRBV19	TRBJ1-5
CAWSVLQAYEQYF	TRBV30	TRBJ2-7
CAWSVGQAYEQYF	TRBV30	TRBJ2-7
CSASETGSYNSPLHF	TRBV20-1	TRBJ1-6
CAISEEGSYNSPLHF	TRBV10-3	TRBJ1-6
CASSPFPNEQFF	TRBV6-6	TRBJ2-1
CASSPFYNEQFF	TRBV10-2	TRBJ2-1
CASSEDTGTSAHNEQFF	TRBV6-1	TRBJ2-1
CASSPGTSAHNWNF	TRBV7-2	TRBJ2-7
CASSQQTSAHRNEQFF	TRBV4-1	TRBJ2-1
CASSFGGRMEPQHF	TRBV7-6	TRBJ1-5
CASRSAGGGRMETQYF	TRBV7-9	TRBJ2-5
CASSIGRMERNYGYTF	TRBV19	TRBJ1-2
CASSPRTGKFF	TRBV28	TRBJ2-1
CASSERTGQFF	TRBV6-1	TRBJ2-1
CASSFESGETQYF	TRBV6-3	TRBJ2-5
CASSFTSGETQYF	TRBV28	TRBJ2-5
CASSLGLAKNIQYF	TRBV7-9	TRBJ2-4
CASSLGEAKNIQYF	TRBV5-1	TRBJ2-4
CASSRTGDSSYEQYF	TRBV7-9	TRBJ2-7
CASSRTGVSSYEQYF	TRBV18	TRBJ2-7
CASSVLTGNQPQHF	TRBV2	TRBJ1-5
CASSVLQGNQPQHF	TRBV19	TRBJ1-5
CASSPGQGGYGYTF	TRBV7-6	TRBJ1-2
CASSPGQPGYGYTF	TRBV5-1	TRBJ1-2
CASSFRTSGITDTQYF	TRBV5-6	TRBJ2-3
CASSFRTSGGTDTQYF	TRBV7-9	TRBJ2-3
CASSTPFETQYF	TRBV7-2	TRBJ2-5
CASSTPQETQYF	TRBV11-2	TRBJ2-5
CASSLAQGEQFF	TRBV7-2	TRBJ2-1
CASSVAQGEQYF	TRBV7-2	TRBJ2-7
CASSGEETQYF	TRBV2	TRBJ2-5
CASSEEETQYF	TRBV2	TRBJ2-5
CASSQEETQYF	TRBV14	TRBJ2-5
CASSGQGTETQYF	TRBV7-3	TRBJ2-5
CASSGQGTDTQYF	TRBV10-1	TRBJ2-3
CSASRRSGTYEQYF	TRBV20-1	TRBJ2-7
CASSRTSGTYEQYF	TRBV6-5	TRBJ2-7
CATGPGYTF	TRBV19	TRBJ1-2
CVAGPEAFF	TRBV7-9	TRBJ1-1
CASSRDGNYGYTF	TRBV11-2	TRBJ1-2
CASKRDGNYGYTF	TRBV6-5	TRBJ1-2
CASSHRDRNYEQYF	TRBV7-9	TRBJ2-7
CASSTRDRNYEQYF	TRBV19	TRBJ2-7
CASSRTIYNEQFF	TRBV6-4	TRBJ2-1
CASSRTSYNEQFF	TRBV6-5	TRBJ2-1
CASSLAGTDTQYF	TRBV5-1	TRBJ2-3
CASSLGGTDTQYF	TRBV7-2	TRBJ2-3
CASSLRGTDTQYF	TRBV5-1	TRBJ2-3
CASSLGPQETQYF	TRBV7-2	TRBJ2-5
CASSLGPAETQYF	TRBV12-3	TRBJ2-5
CASSQGEQFF	TRBV4-1	TRBJ2-1
CASSQGQTIF	TRBV4-1	TRBJ1-2
CASSESGGNTEAFF	TRBV6-1	TRBJ1-1
CASSESFGNTEAFF	TRBV10-1	TRBJ1-1
CASSLGGANQPQHF	TRBV5-1	TRBJ1-5
CASSLGGAGQPQHF	TRBV27	TRBJ1-5
CASSLRGAAEQFF	TRBV7-9	TRBJ2-1
CASSLSGAAEAFF	TRBV12-3	TRBJ1-1
CASRPPGNTEAFF	TRBV7-9	TRBJ1-1
CASRLPGNTEAFF	TRBV12-3	TRBJ1-1
CASSPPPGNEQFF	TRBV18	TRBJ2-1
CASSPPVGNEQFF	TRBV12-4	TRBJ2-1
CASSLSGAGEQYF	TRBV5-1	TRBJ2-7
CASSLSGAAEAFF	TRBV12-3	TRBJ1-1
CSARDQGGSSYEQYF	TRBV20-1	TRBJ2-7
CSARDGGGSSYEQYF	TRBV20-1	TRBJ2-7
CASSLQGANEKLFF	TRBV18	TRBJ1-4
CASSLPGANEKLFF	TRBV28	TRBJ1-4
CASSSTSGWTDTQYF	TRBV7-2	TRBJ2-3
CSASSTSGNTDTQYF	TRBV20-1	TRBJ2-3
CASSLGYYEQYF	TRBV2	TRBJ2-7
CASSLGGYEQYF	TRBV11-3	TRBJ2-7
CASSLGGYEAFF	TRBV12-3	TRBJ1-1
CAWKGDGSFLNEQFF	TRBV30	TRBJ2-1
CSASSPVDFLNEQFF	TRBV20-1	TRBJ2-1
CASKPGTGGYEQYF	TRBV6-1	TRBJ2-7
CASRPGTGGYEQYF	TRBV5-1	TRBJ2-7
CASSLVAGGELFF	TRBV5-4	TRBJ2-2
CASSLVARGELFF	TRBV11-2	TRBJ2-2
CASSPPSSREQYF	TRBV18	TRBJ2-7
CASSPPSSYEQYF	TRBV27	TRBJ2-7
CASSLTGVNTEAFF	TRBV5-1	TRBJ1-1
CASSLTGVGTEAFF	TRBV28	TRBJ1-1
CSAPLRGEQYF	TRBV29-1	TRBJ2-7
CASSLRGEQYF	TRBV28	TRBJ2-7
CASSLGGYEAFF	TRBV12-3	TRBJ1-1
CASSLGGYEQYF	TRBV11-3	TRBJ2-7
CASSLTGYEQYF	TRBV7-9	TRBJ2-7
CASGPSGTYEQFF	TRBV27	TRBJ2-1
CATSPSGTYEQYF	TRBV24-1	TRBJ2-7
CATSRGLETQYF	TRBV15	TRBJ2-5
CASSTGLETQYF	TRBV28	TRBJ2-5
CASSFSGELFF	TRBV11-3	TRBJ2-2
CASSFSGSRYF	TRBV11-2	TRBJ2-7
CASSYGGAYEQYF	TRBV28	TRBJ2-7
CASSYGGATEAFF	TRBV6-6	TRBJ1-1
CASSIGYEQYF	TRBV19	TRBJ2-7
CASSISYEQYF	TRBV18	TRBJ2-7
CSVPGGLTDTQYF	TRBV20-1	TRBJ2-3
CASQGGLTDTQYF	TRBV19	TRBJ2-3
CASSLNVDTQYF	TRBV7-9	TRBJ2-3
CASSLRVDTQYF	TRBV12-3	TRBJ2-3
CASSLRPDTQYF	TRBV4-3	TRBJ2-3
CASSLRVDTQYF	TRBV12-3	TRBJ2-3
CASSLGGRTDTQYF	TRBV5-4	TRBJ2-3
CASSLQGRTDTQYF	TRBV5-1	TRBJ2-3
CASSPVHEQFF	TRBV18	TRBJ2-1
CASSPGHEQYF	TRBV7-9	TRBJ2-7
CASSLGGYEAFF	TRBV12-3	TRBJ1-1
CATSEGGYEQYF	TRBV24-1	TRBJ2-7
CASSLGGYEQYF	TRBV11-3	TRBJ2-7
CASSSQGNTEAFF	TRBV5-1	TRBJ1-1
CASSSQGITEAFF	TRBV5-4	TRBJ1-1
CASSLGGSSYNEQFF	TRBV11-3	TRBJ2-1
CASSLGGSGYNEQFF	TRBV5-1	TRBJ2-1
CASSPGTSTDTQYF	TRBV6-6	TRBJ2-3
CASSPTTSTDTQYF	TRBV3-1	TRBJ2-3
CASSEWGQETQYF	TRBV25-1	TRBJ2-5
CASSEVGQETQYF	TRBV6-1	TRBJ2-5
CTSSLGGSGANVLTF	TRBV11-3	TRBJ2-6
CASSLGGAGANVLTF	TRBV9	TRBJ2-6
CASSLLGVGTEAFF	TRBV12-3	TRBJ1-1
CASSLTGVGTEAFF	TRBV28	TRBJ1-1
CASSLDGNEKLFF	TRBV5-6	TRBJ1-4
CASSLLGNEKLFF	TRBV5-6	TRBJ1-4
CASRSSAEAFF	TRBV4-3	TRBJ1-1
CASRSSYEQYF	TRBV12-3	TRBJ2-7
CASSRGGVAFF	TRBV11-2	TRBJ1-1
CASSRGGGYTF	TRBV6-3	TRBJ1-2
CASSSRNSYEQYF	TRBV12-4	TRBJ2-7
CSASSANSYEQYF	TRBV20-1	TRBJ2-7
CASSGTSNTEAFF	TRBV10-2	TRBJ1-1
CAWSGGSNTEAFF	TRBV30	TRBJ1-1
CASSPTGSTDTQYF	TRBV18	TRBJ2-3
CASSPTTSTDTQYF	TRBV3-1	TRBJ2-3
CASSLTDNYGYTF	TRBV12-3	TRBJ1-2
CASSLTVNYGYTF	TRBV27	TRBJ1-2
CASSLTSGGSYEQYF	TRBV7-2	TRBJ2-7
CASSRTSGGSYEQYF	TRBV7-2	TRBJ2-7
CASSPPGGYEQFF	TRBV7-3	TRBJ2-1
CASSFPGGYEQYF	TRBV7-9	TRBJ2-7
CASSPRTGGEQYF	TRBV18	TRBJ2-7
CASSPRTGYEQYF	TRBV7-2	TRBJ2-7
CASSFLNEQFF	TRBV5-8	TRBJ2-1
CASSFYNEQFF	TRBV28	TRBJ2-1
CASSSTGSNQPQHF	TRBV6-3	TRBJ1-5
CAWSSDGSNQPQHF	TRBV30	TRBJ1-5
CASSLALDEQFF	TRBV7-9	TRBJ2-1
CASSLAGDEQFF	TRBV7-2	TRBJ2-1
CSVGQGVNTEAFF	TRBV20-1	TRBJ1-1
CASSQGVNTEAFF	TRBV19	TRBJ1-1
CASSLGDVQYF	TRBV28	TRBJ2-3
CASSLGDTQYF	TRBV12-4	TRBJ2-3
CASSSPGQGTYEQYF	TRBV11-2	TRBJ2-7
CASSSPGQGSYEQYF	TRBV27	TRBJ2-7
CASSPGQGNYGYTF	TRBV7-3	TRBJ1-2
CASSPGQFNYGYTF	TRBV5-1	TRBJ1-2
CASSGLAKNIQYF	TRBV6-1	TRBJ2-4
CARIGLAKNIQYF	TRBV12-3	TRBJ2-4
CASSLAENTEAFF	TRBV7-6	TRBJ1-1
CASSLRENTEAFF	TRBV5-1	TRBJ1-1
CASSLGGAQETQYF	TRBV7-3	TRBJ2-5
CASSLGGPQETQYF	TRBV7-7	TRBJ2-5
CASSLTGNTEAFF	TRBV5-1	TRBJ1-1
CASSLTGDTEAFF	TRBV5-1	TRBJ1-1
CASSRTGGNQPQHF	TRBV7-8	TRBJ1-5
CASSRSGGNQPQHF	TRBV3-1	TRBJ1-5
CSASTWNEQYF	TRBV20-1	TRBJ2-7
CASSTLNEQFF	TRBV7-9	TRBJ2-1
CASSPTGGSYEQYF	TRBV19	TRBJ2-7
CASSPTGGIYEQYF	TRBV19	TRBJ2-7
CASSFSGTDTQYF	TRBV12-3	TRBJ2-3
CASSKSGTDTQYF	TRBV19	TRBJ2-3
CASSPGSYNEQFF	TRBV4-3	TRBJ2-1
CAWSPASYNEQFF	TRBV30	TRBJ2-1
CASSRGQSNQPQHF	TRBV6-5	TRBJ1-5
CASSYGQSNQPQHF	TRBV6-3	TRBJ1-5
CASSFSGELFF	TRBV11-3	TRBJ2-2
CASSFSAEAFF	TRBV5-6	TRBJ1-1
CASSLTGTSYEQYF	TRBV7-2	TRBJ2-7
CASSLTGLSYEQYF	TRBV4-2	TRBJ2-7
CASSFLNEQFF	TRBV5-8	TRBJ2-1
CASSTLNEQFF	TRBV7-9	TRBJ2-1
CSVGQGVNTEAFF	TRBV20-1	TRBJ1-1
CAWGQGSNTEAFF	TRBV30	TRBJ1-1
CASSLSSYEQYF	TRBV5-1	TRBJ2-7
CASSLSDYEQYF	TRBV28	TRBJ2-7
CASSLGETQYF	TRBV11-2	TRBJ2-5
CASSLGETQYF	TRBV2	TRBJ2-5
CASSLGDTQYF	TRBV12-4	TRBJ2-3
CASSPLYNEQFF	TRBV7-9	TRBJ2-1
CASSRLYNEQFF	TRBV7-2	TRBJ2-1
CASSIGYEQYF	TRBV19	TRBJ2-7
CASSIGAEQYF	TRBV19	TRBJ2-7
CASSLGGNTGELFF	TRBV19	TRBJ2-2
CASSPGGNTGELFF	TRBV28	TRBJ2-2
CASSRDSYNEQFF	TRBV3-1	TRBJ2-1
CASSRTSYNEQFF	TRBV6-5	TRBJ2-1
CAISEGETQYF	TRBV10-3	TRBJ2-5
CASSEEETQYF	TRBV2	TRBJ2-5
CASSLQGNYGYTF	TRBV7-3	TRBJ1-2
CASSYQGNYGYTF	TRBV6-5	TRBJ1-2
CASSLTGGNEQYF	TRBV28	TRBJ2-7
CASSVTGGNEQFF	TRBV9	TRBJ2-1
CASSLGISYNEQFF	TRBV7-9	TRBJ2-1
CASSLGSSYNEQFF	TRBV10-2	TRBJ2-1
CASSGTGGNQPQHF	TRBV12-3	TRBJ1-5
CASSRTGGNQPQHF	TRBV7-8	TRBJ1-5
CASSLTGDTEAFF	TRBV5-1	TRBJ1-1
CASSFTGDTEAFF	TRBV19	TRBJ1-1
CASSYGPYNEQFF	TRBV7-9	TRBJ2-1
CASSYGPYNEQFF	TRBV11-3	TRBJ2-1
CASSQGPYNEQFF	TRBV7-9	TRBJ2-1
CASSPGQGGYGYTF	TRBV7-6	TRBJ1-2
CASSPGQGNYGYTF	TRBV7-3	TRBJ1-2
CASSLYQETQYF	TRBV28	TRBJ2-5
CASSLAQETQYF	TRBV7-2	TRBJ2-5
CASSFPGGELFF	TRBV5-6	TRBJ2-2
CASSLPGGEQFF	TRBV5-4	TRBJ2-1
CASSETGSSYNEQFF	TRBV2	TRBJ2-1
CASSQTGSSYNEQFF	TRBV5-4	TRBJ2-1
CASSVRENTEAFF	TRBV7-9	TRBJ1-1
CASSLRENTEAFF	TRBV5-1	TRBJ1-1
CASSLLGTYEQYF	TRBV6-1	TRBJ2-7
CASSLVGTYEQYF	TRBV7-9	TRBJ2-7
CSGSPGQNTEAFF	TRBV29-1	TRBJ1-1
CASSYGQNTEAFF	TRBV11-2	TRBJ1-1
CSGSPGQNTEAFF	TRBV29-1	TRBJ1-1
CASSPGANTEAFF	TRBV18	TRBJ1-1
CASSLGTGEAFF	TRBV5-1	TRBJ1-1
CASSLGTHEQYF	TRBV7-8	TRBJ2-7
CATSRGLETQYF	TRBV15	TRBJ2-5
CASSRGKETQYF	TRBV4-3	TRBJ2-5
CASSAGGAYEQYF	TRBV10-2	TRBJ2-7
CASSYGGAYEQYF	TRBV28	TRBJ2-7
CASSLRDTQYF	TRBV7-2	TRBJ2-3
CASSLGDTQYF	TRBV12-4	TRBJ2-3
CSASHGGQETQYF	TRBV20-1	TRBJ2-5
CASSLGGQETQYF	TRBV5-6	TRBJ2-5
CASSPDRNYGYTF	TRBV7-3	TRBJ1-2
CASSWDRNYGYTF	TRBV27	TRBJ1-2
CASSLGPQETQYF	TRBV7-2	TRBJ2-5
CASSLGGQETQYF	TRBV5-6	TRBJ2-5
CASSSGQGNYGYTF	TRBV19	TRBJ1-2
CASSPGQGNYGYTF	TRBV7-3	TRBJ1-2
CAWSLGGNTEAFF	TRBV30	TRBJ1-1
CASSLGGRTEAFF	TRBV7-9	TRBJ1-1
CSARQGTDTQYF	TRBV29-1	TRBJ2-3
CASRGGTDTQYF	TRBV28	TRBJ2-3
CASSLVGIEQYF	TRBV5-6	TRBJ2-7
CASSLVGTEAFF	TRBV7-9	TRBJ1-1
CSASPGGDEQYF	TRBV20-1	TRBJ2-7
CASSRGGDEQYF	TRBV28	TRBJ2-7
CASSLTGGNEQYF	TRBV28	TRBJ2-7
CASSLGGGNEQFF	TRBV7-3	TRBJ2-1
CASRAGGNTEAFF	TRBV25-1	TRBJ1-1
CASRQGGNTEAFF	TRBV28	TRBJ1-1
CASSLGNTEAFF	TRBV27	TRBJ1-1
CASSLPNTEAFF	TRBV28	TRBJ1-1
CASSLMGDEQFF	TRBV28	TRBJ2-1
CASSLAGDEQFF	TRBV7-2	TRBJ2-1
CASSSTDTQYF	TRBV6-5	TRBJ2-3
CATMSTDTQYF	TRBV6-5	TRBJ2-3
CASSLDSYEQYF	TRBV12-3	TRBJ2-7
CASSLSSYEQYF	TRBV5-1	TRBJ2-7
CASSSGGNQPQHF	TRBV27	TRBJ1-5
CATSRGGNQPQHF	TRBV12-3	TRBJ1-5
CASSLEGGTEAFF	TRBV7-9	TRBJ1-1
CASSLDGGTEAFF	TRBV5-1	TRBJ1-1
CASSSGGGYTF	TRBV7-3	TRBJ1-2
CASSRGGGYTF	TRBV6-3	TRBJ1-2
CASSLAGREQFF	TRBV5-1	TRBJ2-1
CASSLAGDEQFF	TRBV7-2	TRBJ2-1
CAWSVGDTQYF	TRBV30	TRBJ2-3
CASSLGDTQYF	TRBV12-4	TRBJ2-3
CASSLGGSYEQYF	TRBV11-2	TRBJ2-7
CASSLKGSYEQYF	TRBV3-1	TRBJ2-7
CASSRNNEQFF	TRBV3-1	TRBJ2-1
CASSRRNEQFF	TRBV5-1	TRBJ2-1
CASSLAETQYF	TRBV7-8	TRBJ2-5
CASSLGETQYF	TRBV11-2	TRBJ2-5
CASSLGETQYF	TRBV2	TRBJ2-5
CSVRNTGELFF	TRBV29-1	TRBJ2-2
CSARRTGELFF	TRBV20-1	TRBJ1-4
CASSPGGIEQYF	TRBV18	TRBJ2-7
CSASPGGDEQYF	TRBV20-1	TRBJ2-7
CASSLDGGEQFF	TRBV7-2	TRBJ2-1
CASSLPGGEQFF	TRBV5-4	TRBJ2-1
CSASRTDTQYF	TRBV20-1	TRBJ2-3
CASSSTDTQYF	TRBV6-5	TRBJ2-3
CAISEGETQYF	TRBV10-3	TRBJ2-5
CASSLGETQYF	TRBV11-2	TRBJ2-5
CASSLGETQYF	TRBV2	TRBJ2-5
CASSPGLEAFF	TRBV6-3	TRBJ1-1
CASSPGHEQYF	TRBV7-9	TRBJ2-7
CASSLTGNTEAFF	TRBV5-1	TRBJ1-1
CAWSLGGNTEAFF	TRBV30	TRBJ1-1
CSARESYEQYF	TRBV20-1	TRBJ2-7
CASRSSYEQYF	TRBV12-3	TRBJ2-7
CASSRSTDTQYF	TRBV19	TRBJ2-3
CASSFSTDTQYF	TRBV7-2	TRBJ2-3
CASSISYEQYF	TRBV18	TRBJ2-7
CASSPSYEQYF	TRBV12-3	TRBJ2-7
CASSGGYEQYF	TRBV2	TRBJ2-7
CASSGGYEQYF	TRBV2	TRBJ2-7
CASSGGYEQYF	TRBV2	TRBJ2-7
CASSIGYEQYF	TRBV19	TRBJ2-7
CASSLSHRVEDTQYF	TRBV7-7	TRBJ2-3
CASSLSHRVEDTQYF	TRBV7-7	TRBJ2-3
CASSFATGPQVNIQYF	TRBV5-1	TRBJ2-4
CASSFATGPQVNIQYF	TRBV5-1	TRBJ2-4
CASTRTGAEPQHF	TRBV2	TRBJ1-5
CASTRTGAEPQHF	TRBV2	TRBJ1-5
CASRRTHGNQPQHF	TRBV27	TRBJ1-5
CASRRTHGNQPQHF	TRBV27	TRBJ1-5
CASSLGSGGTYGYTF	TRBV5-1	TRBJ1-2
CASSLGSGGTYGYTF	TRBV5-1	TRBJ1-2
CSVRTSGSSYNEQFF	TRBV29-1	TRBJ2-1
CSVRTSGSSYNEQFF	TRBV29-1	TRBJ2-1
CASSVESSYNSPLHF	TRBV9	TRBJ1-6
CASSVESSYNSPLHF	TRBV9	TRBJ1-6
CASSNTVNQPQHF	TRBV19	TRBJ1-5
CASSNTVNQPQHF	TRBV19	TRBJ1-5
CASSLVSQQSSYNEQFF	TRBV7-2	TRBJ2-1
CASSLVSQQSSYNEQFF	TRBV7-2	TRBJ2-1
CASSVAPDPYNEQFF	TRBV9	TRBJ2-1
CASSVAPDPYNEQFF	TRBV9	TRBJ2-1
CAISEAGVRNEQFF	TRBV10-3	TRBJ2-1
CAISEAGVRNEQFF	TRBV10-3	TRBJ2-1
CAISEAGVRNEQFF	TRBV10-3	TRBJ2-1
CASSPPSDEQYF	TRBV5-1	TRBJ2-7
CASSPPSDEQYF	TRBV5-1	TRBJ2-7
CASSPPSDEQYF	TRBV5-1	TRBJ2-7
CASSPPSDEQYF	TRBV5-1	TRBJ2-7
CSARVGSTEAFF	TRBV20-1	TRBJ1-1
CSARVGSTEAFF	TRBV20-1	TRBJ1-1
CATSDRRRDRGIDEQFF	TRBV24-1	TRBJ2-1
CATSDRRRDRGIDEQFF	TRBV24-1	TRBJ2-1
CATSDRRRDRGIDEQFF	TRBV24-1	TRBJ2-1
CASSPQRQGSYNEQFF	TRBV9	TRBJ2-1
CASSPQRQGSYNEQFF	TRBV9	TRBJ2-1
CASSSYWAGELFF	TRBV11-3	TRBJ2-2
CASSSYWAGELFF	TRBV11-3	TRBJ2-2
CASSSYWAGELFF	TRBV11-3	TRBJ2-2
CASSLNPNTGELFF	TRBV7-9	TRBJ2-2
CASSLNPNTGELFF	TRBV7-9	TRBJ2-2
CASSWGLASYNEQFF	TRBV7-9	TRBJ2-1
CASSWGLASYNEQFF	TRBV7-9	TRBJ2-1
CASSGGQGYNEQFF	TRBV6-3	TRBJ2-1
CASSGGQGYNEQFF	TRBV10-2	TRBJ2-1
CSAYSFTAGNTIYF	TRBV20-1	TRBJ1-3
CSAYSFTAGNTIYF	TRBV20-1	TRBJ1-3
CSVEPDRGRVETQYF	TRBV29-1	TRBJ2-5
CSVEPDRGRVETQYF	TRBV29-1	TRBJ2-5
CASSFTEAFF	TRBV28	TRBJ1-1
CASSFTEAFF	TRBV12-3	TRBJ1-1
CASSQVRQQETQYF	TRBV4-1	TRBJ2-5
CASSQVRQQETQYF	TRBV4-1	TRBJ2-5
CASSQVRQQETQYF	TRBV4-1	TRBJ2-5
CASSSWDRDNSPLHF	TRBV27	TRBJ1-6
CASSSWDRDNSPLHF	TRBV27	TRBJ1-6
CASSSWDRDNSPLHF	TRBV27	TRBJ1-6
CASSSWDRDNSPLHF	TRBV27	TRBJ1-6
CASSSWDRDNSPLHF	TRBV27	TRBJ1-6
CASVGGPANTGELFF	TRBV27	TRBJ2-2
CASVGGPANTGELFF	TRBV27	TRBJ2-2
CASSQVSLAAFSSYNEQFF	TRBV14	TRBJ2-1
CASSQVSLAAFSSYNEQFF	TRBV14	TRBJ2-1
CSAWQTRGGIVVETQYF	TRBV20-1	TRBJ2-5
CSAWQTRGGIVVETQYF	TRBV20-1	TRBJ2-5
CATSSPGAYTDTQYF	TRBV24-1	TRBJ2-3
CATSSPGAYTDTQYF	TRBV24-1	TRBJ2-3
