index,pattern,Fisher_score,number_subject,number_unique_cdr3,final_score,hla_score,vb_score,expansion_score,length_score,cluster_size_score,type,TcRb,V,J,TcRa,Sample,Freq,HLA-A,HLA-B,HLA-C,HLA-DPA1,HLA-DPB1,HLA-DQA1,HLA-DQB1,HLA-DRB1,HLA-DRB3,HLA-DRB4,HLA-DRB5,pgen,logpgen,condition
7853,AGQGA%E,0.091,3,2,2.9e-11,1,0.001,0.001,0.001,0.029,global-AGQGA%E,CSAAGQGALEAFF,TRBV20-1,TRBJ1-1,,su_cd4_VDJ_TCR_cd4_124_2:mild,0.240816,-,-,-,-,-,-,-,-,-,-,-,1.64633266498655e-10,32.5000250665562,mild
1683,S%AAG,0.0061,3,2,2.7e-09,1,0.092,0.001,0.001,0.029,global-S%AAG,CASSLAAGYTF,TRBV28,TRBJ1-2,,su_cd4_VDJ_TCR_cd4_133_2:moderate,0.220408,-,-,-,-,-,-,-,-,-,-,-,5.44753920348395e-09,27.4517481801819,moderate
6213,SL%AG,0.066,3,2,4.1e-10,1,0.014,0.001,0.001,0.029,global-SL%AG,CASSLAAGYTF,TRBV28,TRBJ1-2,,su_cd4_VDJ_TCR_cd4_133_2:moderate,0.220408,-,-,-,-,-,-,-,-,-,-,-,5.44753920348395e-09,27.4517481801819,moderate
5807,SLQGA%YE,0.057,5,2,6.7e-10,1,0.023,0.001,0.001,0.029,global-SLQGA%YE,CASSLQGATYEQYF,TRBV19,TRBJ2-7,,su_cd4_VDJ_TCR_cd4_80_1:moderate,0.2,-,-,-,-,-,-,-,-,-,-,-,1.41280986321741e-09,29.398785533998,moderate
1683,S%AAG,0.0061,3,2,2.7e-09,1,0.092,0.001,0.001,0.029,global-S%AAG,CASSLAAGYTF,TRBV28,TRBJ1-2,,su_cd4_VDJ_TCR_cd4_133_1:moderate,0.182796,-,-,-,-,-,-,-,-,-,-,-,5.44753920348395e-09,27.4517481801819,moderate
6213,SL%AG,0.066,3,2,4.1e-10,1,0.014,0.001,0.001,0.029,global-SL%AG,CASSLAAGYTF,TRBV28,TRBJ1-2,,su_cd4_VDJ_TCR_cd4_133_1:moderate,0.182796,-,-,-,-,-,-,-,-,-,-,-,5.44753920348395e-09,27.4517481801819,moderate
1756,S%SGTDT,0.0058,6,5,1.7e-10,1,0.12,0.001,0.001,0.0015,global-S%SGTDT,CASSLSGTDTQYF,TRBV5-1,TRBJ2-3,,su_cd4_VDJ_TCR_cd4_124_2:mild,0.171429,-,-,-,-,-,-,-,-,-,-,-,8.06335756601595e-08,23.5640440598995,mild
5198,SL%GTDT,0.033,6,5,2.8e-10,1,0.19,0.001,0.001,0.0015,global-SL%GTDT,CASSLSGTDTQYF,TRBV5-1,TRBJ2-3,,su_cd4_VDJ_TCR_cd4_124_2:mild,0.171429,-,-,-,-,-,-,-,-,-,-,-,8.06335756601595e-08,23.5640440598995,mild
5214,SLS%TDT,0.035,4,3,8.7e-11,1,0.014,0.001,0.001,0.0062,global-SLS%TDT,CASSLSGTDTQYF,TRBV5-1,TRBJ2-3,,su_cd4_VDJ_TCR_cd4_124_2:mild,0.171429,-,-,-,-,-,-,-,-,-,-,-,8.06335756601595e-08,23.5640440598995,mild
1478,S%AGNQP,0.013,3,3,1.1e-09,1,0.17,0.001,0.001,0.0062,global-S%AGNQP,CASSIAGNQPQHF,TRBV19,TRBJ1-5,,su_cd4_VDJ_TCR_cd4_33_1:severe,0.167598,-,-,-,-,-,-,-,-,-,-,-,5.07457934545461e-08,24.2321365232798,severe
1477,S%SGTDT,0.0036,6,5,2.7e-10,1,0.18,0.001,0.001,0.0015,global-S%SGTDT,CASSLSGTDTQYF,TRBV5-1,TRBJ2-3,,su_cd4_VDJ_TCR_cd4_124_1:moderate,0.164319,-,-,-,-,-,-,-,-,-,-,-,8.06335756601595e-08,23.5640440598995,moderate
1507,SLS%TDT,0.0044,4,4,8e-11,1,0.034,0.001,0.001,0.0023,global-SLS%TDT,CASSLSGTDTQYF,TRBV5-1,TRBJ2-3,,su_cd4_VDJ_TCR_cd4_124_1:moderate,0.164319,-,-,-,-,-,-,-,-,-,-,-,8.06335756601595e-08,23.5640440598995,moderate
1607,SL%GTDT,0.0057,9,6,7.2e-10,1,0.6,0.001,0.001,0.0012,global-SL%GTDT,CASSLSGTDTQYF,TRBV5-1,TRBJ2-3,,su_cd4_VDJ_TCR_cd4_124_1:moderate,0.164319,-,-,-,-,-,-,-,-,-,-,-,8.06335756601595e-08,23.5640440598995,moderate
5435,SLSG%DT,0.048,2,2,2e-09,1,0.07,0.001,0.001,0.029,global-SLSG%DT,CASSLSGTDTQYF,TRBV5-1,TRBJ2-3,,su_cd4_VDJ_TCR_cd4_124_1:moderate,0.164319,-,-,-,-,-,-,-,-,-,-,-,8.06335756601595e-08,23.5640440598995,moderate
4585,SLEG%PYNE,0.033,3,2,2.9e-11,1,0.001,0.001,0.001,0.029,global-SLEG%PYNE,CASSLEGEPYNEQFF,TRBV5-1,TRBJ2-1,,su_cd4_VDJ_TCR_cd4_4_1:moderate,0.109848,-,-,-,-,-,-,-,-,-,-,-,1.02175038901779e-09,29.8663100613408,moderate
3348,SL%GTVNTE,0.016,4,3,1.8e-10,1,0.029,0.001,0.001,0.0062,global-SL%GTVNTE,CASSLGGTVNTEAFF,TRBV11-3,TRBJ1-1,,su_cd4_VDJ_TCR_cd4_66_2:mild,0.097865,-,-,-,-,-,-,-,-,-,-,-,5.03990861679847e-09,27.5639552788497,mild
1958,SR%GQGSNQP,0.0077,3,2,2.2e-09,1,0.075,0.001,0.001,0.029,global-SR%GQGSNQP,CASSRGGQGSNQPQHF,TRBV5-4,TRBJ1-5,,su_cd4_VDJ_TCR_cd4_69_2:mild,0.096899,-,-,-,-,-,-,-,-,-,-,-,6.2652028635569e-10,30.5719197249595,mild
2938,S%GGQGSNQP,0.012,3,2,2.9e-11,1,0.001,0.001,0.001,0.029,global-S%GGQGSNQP,CASSRGGQGSNQPQHF,TRBV5-4,TRBJ1-5,,su_cd4_VDJ_TCR_cd4_69_2:mild,0.096899,-,-,-,-,-,-,-,-,-,-,-,6.2652028635569e-10,30.5719197249595,mild
4585,SLEG%PYNE,0.033,3,2,2.9e-11,1,0.001,0.001,0.001,0.029,global-SLEG%PYNE,CASSLEGEPYNEQFF,TRBV5-1,TRBJ2-1,,su_cd4_VDJ_TCR_cd4_4_2:moderate,0.078475,-,-,-,-,-,-,-,-,-,-,-,1.02175038901779e-09,29.8663100613408,moderate
74,SPTG%NTE,0.00025,8,6,1.2e-12,1,0.001,0.001,0.001,0.0012,global-SPTG%NTE,CASSPTGMNTEAFF,TRBV6-6,TRBJ1-1,,su_cd4_VDJ_TCR_cd4_133_2:moderate,0.073469,-,-,-,-,-,-,-,-,-,-,-,2.76768215050683e-09,28.4286745852233,moderate
5942,SPT%MNTE,0.057,3,2,1.2e-10,1,0.004,0.001,0.001,0.029,global-SPT%MNTE,CASSPTGMNTEAFF,TRBV6-6,TRBJ1-1,,su_cd4_VDJ_TCR_cd4_133_2:moderate,0.073469,-,-,-,-,-,-,-,-,-,-,-,2.76768215050683e-09,28.4286745852233,moderate
8810,S%TGMNTE,0.28,3,2,1.5e-10,1,0.005,0.001,0.001,0.029,global-S%TGMNTE,CASSPTGMNTEAFF,TRBV6-6,TRBJ1-1,,su_cd4_VDJ_TCR_cd4_133_2:moderate,0.073469,-,-,-,-,-,-,-,-,-,-,-,2.76768215050683e-09,28.4286745852233,moderate
2175,SSG%G,0.0069,5,6,2.3e-10,1,0.19,0.001,0.001,0.0012,global-SSG%G,CASSSGSGLYF,TRBV12-4,TRBJ2-5,,su_cd4_VDJ_TCR_cd4_87_2:moderate,0.072626,-,-,-,-,-,-,-,-,-,-,-,3.30978418659962e-12,38.1363999890095,moderate
6149,S%GSG,0.063,4,4,1.6e-09,1,0.34,0.002,0.001,0.0023,global-S%GSG,CASSSGSGLYF,TRBV12-4,TRBJ2-5,,su_cd4_VDJ_TCR_cd4_87_2:moderate,0.072626,-,-,-,-,-,-,-,-,-,-,-,3.30978418659962e-12,38.1363999890095,moderate
1757,SRGG%GSNQP,0.0061,2,2,2.1e-09,1,0.073,0.001,0.001,0.029,global-SRGG%GSNQP,CASSRGGQGSNQPQHF,TRBV5-4,TRBJ1-5,,su_cd4_VDJ_TCR_cd4_69_1:moderate,0.068807,-,-,-,-,-,-,-,-,-,-,-,6.2652028635569e-10,30.5719197249595,moderate
233,S%TSGRARET,0.0011,2,2,2.9e-11,1,0.001,0.001,0.001,0.029,global-S%TSGRARET,CASSITSGRARETQYF,TRBV28,TRBJ2-5,,su_cd4_VDJ_TCR_cd4_117_1:moderate,0.065217,-,-,-,-,-,-,-,-,-,-,-,6.26158228279828e-11,33.8946817758843,moderate
3442,S%GAGG,0.017,4,3,2.6e-10,1,0.042,0.001,0.001,0.0062,global-S%GAGG,CSASGGAGGYTF,TRBV20-1,TRBJ1-2,,su_cd4_VDJ_TCR_cd4_62_1:moderate,0.064294,-,-,-,-,-,-,-,-,-,-,-,4.12288875764155e-09,27.8536973185338,moderate
4193,SGGA%G,0.026,3,2,1.2e-10,1,0.004,0.001,0.001,0.029,global-SGGA%G,CSASGGAGGYTF,TRBV20-1,TRBJ1-2,,su_cd4_VDJ_TCR_cd4_62_1:moderate,0.064294,-,-,-,-,-,-,-,-,-,-,-,4.12288875764155e-09,27.8536973185338,moderate
3442,S%GAGG,0.017,4,3,2.6e-10,1,0.042,0.001,0.001,0.0062,global-S%GAGG,CSASGGAGGYTF,TRBV20-1,TRBJ1-2,,su_cd4_VDJ_TCR_cd4_62_2:moderate,0.063596,-,-,-,-,-,-,-,-,-,-,-,4.12288875764155e-09,27.8536973185338,moderate
4193,SGGA%G,0.026,3,2,1.2e-10,1,0.004,0.001,0.001,0.029,global-SGGA%G,CSASGGAGGYTF,TRBV20-1,TRBJ1-2,,su_cd4_VDJ_TCR_cd4_62_2:moderate,0.063596,-,-,-,-,-,-,-,-,-,-,-,4.12288875764155e-09,27.8536973185338,moderate
1449,SSG%G,0.097,2,2,2.9e-11,1,0.001,0.001,0.001,0.029,global-SSG%G,CTSSSGYGYTF,TRBV20-1,TRBJ1-2,,su_cd4_VDJ_TCR_cd4_3126BW:HD,0.06135,-,-,-,-,-,-,-,-,-,-,-,5.82361809523944e-11,33.999293295053,HD
1500,S%GYG,0.15,3,2,1.7e-10,1,0.006,0.001,0.001,0.029,global-S%GYG,CTSSSGYGYTF,TRBV20-1,TRBJ1-2,,su_cd4_VDJ_TCR_cd4_3126BW:HD,0.06135,-,-,-,-,-,-,-,-,-,-,-,5.82361809523944e-11,33.999293295053,HD
89,SL%SGE,0.00035,7,7,7.7e-10,1,0.3,0.003,0.001,0.00086,global-SL%SGE,CASSLVSGEAFF,TRBV11-2,TRBJ1-1,,su_cd4_VDJ_TCR_cd4_82_2:mild,0.061311,-,-,-,-,-,-,-,-,-,-,-,2.39715828920381e-09,28.6360276777862,mild
2449,S%VSGE,0.0084,3,3,5e-11,1,0.008,0.001,0.001,0.0062,global-S%VSGE,CASSLVSGEAFF,TRBV11-2,TRBJ1-1,,su_cd4_VDJ_TCR_cd4_82_2:mild,0.061311,-,-,-,-,-,-,-,-,-,-,-,2.39715828920381e-09,28.6360276777862,mild
3261,SLVSG%,0.013,3,3,5.1e-10,1,0.083,0.001,0.001,0.0062,global-SLVSG%,CASSLVSGEAFF,TRBV11-2,TRBJ1-1,,su_cd4_VDJ_TCR_cd4_82_2:mild,0.061311,-,-,-,-,-,-,-,-,-,-,-,2.39715828920381e-09,28.6360276777862,mild
3462,SLV%GE,0.018,5,5,1.4e-10,1,0.049,0.002,0.001,0.0015,global-SLV%GE,CASSLVSGEAFF,TRBV11-2,TRBJ1-1,,su_cd4_VDJ_TCR_cd4_82_2:mild,0.061311,-,-,-,-,-,-,-,-,-,-,-,2.39715828920381e-09,28.6360276777862,mild
4732,SLVS%E,0.031,3,3,1.2e-09,1,0.2,0.001,0.001,0.0062,global-SLVS%E,CASSLVSGEAFF,TRBV11-2,TRBJ1-1,,su_cd4_VDJ_TCR_cd4_82_2:mild,0.061311,-,-,-,-,-,-,-,-,-,-,-,2.39715828920381e-09,28.6360276777862,mild
3659,GA%GYNE,0.018,4,2,1.7e-10,1,0.006,0.001,0.001,0.029,global-GA%GYNE,CSAGAGGYNEQFF,TRBV20-1,TRBJ2-1,,su_cd4_VDJ_TCR_cd4_58_1:mild,0.056738,-,-,-,-,-,-,-,-,-,-,-,1.22953354686242e-08,26.2773136608206,mild
3667,GAGGY%E,0.018,4,2,2.3e-10,1,0.008,0.001,0.001,0.029,global-GAGGY%E,CSAGAGGYNEQFF,TRBV20-1,TRBJ2-1,,su_cd4_VDJ_TCR_cd4_58_1:mild,0.056738,-,-,-,-,-,-,-,-,-,-,-,1.22953354686242e-08,26.2773136608206,mild
7938,%AGGYNE,0.096,5,3,4.3e-11,1,0.007,0.001,0.001,0.0062,global-%AGGYNE,CSAGAGGYNEQFF,TRBV20-1,TRBJ2-1,,su_cd4_VDJ_TCR_cd4_58_1:mild,0.056738,-,-,-,-,-,-,-,-,-,-,-,1.22953354686242e-08,26.2773136608206,mild
8615,G%GGYNE,0.13,4,2,2.9e-11,1,0.001,0.001,0.001,0.029,global-G%GGYNE,CSAGAGGYNEQFF,TRBV20-1,TRBJ2-1,,su_cd4_VDJ_TCR_cd4_58_1:mild,0.056738,-,-,-,-,-,-,-,-,-,-,-,1.22953354686242e-08,26.2773136608206,mild
301,SP%GQGSNTE,0.0011,3,2,2.3e-09,1,0.079,0.001,0.001,0.029,global-SP%GQGSNTE,CASSPPGQGSNTEAFF,TRBV7-2,TRBJ1-1,,su_cd4_VDJ_TCR_cd4_111_1:moderate,0.054983,-,-,-,-,-,-,-,-,-,-,-,6.92954046132395e-10,30.4265212669515,moderate
1625,SIQG%GNT,0.0039,2,2,7.7e-09,1,0.066,0.004,0.001,0.029,global-SIQG%GNT,CASSIQGTGNTIYF,TRBV19,TRBJ1-3,,su_cd4_VDJ_TCR_cd4_34_2:mild,0.054878,-,-,-,-,-,-,-,-,-,-,-,5.90802058250303e-09,27.3346780017794,mild
233,S%TSGRARET,0.0011,2,2,2.9e-11,1,0.001,0.001,0.001,0.029,global-S%TSGRARET,CASSITSGRARETQYF,TRBV28,TRBJ2-5,,su_cd4_VDJ_TCR_cd4_117_2:moderate,0.054645,-,-,-,-,-,-,-,-,-,-,-,6.26158228279828e-11,33.8946817758843,moderate
5955,SL%AGANE,0.05,6,2,2.9e-11,1,0.001,0.001,0.001,0.029,global-SL%AGANE,CASSLAAGANEQFF,TRBV7-2,TRBJ2-1,,su_cd4_VDJ_TCR_cd4_123_1:mild,0.053651,-,-,-,-,-,-,-,-,-,-,-,1.54907439199736e-09,29.2659464249081,mild
4443,RRTG%GE,0.025,3,2,2e-10,1,0.007,0.001,0.001,0.029,global-RRTG%GE,CASRRTGTGEQYF,TRBV12-3,TRBJ2-7,,su_cd4_VDJ_TCR_cd4_63_1:mild,0.052632,-,-,-,-,-,-,-,-,-,-,-,2.80054537152817e-10,31.733573147352,mild
6576,RRTGT%E,0.059,3,2,2.8e-09,1,0.095,0.001,0.001,0.029,global-RRTGT%E,CASRRTGTGEQYF,TRBV12-3,TRBJ2-7,,su_cd4_VDJ_TCR_cd4_63_1:mild,0.052632,-,-,-,-,-,-,-,-,-,-,-,2.80054537152817e-10,31.733573147352,mild
6852,RR%GTGE,0.069,3,2,2.3e-09,1,0.08,0.001,0.001,0.029,global-RR%GTGE,CASRRTGTGEQYF,TRBV12-3,TRBJ2-7,,su_cd4_VDJ_TCR_cd4_63_1:mild,0.052632,-,-,-,-,-,-,-,-,-,-,-,2.80054537152817e-10,31.733573147352,mild
5807,SLQGA%YE,0.057,5,2,6.7e-10,1,0.023,0.001,0.001,0.029,global-SLQGA%YE,CASSLQGATYEQYF,TRBV19,TRBJ2-7,,su_cd4_VDJ_TCR_cd4_80_2:moderate,0.052632,-,-,-,-,-,-,-,-,-,-,-,1.41280986321741e-09,29.398785533998,moderate
3659,GA%GYNE,0.018,4,2,1.7e-10,1,0.006,0.001,0.001,0.029,global-GA%GYNE,CSAGAGGYNEQFF,TRBV20-1,TRBJ2-1,,su_cd4_VDJ_TCR_cd4_82_1:mild,0.052133,-,-,-,-,-,-,-,-,-,-,-,1.22953354686242e-08,26.2773136608206,mild
3667,GAGGY%E,0.018,4,2,2.3e-10,1,0.008,0.001,0.001,0.029,global-GAGGY%E,CSAGAGGYNEQFF,TRBV20-1,TRBJ2-1,,su_cd4_VDJ_TCR_cd4_82_1:mild,0.052133,-,-,-,-,-,-,-,-,-,-,-,1.22953354686242e-08,26.2773136608206,mild
7938,%AGGYNE,0.096,5,3,4.3e-11,1,0.007,0.001,0.001,0.0062,global-%AGGYNE,CSAGAGGYNEQFF,TRBV20-1,TRBJ2-1,,su_cd4_VDJ_TCR_cd4_82_1:mild,0.052133,-,-,-,-,-,-,-,-,-,-,-,1.22953354686242e-08,26.2773136608206,mild
8615,G%GGYNE,0.13,4,2,2.9e-11,1,0.001,0.001,0.001,0.029,global-G%GGYNE,CSAGAGGYNEQFF,TRBV20-1,TRBJ2-1,,su_cd4_VDJ_TCR_cd4_82_1:mild,0.052133,-,-,-,-,-,-,-,-,-,-,-,1.22953354686242e-08,26.2773136608206,mild
2919,SL%GDT,0.014,6,4,5.4e-10,1,0.11,0.002,0.001,0.0023,global-SL%GDT,CASSLQGDTQYF,TRBV11-3,TRBJ2-3,,su_cd4_VDJ_TCR_cd4_59_2:moderate,0.050984,-,-,-,-,-,-,-,-,-,-,-,1.15355201841229e-08,26.3693416965489,moderate
6668,SLQG%T,0.075,3,2,2e-10,1,0.007,0.001,0.001,0.029,global-SLQG%T,CASSLQGDTQYF,TRBV11-3,TRBJ2-3,,su_cd4_VDJ_TCR_cd4_59_2:moderate,0.050984,-,-,-,-,-,-,-,-,-,-,-,1.15355201841229e-08,26.3693416965489,moderate
1958,SR%GQGSNQP,0.0077,3,2,2.2e-09,1,0.075,0.001,0.001,0.029,global-SR%GQGSNQP,CASSRGGQGSNQPQHF,TRBV5-4,TRBJ1-5,,su_cd4_VDJ_TCR_cd4_70_2:mild,0.046843,-,-,-,-,-,-,-,-,-,-,-,6.2652028635569e-10,30.5719197249595,mild
2938,S%GGQGSNQP,0.012,3,2,2.9e-11,1,0.001,0.001,0.001,0.029,global-S%GGQGSNQP,CASSRGGQGSNQPQHF,TRBV5-4,TRBJ1-5,,su_cd4_VDJ_TCR_cd4_70_2:mild,0.046843,-,-,-,-,-,-,-,-,-,-,-,6.2652028635569e-10,30.5719197249595,mild
301,SP%GQGSNTE,0.0011,3,2,2.3e-09,1,0.079,0.001,0.001,0.029,global-SP%GQGSNTE,CASSPPGQGSNTEAFF,TRBV7-2,TRBJ1-1,,su_cd4_VDJ_TCR_cd4_111_2:moderate,0.039855,-,-,-,-,-,-,-,-,-,-,-,6.92954046132395e-10,30.4265212669515,moderate
5955,SL%AGANE,0.05,6,2,2.9e-11,1,0.001,0.001,0.001,0.029,global-SL%AGANE,CASSLAAGANEQFF,TRBV7-2,TRBJ2-1,,su_cd4_VDJ_TCR_cd4_123_2:mild,0.039783,-,-,-,-,-,-,-,-,-,-,-,1.54907439199736e-09,29.2659464249081,mild
2919,SL%GDT,0.014,6,4,5.4e-10,1,0.11,0.002,0.001,0.0023,global-SL%GDT,CASSLQGDTQYF,TRBV11-3,TRBJ2-3,,su_cd4_VDJ_TCR_cd4_59_1:moderate,0.039548,-,-,-,-,-,-,-,-,-,-,-,1.15355201841229e-08,26.3693416965489,moderate
6668,SLQG%T,0.075,3,2,2e-10,1,0.007,0.001,0.001,0.029,global-SLQG%T,CASSLQGDTQYF,TRBV11-3,TRBJ2-3,,su_cd4_VDJ_TCR_cd4_59_1:moderate,0.039548,-,-,-,-,-,-,-,-,-,-,-,1.15355201841229e-08,26.3693416965489,moderate
4443,RRTG%GE,0.025,3,2,2e-10,1,0.007,0.001,0.001,0.029,global-RRTG%GE,CASRRTGTGEQYF,TRBV12-3,TRBJ2-7,,su_cd4_VDJ_TCR_cd4_63_2:mild,0.034247,-,-,-,-,-,-,-,-,-,-,-,2.80054537152817e-10,31.733573147352,mild
6576,RRTGT%E,0.059,3,2,2.8e-09,1,0.095,0.001,0.001,0.029,global-RRTGT%E,CASRRTGTGEQYF,TRBV12-3,TRBJ2-7,,su_cd4_VDJ_TCR_cd4_63_2:mild,0.034247,-,-,-,-,-,-,-,-,-,-,-,2.80054537152817e-10,31.733573147352,mild
6852,RR%GTGE,0.069,3,2,2.3e-09,1,0.08,0.001,0.001,0.029,global-RR%GTGE,CASRRTGTGEQYF,TRBV12-3,TRBJ2-7,,su_cd4_VDJ_TCR_cd4_63_2:mild,0.034247,-,-,-,-,-,-,-,-,-,-,-,2.80054537152817e-10,31.733573147352,mild
74,SPTG%NTE,0.00025,8,6,1.2e-12,1,0.001,0.001,0.001,0.0012,global-SPTG%NTE,CASSPTGMNTEAFF,TRBV6-6,TRBJ1-1,,su_cd4_VDJ_TCR_cd4_133_1:moderate,0.032258,-,-,-,-,-,-,-,-,-,-,-,2.76768215050683e-09,28.4286745852233,moderate
5942,SPT%MNTE,0.057,3,2,1.2e-10,1,0.004,0.001,0.001,0.029,global-SPT%MNTE,CASSPTGMNTEAFF,TRBV6-6,TRBJ1-1,,su_cd4_VDJ_TCR_cd4_133_1:moderate,0.032258,-,-,-,-,-,-,-,-,-,-,-,2.76768215050683e-09,28.4286745852233,moderate
8810,S%TGMNTE,0.28,3,2,1.5e-10,1,0.005,0.001,0.001,0.029,global-S%TGMNTE,CASSPTGMNTEAFF,TRBV6-6,TRBJ1-1,,su_cd4_VDJ_TCR_cd4_133_1:moderate,0.032258,-,-,-,-,-,-,-,-,-,-,-,2.76768215050683e-09,28.4286745852233,moderate
1449,SSG%G,0.097,2,2,2.9e-11,1,0.001,0.001,0.001,0.029,global-SSG%G,CSASSGDGYTF,TRBV20-1,TRBJ1-2,,su_cd4_VDJ_TCR_cd4_3126BW:HD,0.030675,-,-,-,-,-,-,-,-,-,-,-,2.77542355586175e-08,25.1027168019381,HD
391,RRTGT%E,0.0011,2,3,2.6e-08,1,0.17,0.024,0.001,0.0062,global-RRTGT%E,CASRRTGTGEQYF,TRBV12-3,TRBJ2-7,,su_cd4_VDJ_TCR_cd4_15_2:severe,0.020716,-,-,-,-,-,-,-,-,-,-,-,2.80054537152817e-10,31.733573147352,severe
5955,SL%AGANE,0.05,6,2,2.9e-11,1,0.001,0.001,0.001,0.029,global-SL%AGANE,CASSLAAGANEQFF,TRBV7-2,TRBJ2-1,,su_cd4_VDJ_TCR_cd4_67_2:mild,0.01566,-,-,-,-,-,-,-,-,-,-,-,1.54907439199736e-09,29.2659464249081,mild
3659,GA%GYNE,0.018,4,2,1.7e-10,1,0.006,0.001,0.001,0.029,global-GA%GYNE,CSAGAGGYNEQFF,TRBV20-1,TRBJ2-1,,su_cd4_VDJ_TCR_cd4_58_2:mild,0.013699,-,-,-,-,-,-,-,-,-,-,-,1.22953354686242e-08,26.2773136608206,mild
3667,GAGGY%E,0.018,4,2,2.3e-10,1,0.008,0.001,0.001,0.029,global-GAGGY%E,CSAGAGGYNEQFF,TRBV20-1,TRBJ2-1,,su_cd4_VDJ_TCR_cd4_58_2:mild,0.013699,-,-,-,-,-,-,-,-,-,-,-,1.22953354686242e-08,26.2773136608206,mild
7938,%AGGYNE,0.096,5,3,4.3e-11,1,0.007,0.001,0.001,0.0062,global-%AGGYNE,CSAGAGGYNEQFF,TRBV20-1,TRBJ2-1,,su_cd4_VDJ_TCR_cd4_58_2:mild,0.013699,-,-,-,-,-,-,-,-,-,-,-,1.22953354686242e-08,26.2773136608206,mild
8615,G%GGYNE,0.13,4,2,2.9e-11,1,0.001,0.001,0.001,0.029,global-G%GGYNE,CSAGAGGYNEQFF,TRBV20-1,TRBJ2-1,,su_cd4_VDJ_TCR_cd4_58_2:mild,0.013699,-,-,-,-,-,-,-,-,-,-,-,1.22953354686242e-08,26.2773136608206,mild
1410,SSG%G,0.012,5,4,1.1e-08,1,0.13,0.036,0.001,0.0023,global-SSG%G,CASSSGSGLYF,TRBV12-4,TRBJ2-5,,su_cd4_VDJ_TCR_cd4_75_2:severe,0.011905,-,-,-,-,-,-,-,-,-,-,-,3.30978418659962e-12,38.1363999890095,severe
3191,S%GSG,0.18,4,2,4e-09,1,0.008,0.017,0.001,0.029,global-S%GSG,CASSSGSGLYF,TRBV12-4,TRBJ2-5,,su_cd4_VDJ_TCR_cd4_75_2:severe,0.011905,-,-,-,-,-,-,-,-,-,-,-,3.30978418659962e-12,38.1363999890095,severe
2871,SL%GDT,0.083,2,2,9.6e-08,1,0.067,0.049,0.001,0.029,global-SL%GDT,CASSLRGDTQYF,TRBV12-3,TRBJ2-3,,su_cd4_VDJ_TCR_cd4_22_1:severe,0.010989,-,-,-,-,-,-,-,-,-,-,-,2.18021465947482e-08,25.4509545723014,severe
233,S%TSGRARET,0.0011,2,2,2.9e-11,1,0.001,0.001,0.001,0.029,global-S%TSGRARET,CASSLTSGRARETQYF,TRBV28,TRBJ2-5,,su_cd4_VDJ_TCR_cd4_117_2:moderate,0.010929,-,-,-,-,-,-,-,-,-,-,-,7.4713887690447e-10,30.317904515231,moderate
233,S%TSGRARET,0.0011,2,2,2.9e-11,1,0.001,0.001,0.001,0.029,global-S%TSGRARET,CASSLTSGRARETQYF,TRBV28,TRBJ2-5,,su_cd4_VDJ_TCR_cd4_117_1:moderate,0.01087,-,-,-,-,-,-,-,-,-,-,-,7.4713887690447e-10,30.317904515231,moderate
6149,S%GSG,0.063,4,4,1.6e-09,1,0.34,0.002,0.001,0.0023,global-S%GSG,CSVSGGSGYTF,TRBV29-1,TRBJ1-2,,su_cd4_VDJ_TCR_cd4_117_1:moderate,0.01087,-,-,-,-,-,-,-,-,-,-,-,2.67983579484722e-09,28.4752082507724,moderate
5807,SLQGA%YE,0.057,5,2,6.7e-10,1,0.023,0.001,0.001,0.029,global-SLQGA%YE,CASSLQGATYEQYF,TRBV18,TRBJ2-7,,su_cd4_VDJ_TCR_cd4_80_1:moderate,0.010526,-,-,-,-,-,-,-,-,-,-,-,1.2713783248545e-09,29.5509594560783,moderate
5807,SLQGA%YE,0.057,5,2,6.7e-10,1,0.023,0.001,0.001,0.029,global-SLQGA%YE,CASSLQGATYEQYF,TRBV19,TRBJ2-7,,su_cd4_VDJ_TCR_cd4_79_1:moderate,0.010309,-,-,-,-,-,-,-,-,-,-,-,1.41280986321741e-09,29.398785533998,moderate
2450,SLS%TDT,0.044,2,2,1.3e-07,1,0.065,0.067,0.001,0.029,global-SLS%TDT,CASSLSHTDTQYF,TRBV28,TRBJ2-3,,su_cd4_VDJ_TCR_cd4_20_1:severe,0.010204,-,-,-,-,-,-,-,-,-,-,-,3.87632744713202e-09,27.9426624085171,severe
1607,SL%GTDT,0.0057,9,6,7.2e-10,1,0.6,0.001,0.001,0.0012,global-SL%GTDT,CASSLQGTDTQYF,TRBV27,TRBJ2-3,,su_cd4_VDJ_TCR_cd4_6_1:moderate,0.009615,-,-,-,-,-,-,-,-,-,-,-,5.09284103572877e-08,24.2269540724044,moderate
5807,SLQGA%YE,0.057,5,2,6.7e-10,1,0.023,0.001,0.001,0.029,global-SLQGA%YE,CASSLQGATYEQYF,TRBV19,TRBJ2-7,,su_cd4_VDJ_TCR_cd4_98_1:moderate,0.009524,-,-,-,-,-,-,-,-,-,-,-,1.41280986321741e-09,29.398785533998,moderate
5955,SL%AGANE,0.05,6,2,2.9e-11,1,0.001,0.001,0.001,0.029,global-SL%AGANE,CASSLAAGANEQFF,TRBV7-2,TRBJ2-1,,su_cd4_VDJ_TCR_cd4_67_1:mild,0.00823,-,-,-,-,-,-,-,-,-,-,-,1.54907439199736e-09,29.2659464249081,mild
942,SPTG%NTE,0.0027,4,5,1.1e-08,1,0.092,0.081,0.001,0.0015,global-SPTG%NTE,CASSPTGPNTEAFF,TRBV18,TRBJ1-1,,su_cd4_VDJ_TCR_cd4_109_2:mild,0.008065,-,-,-,-,-,-,-,-,-,-,-,1.45931385466308e-08,26.0301345620179,mild
1410,SSG%G,0.012,5,4,1.1e-08,1,0.13,0.036,0.001,0.0023,global-SSG%G,CASSSGSGLYF,TRBV12-4,TRBJ2-5,,su_cd4_VDJ_TCR_cd4_87_1:severe,0.007407,-,-,-,-,-,-,-,-,-,-,-,3.30978418659962e-12,38.1363999890095,severe
3191,S%GSG,0.18,4,2,4e-09,1,0.008,0.017,0.001,0.029,global-S%GSG,CASSSGSGLYF,TRBV12-4,TRBJ2-5,,su_cd4_VDJ_TCR_cd4_87_1:severe,0.007407,-,-,-,-,-,-,-,-,-,-,-,3.30978418659962e-12,38.1363999890095,severe
1775,SLQGA%YE,0.018,3,2,1.4e-09,1,0.001,0.047,0.001,0.029,global-SLQGA%YE,CASSLQGATYEQYF,TRBV19,TRBJ2-7,,su_cd4_VDJ_TCR_cd4_75_1:severe,0.007194,-,-,-,-,-,-,-,-,-,-,-,1.41280986321741e-09,29.398785533998,severe
4585,SLEG%PYNE,0.033,3,2,2.9e-11,1,0.001,0.001,0.001,0.029,global-SLEG%PYNE,CASSLEGTPYNEQFF,TRBV5-1,TRBJ2-1,,su_cd4_VDJ_TCR_cd4_90_1:moderate,0.006329,-,-,-,-,-,-,-,-,-,-,-,1.89455291203243e-09,28.9754954212598,moderate
74,SPTG%NTE,0.00025,8,6,1.2e-12,1,0.001,0.001,0.001,0.0012,global-SPTG%NTE,CASSPTGENTEAFF,TRBV18,TRBJ1-1,,su_cd4_VDJ_TCR_cd4_50_1:moderate,0.006182,-,-,-,-,-,-,-,-,-,-,-,1.79750200968466e-08,25.7294313754382,moderate
2938,S%GGQGSNQP,0.012,3,2,2.9e-11,1,0.001,0.001,0.001,0.029,global-S%GGQGSNQP,CASSLGGQGSNQPQHF,TRBV5-4,TRBJ1-5,,su_cd4_VDJ_TCR_cd4_34_2:mild,0.006098,-,-,-,-,-,-,-,-,-,-,-,8.67700254031223e-09,26.780156102454,mild
1775,SLQGA%YE,0.018,3,2,1.4e-09,1,0.001,0.047,0.001,0.029,global-SLQGA%YE,CASSLQGATYEQYF,TRBV19,TRBJ2-7,,su_cd4_VDJ_TCR_cd4_75_2:severe,0.005952,-,-,-,-,-,-,-,-,-,-,-,1.41280986321741e-09,29.398785533998,severe
1410,SSG%G,0.012,5,4,1.1e-08,1,0.13,0.036,0.001,0.0023,global-SSG%G,CASSSGSGLYF,TRBV12-4,TRBJ2-5,,su_cd4_VDJ_TCR_cd4_106_2:severe,0.005882,-,-,-,-,-,-,-,-,-,-,-,3.30978418659962e-12,38.1363999890095,severe
3191,S%GSG,0.18,4,2,4e-09,1,0.008,0.017,0.001,0.029,global-S%GSG,CASSSGSGLYF,TRBV12-4,TRBJ2-5,,su_cd4_VDJ_TCR_cd4_106_2:severe,0.005882,-,-,-,-,-,-,-,-,-,-,-,3.30978418659962e-12,38.1363999890095,severe
74,SPTG%NTE,0.00025,8,6,1.2e-12,1,0.001,0.001,0.001,0.0012,global-SPTG%NTE,CASSPTGKNTEAFF,TRBV18,TRBJ1-1,,su_cd4_VDJ_TCR_cd4_105_1:moderate,0.005682,-,-,-,-,-,-,-,-,-,-,-,1.03928034611721e-08,26.5198398850326,moderate
5955,SL%AGANE,0.05,6,2,2.9e-11,1,0.001,0.001,0.001,0.029,global-SL%AGANE,CASSLAAGANEQFF,TRBV7-2,TRBJ2-1,,su_cd4_VDJ_TCR_cd4_39_2:mild,0.00561,-,-,-,-,-,-,-,-,-,-,-,1.54907439199736e-09,29.2659464249081,mild
2530,SL%GTDT,0.051,2,3,3.2e-07,1,0.16,0.31,0.001,0.0062,global-SL%GTDT,CASSLAGTDTQYF,TRBV5-6,TRBJ2-3,,su_cd4_VDJ_TCR_cd4_20_2:severe,0.005405,-,-,-,-,-,-,-,-,-,-,-,9.27877461571677e-08,23.3614904680303,severe
89,SL%SGE,0.00035,7,7,7.7e-10,1,0.3,0.003,0.001,0.00086,global-SL%SGE,CASSLGSGEQFF,TRBV11-2,TRBJ2-1,,su_cd4_VDJ_TCR_cd4_114_1:mild,0.005128,-,-,-,-,-,-,-,-,-,-,-,5.04882831434181e-09,27.5614042346798,mild
3348,SL%GTVNTE,0.016,4,3,1.8e-10,1,0.029,0.001,0.001,0.0062,global-SL%GTVNTE,CASSLTGTVNTEAFF,TRBV5-1,TRBJ1-1,,su_cd4_VDJ_TCR_cd4_114_1:mild,0.005128,-,-,-,-,-,-,-,-,-,-,-,7.3217223045475e-09,27.0251697972858,mild
1649,SL%GDT,0.0044,9,5,1.5e-07,1,0.27,0.36,0.001,0.0015,global-SL%GDT,CASSLTGDTQYF,TRBV6-2,TRBJ2-3,,su_cd4_VDJ_TCR_cd4_135_1:mild,0.005,-,-,-,-,-,-,-,-,-,-,-,3.76881152804529e-09,27.9832432039437,mild
3348,SL%GTVNTE,0.016,4,3,1.8e-10,1,0.029,0.001,0.001,0.0062,global-SL%GTVNTE,CASSLGGTVNTEAFF,TRBV11-3,TRBJ1-1,,su_cd4_VDJ_TCR_cd4_66_1:mild,0.004779,-,-,-,-,-,-,-,-,-,-,-,5.03990861679847e-09,27.5639552788497,mild
8488,S%TGMNTE,0.12,3,3,2.5e-07,1,0.16,0.25,0.001,0.0062,global-S%TGMNTE,CASSQTGMNTEAFF,TRBV6-2,TRBJ1-1,,su_cd4_VDJ_TCR_cd4_147_2:mild,0.004566,-,-,-,-,-,-,-,-,-,-,-,1.51348490225921e-09,29.2994785703269,mild
9966,S%AGNQP,0.26,2,2,1.9e-07,1,0.068,0.094,0.001,0.029,global-S%AGNQP,CASSWAGNQPQHF,TRBV5-6,TRBJ1-5,,su_cd4_VDJ_TCR_cd4_147_2:mild,0.004566,-,-,-,-,-,-,-,-,-,-,-,8.48604069109099e-09,26.8122612575289,mild
5198,SL%GTDT,0.033,6,5,2.8e-10,1,0.19,0.001,0.001,0.0015,global-SL%GTDT,CASSLDGTDTQYF,TRBV7-2,TRBJ2-3,,su_cd4_VDJ_TCR_cd4_131_1:mild,0.004386,-,-,-,-,-,-,-,-,-,-,-,1.5033545951897e-08,25.9872394222433,mild
477,SL%AG,0.0018,3,3,9.1e-09,1,0.006,0.25,0.001,0.0062,global-SL%AG,CASSLEAGAFF,TRBV5-5,TRBJ1-1,,su_cd4_VDJ_TCR_cd4_86_2:severe,0.003953,-,-,-,-,-,-,-,-,-,-,-,4.79877880259815e-10,30.9566136346212,severe
74,SPTG%NTE,0.00025,8,6,1.2e-12,1,0.001,0.001,0.001,0.0012,global-SPTG%NTE,CASSPTGENTEAFF,TRBV18,TRBJ1-1,,su_cd4_VDJ_TCR_cd4_49_2:moderate,0.003947,-,-,-,-,-,-,-,-,-,-,-,1.79750200968466e-08,25.7294313754382,moderate
1649,SL%GDT,0.0044,9,5,1.5e-07,1,0.27,0.36,0.001,0.0015,global-SL%GDT,CASSLGGDTQYF,TRBV5-1,TRBJ2-3,,su_cd4_VDJ_TCR_cd4_76_1:mild,0.003937,-,-,-,-,-,-,-,-,-,-,-,1.50198766235799e-07,22.6666237019107,mild
6576,RRTGT%E,0.059,3,2,2.8e-09,1,0.095,0.001,0.001,0.029,global-RRTGT%E,CASRRTGTYEQYF,TRBV5-6,TRBJ2-7,,su_cd4_VDJ_TCR_cd4_93_2:mild,0.003937,-,-,-,-,-,-,-,-,-,-,-,2.2823621791074e-09,28.7068251085726,mild
5435,SLSG%DT,0.048,2,2,2e-09,1,0.07,0.001,0.001,0.029,global-SLSG%DT,CASSLSGLDTQYF,TRBV27,TRBJ2-3,,su_cd4_VDJ_TCR_cd4_125_2:moderate,0.003781,-,-,-,-,-,-,-,-,-,-,-,1.12728695309284e-08,26.4025699560031,moderate
5942,SPT%MNTE,0.057,3,2,1.2e-10,1,0.004,0.001,0.001,0.029,global-SPT%MNTE,CASSPTQMNTEAFF,TRBV18,TRBJ1-1,,su_cd4_VDJ_TCR_cd4_125_1:moderate,0.003704,-,-,-,-,-,-,-,-,-,-,-,1.91814670387959e-09,28.9576397890704,moderate
1478,S%AGNQP,0.013,3,3,1.1e-09,1,0.17,0.001,0.001,0.0062,global-S%AGNQP,CASSPAGNQPQHF,TRBV14,TRBJ1-5,,su_cd4_VDJ_TCR_cd4_32_2:severe,0.003663,-,-,-,-,-,-,-,-,-,-,-,1.61381994061522e-08,25.8849451379012,severe
1607,SL%GTDT,0.0057,9,6,7.2e-10,1,0.6,0.001,0.001,0.0012,global-SL%GTDT,CASSLQGTDTQYF,TRBV5-4,TRBJ2-3,,su_cd4_VDJ_TCR_cd4_111_2:moderate,0.003623,-,-,-,-,-,-,-,-,-,-,-,2.32198649363797e-08,25.3600651786345,moderate
7814,SLQG%T,0.091,2,2,2.5e-07,1,0.054,0.16,0.001,0.029,global-SLQG%T,CASSLQGNTIYF,TRBV12-3,TRBJ1-3,,su_cd4_VDJ_TCR_cd4_88_2:mild,0.003584,-,-,-,-,-,-,-,-,-,-,-,7.46703082653563e-09,26.9968181669801,mild
5214,SLS%TDT,0.035,4,3,8.7e-11,1,0.014,0.001,0.001,0.0062,global-SLS%TDT,CASSLSFTDTQYF,TRBV5-1,TRBJ2-3,,su_cd4_VDJ_TCR_cd4_100_2:mild,0.003448,-,-,-,-,-,-,-,-,-,-,-,6.27406182822863e-09,27.2479531075846,mild
7938,%AGGYNE,0.096,5,3,4.3e-11,1,0.007,0.001,0.001,0.0062,global-%AGGYNE,CASKAGGYNEQFF,TRBV6-1,TRBJ2-1,,su_cd4_VDJ_TCR_cd4_100_2:mild,0.003448,-,-,-,-,-,-,-,-,-,-,-,2.44446471802984e-09,28.6078342715041,mild
942,SPTG%NTE,0.0027,4,5,1.1e-08,1,0.092,0.081,0.001,0.0015,global-SPTG%NTE,CASSPTGENTEAFF,TRBV18,TRBJ1-1,,su_cd4_VDJ_TCR_cd4_126_2:mild,0.003295,-,-,-,-,-,-,-,-,-,-,-,1.79750200968466e-08,25.7294313754382,mild
4443,RRTG%GE,0.025,3,2,2e-10,1,0.007,0.001,0.001,0.029,global-RRTG%GE,CASRRTGAGELFF,TRBV12-4,TRBJ2-2,,su_cd4_VDJ_TCR_cd4_88_1:mild,0.003215,-,-,-,-,-,-,-,-,-,-,-,1.36423242037073e-09,29.449263400862,mild
10006,SSG%G,0.27,3,3,7e-07,1,0.19,0.59,0.001,0.0062,global-SSG%G,CAASSGRGYTF,TRBV27,TRBJ1-2,,su_cd4_VDJ_TCR_cd4_107_2:mild,0.003165,-,-,-,-,-,-,-,-,-,-,-,8.72989880611019e-12,36.7371722079058,mild
1507,SLS%TDT,0.0044,4,4,8e-11,1,0.034,0.001,0.001,0.0023,global-SLS%TDT,CASSLSSTDTQYF,TRBV4-3,TRBJ2-3,,su_cd4_VDJ_TCR_cd4_44_1:moderate,0.003155,-,-,-,-,-,-,-,-,-,-,-,3.80361893105889e-09,27.9699801382321,moderate
301,SP%GQGSNTE,0.0011,3,2,2.3e-09,1,0.079,0.001,0.001,0.029,global-SP%GQGSNTE,CASSPRGQGSNTEAFF,TRBV18,TRBJ1-1,,su_cd4_VDJ_TCR_cd4_69_1:moderate,0.003058,-,-,-,-,-,-,-,-,-,-,-,2.18765647112535e-09,28.76796664525,moderate
9966,S%AGNQP,0.26,2,2,1.9e-07,1,0.068,0.094,0.001,0.029,global-S%AGNQP,CATSEAGNQPQHF,TRBV24-1,TRBJ1-5,,su_cd4_VDJ_TCR_cd4_81_1:mild,0.002882,-,-,-,-,-,-,-,-,-,-,-,3.74400614724218e-08,24.6708419554306,mild
1607,SL%GTDT,0.0057,9,6,7.2e-10,1,0.6,0.001,0.001,0.0012,global-SL%GTDT,CASSLGGTDTQYF,TRBV12-3,TRBJ2-3,,su_cd4_VDJ_TCR_cd4_43_2:moderate,0.002841,-,-,-,-,-,-,-,-,-,-,-,7.186048537476e-08,23.7302260791806,moderate
3147,SLV%GE,0.15,2,2,5.3e-07,1,0.061,0.3,0.001,0.029,global-SLV%GE,CASSLVAGEAFF,TRBV7-9,TRBJ1-1,,su_cd4_VDJ_TCR_cd4_35_1:severe,0.002841,-,-,-,-,-,-,-,-,-,-,-,3.86491460595551e-09,27.9469163153667,severe
7814,SLQG%T,0.091,2,2,2.5e-07,1,0.054,0.16,0.001,0.029,global-SLQG%T,CASSLQGHTQYF,TRBV5-4,TRBJ2-3,,su_cd4_VDJ_TCR_cd4_105_2:mild,0.00274,-,-,-,-,-,-,-,-,-,-,-,7.79524935946455e-10,30.2566857753529,mild
7853,AGQGA%E,0.091,3,2,2.9e-11,1,0.001,0.001,0.001,0.029,global-AGQGA%E,CSAAGQGAYEQYF,TRBV20-1,TRBJ2-7,,su_cd4_VDJ_TCR_cd4_94_1:mild,0.002625,-,-,-,-,-,-,-,-,-,-,-,1.71945304871548e-08,25.7934750368429,mild
1756,S%SGTDT,0.0058,6,5,1.7e-10,1,0.12,0.001,0.001,0.0015,global-S%SGTDT,CASSLSGTDTQYF,TRBV5-1,TRBJ2-3,,su_cd4_VDJ_TCR_cd4_122_2:mild,0.002548,-,-,-,-,-,-,-,-,-,-,-,8.06335756601595e-08,23.5640440598995,mild
5198,SL%GTDT,0.033,6,5,2.8e-10,1,0.19,0.001,0.001,0.0015,global-SL%GTDT,CASSLSGTDTQYF,TRBV5-1,TRBJ2-3,,su_cd4_VDJ_TCR_cd4_122_2:mild,0.002548,-,-,-,-,-,-,-,-,-,-,-,8.06335756601595e-08,23.5640440598995,mild
5214,SLS%TDT,0.035,4,3,8.7e-11,1,0.014,0.001,0.001,0.0062,global-SLS%TDT,CASSLSGTDTQYF,TRBV5-1,TRBJ2-3,,su_cd4_VDJ_TCR_cd4_122_2:mild,0.002548,-,-,-,-,-,-,-,-,-,-,-,8.06335756601595e-08,23.5640440598995,mild
1756,S%SGTDT,0.0058,6,5,1.7e-10,1,0.12,0.001,0.001,0.0015,global-S%SGTDT,CASSSSGTDTQYF,TRBV5-4,TRBJ2-3,,su_cd4_VDJ_TCR_cd4_60_1:mild,0.002506,-,-,-,-,-,-,-,-,-,-,-,2.88881581853668e-08,25.044946533789,mild
1625,SIQG%GNT,0.0039,2,2,7.7e-09,1,0.066,0.004,0.001,0.029,global-SIQG%GNT,CASSIQGAGNTIYF,TRBV5-6,TRBJ1-3,,su_cd4_VDJ_TCR_cd4_116_2:mild,0.002294,-,-,-,-,-,-,-,-,-,-,-,8.47553452319439e-10,30.1359765918761,mild
3462,SLV%GE,0.018,5,5,1.4e-10,1,0.049,0.002,0.001,0.0015,global-SLV%GE,CASSLVGGEAFF,TRBV11-2,TRBJ1-1,,su_cd4_VDJ_TCR_cd4_116_2:mild,0.002294,-,-,-,-,-,-,-,-,-,-,-,8.32406339110876e-09,26.8400649021651,mild
942,SPTG%NTE,0.0027,4,5,1.1e-08,1,0.092,0.081,0.001,0.0015,global-SPTG%NTE,CASSPTGMNTEAFF,TRBV7-6,TRBJ1-1,,su_cd4_VDJ_TCR_cd4_67_2:mild,0.002237,-,-,-,-,-,-,-,-,-,-,-,3.31321372192103e-09,28.1691215851853,mild
942,SPTG%NTE,0.0027,4,5,1.1e-08,1,0.092,0.081,0.001,0.0015,global-SPTG%NTE,CASSPTGVNTEAFF,TRBV5-5,TRBJ1-1,,su_cd4_VDJ_TCR_cd4_67_2:mild,0.002237,-,-,-,-,-,-,-,-,-,-,-,2.35119255039319e-09,28.6639601609663,mild
3462,SLV%GE,0.018,5,5,1.4e-10,1,0.049,0.002,0.001,0.0015,global-SLV%GE,CASSLVGGEQFF,TRBV11-2,TRBJ2-1,,su_cd4_VDJ_TCR_cd4_67_2:mild,0.002237,-,-,-,-,-,-,-,-,-,-,-,8.89529202148072e-09,26.7443108858152,mild
8488,S%TGMNTE,0.12,3,3,2.5e-07,1,0.16,0.25,0.001,0.0062,global-S%TGMNTE,CASSPTGMNTEAFF,TRBV7-6,TRBJ1-1,,su_cd4_VDJ_TCR_cd4_67_2:mild,0.002237,-,-,-,-,-,-,-,-,-,-,-,3.31321372192103e-09,28.1691215851853,mild
2127,S%GYG,0.0062,8,7,3.5e-07,1,0.48,0.85,0.001,0.00086,global-S%GYG,CATSAGYGYTF,TRBV28,TRBJ1-2,,su_cd4_VDJ_TCR_cd4_16_2:moderate,0.002227,-,-,-,-,-,-,-,-,-,-,-,3.30685307291152e-10,31.4938220024347,moderate
1756,S%SGTDT,0.0058,6,5,1.7e-10,1,0.12,0.001,0.001,0.0015,global-S%SGTDT,CASSRSGTDTQYF,TRBV5-1,TRBJ2-3,,su_cd4_VDJ_TCR_cd4_112_1:mild,0.002174,-,-,-,-,-,-,-,-,-,-,-,2.49704930636838e-08,25.2552004503074,mild
2127,S%GYG,0.0062,8,7,3.5e-07,1,0.48,0.85,0.001,0.00086,global-S%GYG,CAWSEGYGYTF,TRBV30,TRBJ1-2,,su_cd4_VDJ_TCR_cd4_16_1:moderate,0.002151,-,-,-,-,-,-,-,-,-,-,-,2.70226500409842e-08,25.1412555961483,moderate
1649,SL%GDT,0.0044,9,5,1.5e-07,1,0.27,0.36,0.001,0.0015,global-SL%GDT,CASSLRGDTQYF,TRBV14,TRBJ2-3,,su_cd4_VDJ_TCR_cd4_126_1:mild,0.002132,-,-,-,-,-,-,-,-,-,-,-,1.25418588112192e-08,26.2486735753136,mild
2209,RR%GTGE,0.0078,3,3,4.7e-07,1,0.15,0.49,0.001,0.0062,global-RR%GTGE,CSARREGTGELFF,TRBV20-1,TRBJ2-2,,su_cd4_VDJ_TCR_cd4_6_2:moderate,0.002123,-,-,-,-,-,-,-,-,-,-,-,1.78215712168636e-08,25.7418002232015,moderate
1649,SL%GDT,0.0044,9,5,1.5e-07,1,0.27,0.36,0.001,0.0015,global-SL%GDT,CASSLSGDTIYF,TRBV5-4,TRBJ1-3,,su_cd4_VDJ_TCR_cd4_135_2:mild,0.002114,-,-,-,-,-,-,-,-,-,-,-,8.88116696675136e-10,30.068531692734,mild
3659,GA%GYNE,0.018,4,2,1.7e-10,1,0.006,0.001,0.001,0.029,global-GA%GYNE,CASGASGYNEQFF,TRBV10-2,TRBJ2-1,,su_cd4_VDJ_TCR_cd4_135_2:mild,0.002114,-,-,-,-,-,-,-,-,-,-,-,2.51791553843498e-10,31.8870510591148,mild
7938,%AGGYNE,0.096,5,3,4.3e-11,1,0.007,0.001,0.001,0.0062,global-%AGGYNE,CSGIAGGYNEQFF,TRBV20-1,TRBJ2-1,,su_cd4_VDJ_TCR_cd4_82_2:mild,0.002114,-,-,-,-,-,-,-,-,-,-,-,4.82434625095189e-10,30.9489474934174,mild
1775,SLQGA%YE,0.018,3,2,1.4e-09,1,0.001,0.047,0.001,0.029,global-SLQGA%YE,CASSLQGASYEQYF,TRBV5-1,TRBJ2-7,,su_cd4_VDJ_TCR_cd4_36_1:severe,0.002101,-,-,-,-,-,-,-,-,-,-,-,3.54142056116743e-08,24.7510965780409,severe
2042,S%GYG,0.027,4,4,4.6e-07,1,0.32,0.6,0.001,0.0023,global-S%GYG,CASSWGYGYTF,TRBV12-3,TRBJ1-2,,su_cd4_VDJ_TCR_cd4_36_1:severe,0.002101,-,-,-,-,-,-,-,-,-,-,-,3.02804929916822e-08,24.9770360653055,severe
3667,GAGGY%E,0.018,4,2,2.3e-10,1,0.008,0.001,0.001,0.029,global-GAGGY%E,CASGAGGYYEQYF,TRBV6-1,TRBJ2-7,,su_cd4_VDJ_TCR_cd4_67_1:mild,0.002058,-,-,-,-,-,-,-,-,-,-,-,2.14580666638699e-10,32.1177608513484,mild
1958,SR%GQGSNQP,0.0077,3,2,2.2e-09,1,0.075,0.001,0.001,0.029,global-SR%GQGSNQP,CASSRRGQGSNQPQHF,TRBV19,TRBJ1-5,,su_cd4_VDJ_TCR_cd4_124_2:mild,0.002041,-,-,-,-,-,-,-,-,-,-,-,1.11092933148853e-09,29.7455858071546,mild
89,SL%SGE,0.00035,7,7,7.7e-10,1,0.3,0.003,0.001,0.00086,global-SL%SGE,CASSLSSGELFF,TRBV12-4,TRBJ2-2,,su_cd4_VDJ_TCR_cd4_70_2:mild,0.002037,-,-,-,-,-,-,-,-,-,-,-,3.37488973508975e-09,28.1425124870044,mild
3348,SL%GTVNTE,0.016,4,3,1.8e-10,1,0.029,0.001,0.001,0.0062,global-SL%GTVNTE,CASSLPGTVNTEAFF,TRBV12-4,TRBJ1-1,,su_cd4_VDJ_TCR_cd4_70_2:mild,0.002037,-,-,-,-,-,-,-,-,-,-,-,2.03865340160022e-09,28.8697363352755,mild
5214,SLS%TDT,0.035,4,3,8.7e-11,1,0.014,0.001,0.001,0.0062,global-SLS%TDT,CASSLSQTDTQYF,TRBV7-9,TRBJ2-3,,su_cd4_VDJ_TCR_cd4_70_2:mild,0.002037,-,-,-,-,-,-,-,-,-,-,-,2.0145846658769e-09,28.8868704158495,mild
3191,S%GSG,0.18,4,2,4e-09,1,0.008,0.017,0.001,0.029,global-S%GSG,CASSQGSGYTF,TRBV12-3,TRBJ1-2,,su_cd4_VDJ_TCR_cd4_47_1:severe,0.00202,-,-,-,-,-,-,-,-,-,-,-,6.88469712255211e-09,27.1139596664965,severe
2042,S%GYG,0.027,4,4,4.6e-07,1,0.32,0.6,0.001,0.0023,global-S%GYG,CASSEGYGYTF,TRBV25-1,TRBJ1-2,,su_cd4_VDJ_TCR_cd4_47_2:severe,0.001988,-,-,-,-,-,-,-,-,-,-,-,3.51825955068173e-08,24.7605628411927,severe
1477,S%SGTDT,0.0036,6,5,2.7e-10,1,0.18,0.001,0.001,0.0015,global-S%SGTDT,CAISGSGTDTQYF,TRBV10-3,TRBJ2-3,,su_cd4_VDJ_TCR_cd4_23_1:moderate,0.001984,-,-,-,-,-,-,-,-,-,-,-,1.05035929591328e-08,26.5045418447641,moderate
1607,SL%GTDT,0.0057,9,6,7.2e-10,1,0.6,0.001,0.001,0.0012,global-SL%GTDT,CASSLPGTDTQYF,TRBV5-8,TRBJ2-3,,su_cd4_VDJ_TCR_cd4_11_1:moderate,0.00198,-,-,-,-,-,-,-,-,-,-,-,5.97821282152611e-09,27.3176385968005,moderate
89,SL%SGE,0.00035,7,7,7.7e-10,1,0.3,0.003,0.001,0.00086,global-SL%SGE,CASSLRSGELFF,TRBV5-6,TRBJ2-2,,su_cd4_VDJ_TCR_cd4_119_1:mild,0.001901,-,-,-,-,-,-,-,-,-,-,-,8.09750106297559e-09,26.8798761015803,mild
3442,S%GAGG,0.017,4,3,2.6e-10,1,0.042,0.001,0.001,0.0062,global-S%GAGG,CASSPGAGGYTF,TRBV18,TRBJ1-2,,su_cd4_VDJ_TCR_cd4_125_2:moderate,0.00189,-,-,-,-,-,-,-,-,-,-,-,1.43838742386409e-08,26.0509724468771,moderate
2127,S%GYG,0.0062,8,7,3.5e-07,1,0.48,0.85,0.001,0.00086,global-S%GYG,CASSRGYGYTF,TRBV7-9,TRBJ1-2,,su_cd4_VDJ_TCR_cd4_27_2:moderate,0.001883,-,-,-,-,-,-,-,-,-,-,-,1.88037384192231e-07,22.3424771479097,moderate
1410,SSG%G,0.012,5,4,1.1e-08,1,0.13,0.036,0.001,0.0023,global-SSG%G,CASSSGGGYTF,TRBV7-8,TRBJ1-2,,su_cd4_VDJ_TCR_cd4_15_2:severe,0.001883,-,-,-,-,-,-,-,-,-,-,-,2.17061014159773e-08,25.457324129088,severe
477,SL%AG,0.0018,3,3,9.1e-09,1,0.006,0.25,0.001,0.0062,global-SL%AG,CASSLLAGKVF,TRBV7-9,TRBJ2-7,,su_cd4_VDJ_TCR_cd4_70_1:severe,0.001855,-,-,-,-,-,-,-,-,-,-,-,2.81169934106894e-12,38.3716948053827,severe
5388,SLV%GE,0.044,4,4,5.6e-08,1,0.033,0.73,0.001,0.0023,global-SLV%GE,CASSLVIGELFF,TRBV7-2,TRBJ2-2,,su_cd4_VDJ_TCR_cd4_30_2:moderate,0.001845,-,-,-,-,-,-,-,-,-,-,-,8.571023242302e-10,30.1198134996733,moderate
8826,SL%SGE,0.28,2,2,8e-07,1,0.058,0.47,0.001,0.029,global-SL%SGE,CASSLISGEAFF,TRBV27,TRBJ1-1,,su_cd4_VDJ_TCR_cd4_30_2:moderate,0.001845,-,-,-,-,-,-,-,-,-,-,-,8.94933440103944e-10,30.0575005616954,moderate
1649,SL%GDT,0.0044,9,5,1.5e-07,1,0.27,0.36,0.001,0.0015,global-SL%GDT,CASSLRGDTQYF,TRBV7-3,TRBJ2-3,,su_cd4_VDJ_TCR_cd4_123_2:mild,0.001808,-,-,-,-,-,-,-,-,-,-,-,5.33470491283273e-08,24.160016287968,mild
5955,SL%AGANE,0.05,6,2,2.9e-11,1,0.001,0.001,0.001,0.029,global-SL%AGANE,CASSLQAGANEQFF,TRBV7-2,TRBJ2-1,,su_cd4_VDJ_TCR_cd4_123_2:mild,0.001808,-,-,-,-,-,-,-,-,-,-,-,1.96923384634012e-10,32.2416465075564,mild
5955,SL%AGANE,0.05,6,2,2.9e-11,1,0.001,0.001,0.001,0.029,global-SL%AGANE,CASSLAAGANEQFF,TRBV7-2,TRBJ2-1,,su_cd4_VDJ_TCR_cd4_66_1:mild,0.001792,-,-,-,-,-,-,-,-,-,-,-,1.54907439199736e-09,29.2659464249081,mild
1649,SL%GDT,0.0044,9,5,1.5e-07,1,0.27,0.36,0.001,0.0015,global-SL%GDT,CASSLPGDTQYF,TRBV5-1,TRBJ2-3,,su_cd4_VDJ_TCR_cd4_71_2:mild,0.001789,-,-,-,-,-,-,-,-,-,-,-,3.80278382746922e-08,24.648368829045,mild
3261,SLVSG%,0.013,3,3,5.1e-10,1,0.083,0.001,0.001,0.0062,global-SLVSG%,CASSLVSGVEFF,TRBV11-2,TRBJ2-1,,su_cd4_VDJ_TCR_cd4_120_2:mild,0.001779,-,-,-,-,-,-,-,-,-,-,-,6.29638395295848e-13,40.5305417145868,mild
5198,SL%GTDT,0.033,6,5,2.8e-10,1,0.19,0.001,0.001,0.0015,global-SL%GTDT,CASSLIGTDTQYF,TRBV11-2,TRBJ2-3,,su_cd4_VDJ_TCR_cd4_113_1:mild,0.001767,-,-,-,-,-,-,-,-,-,-,-,6.69900649745193e-09,27.1534057028157,mild
1477,S%SGTDT,0.0036,6,5,2.7e-10,1,0.18,0.001,0.001,0.0015,global-S%SGTDT,CASSFSGTDTQYF,TRBV7-9,TRBJ2-3,,su_cd4_VDJ_TCR_cd4_115_2:moderate,0.001761,-,-,-,-,-,-,-,-,-,-,-,2.6226873570277e-08,25.1843789207483,moderate
5198,SL%GTDT,0.033,6,5,2.8e-10,1,0.19,0.001,0.001,0.0015,global-SL%GTDT,CASSLMGTDTQYF,TRBV5-6,TRBJ2-3,,su_cd4_VDJ_TCR_cd4_39_1:mild,0.001721,-,-,-,-,-,-,-,-,-,-,-,2.60549983567664e-09,28.5157926902045,mild
7655,S%GYG,0.09,5,5,6.9e-07,1,0.5,0.95,0.001,0.0015,global-S%GYG,CASSPGYGYTF,TRBV18,TRBJ1-2,,su_cd4_VDJ_TCR_cd4_81_2:mild,0.001712,-,-,-,-,-,-,-,-,-,-,-,1.02544490168736e-07,23.2172466879451,mild
7853,AGQGA%E,0.091,3,2,2.9e-11,1,0.001,0.001,0.001,0.029,global-AGQGA%E,CSAAGQGALEAFF,TRBV20-1,TRBJ1-1,,su_cd4_VDJ_TCR_cd4_119_2:mild,0.001686,-,-,-,-,-,-,-,-,-,-,-,1.64633266498655e-10,32.5000250665562,mild
7655,S%GYG,0.09,5,5,6.9e-07,1,0.5,0.95,0.001,0.0015,global-S%GYG,CASSSGYGYTF,TRBV6-5,TRBJ1-2,,su_cd4_VDJ_TCR_cd4_122_1:mild,0.001672,-,-,-,-,-,-,-,-,-,-,-,8.49132263036703e-08,23.4894354699078,mild
10006,SSG%G,0.27,3,3,7e-07,1,0.19,0.59,0.001,0.0062,global-SSG%G,CASSSGYGYTF,TRBV6-5,TRBJ1-2,,su_cd4_VDJ_TCR_cd4_122_1:mild,0.001672,-,-,-,-,-,-,-,-,-,-,-,8.49132263036703e-08,23.4894354699078,mild
477,SL%AG,0.0018,3,3,9.1e-09,1,0.006,0.25,0.001,0.0062,global-SL%AG,CASSLEAGYTF,TRBV7-9,TRBJ1-2,,su_cd4_VDJ_TCR_cd4_51_1:severe,0.001656,-,-,-,-,-,-,-,-,-,-,-,8.75098846716976e-09,26.7679068683395,severe
1649,SL%GDT,0.0044,9,5,1.5e-07,1,0.27,0.36,0.001,0.0015,global-SL%GDT,CASSLGGDTQYF,TRBV7-2,TRBJ2-3,,su_cd4_VDJ_TCR_cd4_126_2:mild,0.001647,-,-,-,-,-,-,-,-,-,-,-,5.61764286629689e-08,24.0854598490169,mild
2449,S%VSGE,0.0084,3,3,5e-11,1,0.008,0.001,0.001,0.0062,global-S%VSGE,CASSPVSGEAFF,TRBV7-9,TRBJ1-1,,su_cd4_VDJ_TCR_cd4_126_2:mild,0.001647,-,-,-,-,-,-,-,-,-,-,-,2.83782246604714e-10,31.7144966115417,mild
1757,SRGG%GSNQP,0.0061,2,2,2.1e-09,1,0.073,0.001,0.001,0.029,global-SRGG%GSNQP,CASSRGGVGSNQPQHF,TRBV5-6,TRBJ1-5,,su_cd4_VDJ_TCR_cd4_72_2:moderate,0.00159,-,-,-,-,-,-,-,-,-,-,-,2.23407916729612e-10,32.0596006385037,moderate
3442,S%GAGG,0.017,4,3,2.6e-10,1,0.042,0.001,0.001,0.0062,global-S%GAGG,CASSTGAGGYTF,TRBV6-6,TRBJ1-2,,su_cd4_VDJ_TCR_cd4_72_2:moderate,0.00159,-,-,-,-,-,-,-,-,-,-,-,6.33718125169633e-10,30.5554396697812,moderate
2209,RR%GTGE,0.0078,3,3,4.7e-07,1,0.15,0.49,0.001,0.0062,global-RR%GTGE,CATRRGGTGELFF,TRBV24-1,TRBJ2-2,,su_cd4_VDJ_TCR_cd4_53_2:moderate,0.001587,-,-,-,-,-,-,-,-,-,-,-,1.84179919852116e-08,25.6943089783912,moderate
5388,SLV%GE,0.044,4,4,5.6e-08,1,0.033,0.73,0.001,0.0023,global-SLV%GE,CASSLVTGELFF,TRBV5-6,TRBJ2-2,,su_cd4_VDJ_TCR_cd4_53_2:moderate,0.001587,-,-,-,-,-,-,-,-,-,-,-,1.25960201815897e-08,26.2424567849969,moderate
5198,SL%GTDT,0.033,6,5,2.8e-10,1,0.19,0.001,0.001,0.0015,global-SL%GTDT,CASSLAGTDTQYF,TRBV10-1,TRBJ2-3,,su_cd4_VDJ_TCR_cd4_112_2:mild,0.001585,-,-,-,-,-,-,-,-,-,-,-,3.32220170714988e-08,24.8432850900519,mild
8615,G%GGYNE,0.13,4,2,2.9e-11,1,0.001,0.001,0.001,0.029,global-G%GGYNE,CSAGVGGYNEQFF,TRBV20-1,TRBJ2-1,,su_cd4_VDJ_TCR_cd4_112_2:mild,0.001585,-,-,-,-,-,-,-,-,-,-,-,4.45641144540193e-09,27.7414704160036,mild
2042,S%GYG,0.027,4,4,4.6e-07,1,0.32,0.6,0.001,0.0023,global-S%GYG,CAWSAGYGYTF,TRBV30,TRBJ1-2,,su_cd4_VDJ_TCR_cd4_35_2:severe,0.001553,-,-,-,-,-,-,-,-,-,-,-,3.61954283529318e-08,24.7196172692229,severe
2209,RR%GTGE,0.0078,3,3,4.7e-07,1,0.15,0.49,0.001,0.0062,global-RR%GTGE,CASRRTGTGELFF,TRBV6-6,TRBJ2-2,,su_cd4_VDJ_TCR_cd4_50_1:moderate,0.001546,-,-,-,-,-,-,-,-,-,-,-,2.89387383663527e-09,28.3643508274961,moderate
3745,RRTG%GE,0.02,2,2,1.1e-06,1,0.046,0.84,0.001,0.029,global-RRTG%GE,CASRRTGTGELFF,TRBV6-6,TRBJ2-2,,su_cd4_VDJ_TCR_cd4_50_1:moderate,0.001546,-,-,-,-,-,-,-,-,-,-,-,2.89387383663527e-09,28.3643508274961,moderate
1607,SL%GTDT,0.0057,9,6,7.2e-10,1,0.6,0.001,0.001,0.0012,global-SL%GTDT,CASSLFGTDTQYF,TRBV7-2,TRBJ2-3,,su_cd4_VDJ_TCR_cd4_121_1:moderate,0.001541,-,-,-,-,-,-,-,-,-,-,-,3.64985033421284e-09,28.0295155479432,moderate
1649,SL%GDT,0.0044,9,5,1.5e-07,1,0.27,0.36,0.001,0.0015,global-SL%GDT,CASSLRGDTQYF,TRBV11-2,TRBJ2-3,,su_cd4_VDJ_TCR_cd4_68_2:mild,0.001534,-,-,-,-,-,-,-,-,-,-,-,2.59556748443568e-08,25.1993747609877,mild
6149,S%GSG,0.063,4,4,1.6e-09,1,0.34,0.002,0.001,0.0023,global-S%GSG,CASSYGSGEYF,TRBV6-5,TRBJ2-3,,su_cd4_VDJ_TCR_cd4_27_1:moderate,0.001508,-,-,-,-,-,-,-,-,-,-,-,8.70786820327631e-11,33.418889471779,moderate
2127,S%GYG,0.0062,8,7,3.5e-07,1,0.48,0.85,0.001,0.00086,global-S%GYG,CAISGGYGYTF,TRBV10-3,TRBJ1-2,,su_cd4_VDJ_TCR_cd4_7_1:moderate,0.001486,-,-,-,-,-,-,-,-,-,-,-,6.46785523556295e-08,23.8821373705274,moderate
7655,S%GYG,0.09,5,5,6.9e-07,1,0.5,0.95,0.001,0.0015,global-S%GYG,CASSLGYGYTF,TRBV7-9,TRBJ1-2,,su_cd4_VDJ_TCR_cd4_116_1:mild,0.001479,-,-,-,-,-,-,-,-,-,-,-,1.0547644940199e-07,23.1765757517603,mild
1756,S%SGTDT,0.0058,6,5,1.7e-10,1,0.12,0.001,0.001,0.0015,global-S%SGTDT,CASSVSGTDTQYF,TRBV9,TRBJ2-3,,su_cd4_VDJ_TCR_cd4_104_2:mild,0.001416,-,-,-,-,-,-,-,-,-,-,-,5.05033593293291e-08,24.2390454043716,mild
6852,RR%GTGE,0.069,3,2,2.3e-09,1,0.08,0.001,0.001,0.029,global-RR%GTGE,CSARRDGTGELFF,TRBV20-1,TRBJ2-2,,su_cd4_VDJ_TCR_cd4_104_2:mild,0.001416,-,-,-,-,-,-,-,-,-,-,-,8.13808449961842e-09,26.8726635936597,mild
2175,SSG%G,0.0069,5,6,2.3e-10,1,0.19,0.001,0.001,0.0012,global-SSG%G,CASSSGTGGIF,TRBV5-8,TRBJ2-1,,su_cd4_VDJ_TCR_cd4_44_2:moderate,0.00135,-,-,-,-,-,-,-,-,-,-,-,1.64521126944069e-11,35.8229361845401,moderate
8826,SL%SGE,0.28,2,2,8e-07,1,0.058,0.47,0.001,0.029,global-SL%SGE,CASSLASGELFF,TRBV7-6,TRBJ2-2,,su_cd4_VDJ_TCR_cd4_44_2:moderate,0.00135,-,-,-,-,-,-,-,-,-,-,-,5.34249105077422e-09,27.4798402677628,moderate
1607,SL%GTDT,0.0057,9,6,7.2e-10,1,0.6,0.001,0.001,0.0012,global-SL%GTDT,CASSLAGTDTQYF,TRBV7-9,TRBJ2-3,,su_cd4_VDJ_TCR_cd4_12_2:moderate,0.001348,-,-,-,-,-,-,-,-,-,-,-,1.64961702683895e-07,22.5313655352621,moderate
6668,SLQG%T,0.075,3,2,2e-10,1,0.007,0.001,0.001,0.029,global-SLQG%T,CASSLQGYTQYF,TRBV5-5,TRBJ2-3,,su_cd4_VDJ_TCR_cd4_12_1:moderate,0.001339,-,-,-,-,-,-,-,-,-,-,-,3.47669210856514e-10,31.4215656393906,moderate
8810,S%TGMNTE,0.28,3,2,1.5e-10,1,0.005,0.001,0.001,0.029,global-S%TGMNTE,CAISMTGMNTEAFF,TRBV10-3,TRBJ1-1,,su_cd4_VDJ_TCR_cd4_12_1:moderate,0.001339,-,-,-,-,-,-,-,-,-,-,-,4.09780224591352e-10,31.1844305852477,moderate
2871,SL%GDT,0.083,2,2,9.6e-08,1,0.067,0.049,0.001,0.029,global-SL%GDT,CASSLAGDTQYF,TRBV5-1,TRBJ2-3,,su_cd4_VDJ_TCR_cd4_3_1:severe,0.001277,-,-,-,-,-,-,-,-,-,-,-,1.18884547614523e-07,23.0039354556767,severe
2127,S%GYG,0.0062,8,7,3.5e-07,1,0.48,0.85,0.001,0.00086,global-S%GYG,CASSRGYGYTF,TRBV3-1,TRBJ1-2,,su_cd4_VDJ_TCR_cd4_49_1:moderate,0.001271,-,-,-,-,-,-,-,-,-,-,-,1.01958776574027e-07,23.2255106968527,moderate
2175,SSG%G,0.0069,5,6,2.3e-10,1,0.19,0.001,0.001,0.0012,global-SSG%G,CASSSGWGYTF,TRBV12-3,TRBJ1-2,,su_cd4_VDJ_TCR_cd4_49_1:moderate,0.001271,-,-,-,-,-,-,-,-,-,-,-,1.32439468601473e-09,29.4920197267793,moderate
5388,SLV%GE,0.044,4,4,5.6e-08,1,0.033,0.73,0.001,0.0023,global-SLV%GE,CASSLVGGELFF,TRBV7-2,TRBJ2-2,,su_cd4_VDJ_TCR_cd4_49_1:moderate,0.001271,-,-,-,-,-,-,-,-,-,-,-,5.3038274505277e-09,27.4903190129847,moderate
5807,SLQGA%YE,0.057,5,2,6.7e-10,1,0.023,0.001,0.001,0.029,global-SLQGA%YE,CASSLQGAGYEQYF,TRBV5-1,TRBJ2-7,,su_cd4_VDJ_TCR_cd4_49_1:moderate,0.001271,-,-,-,-,-,-,-,-,-,-,-,1.6779737881022e-08,25.8287045797159,moderate
1673,SLSG%DT,0.016,2,2,1.2e-06,1,0.058,0.7,0.001,0.029,global-SLSG%DT,CASSLSGADTQYF,TRBV7-9,TRBJ2-3,,su_cd4_VDJ_TCR_cd4_5_2:severe,0.001269,-,-,-,-,-,-,-,-,-,-,-,1.5580480757914e-08,25.9356850086032,severe
3147,SLV%GE,0.15,2,2,5.3e-07,1,0.061,0.3,0.001,0.029,global-SLV%GE,CASSLVEGEQFF,TRBV7-2,TRBJ2-1,,su_cd4_VDJ_TCR_cd4_5_2:severe,0.001269,-,-,-,-,-,-,-,-,-,-,-,2.47414278058791e-09,28.5904240946169,severe
1477,S%SGTDT,0.0036,6,5,2.7e-10,1,0.18,0.001,0.001,0.0015,global-S%SGTDT,CATSTSGTDTQYF,TRBV18,TRBJ2-3,,su_cd4_VDJ_TCR_cd4_104_1:moderate,0.001245,-,-,-,-,-,-,-,-,-,-,-,4.76019355700428e-11,34.2901888067713,moderate
443,SPTG%NTE,0.0025,2,3,1e-06,1,0.18,0.92,0.001,0.0062,global-SPTG%NTE,CATSPTGINTEAFF,TRBV10-3,TRBJ1-1,,su_cd4_VDJ_TCR_cd4_Mix_donor1:HD,0.001149,-,-,-,-,-,-,-,-,-,-,-,2.72519934214367e-12,38.4167753750327,HD
2919,SL%GDT,0.014,6,4,5.4e-10,1,0.11,0.002,0.001,0.0023,global-SL%GDT,CASSLVGDTQYF,TRBV7-6,TRBJ2-3,,su_cd4_VDJ_TCR_cd4_62_1:moderate,0.001148,-,-,-,-,-,-,-,-,-,-,-,6.86809050863173e-09,27.1174438024893,moderate
1442,SL%GTDT,0.09,2,2,1.5e-06,1,0.066,0.76,0.001,0.029,global-SL%GTDT,CASSLRGTDTQYF,TRBV7-9,TRBJ2-3,,su_cd4_VDJ_TCR_cd4_2773BW:HD,0.00112,-,-,-,-,-,-,-,-,-,-,-,1.05454147165016e-07,23.17688083151,HD
1449,SSG%G,0.097,2,2,2.9e-11,1,0.001,0.001,0.001,0.029,global-SSG%G,CTSSSGYGYTF,TRBV20-1,TRBJ1-2,,su_cd4_VDJ_TCR_cd4_1053BW:HD,0.001103,-,-,-,-,-,-,-,-,-,-,-,5.82361809523944e-11,33.999293295053,HD
1500,S%GYG,0.15,3,2,1.7e-10,1,0.006,0.001,0.001,0.029,global-S%GYG,CTSSSGYGYTF,TRBV20-1,TRBJ1-2,,su_cd4_VDJ_TCR_cd4_1053BW:HD,0.001103,-,-,-,-,-,-,-,-,-,-,-,5.82361809523944e-11,33.999293295053,HD
2919,SL%GDT,0.014,6,4,5.4e-10,1,0.11,0.002,0.001,0.0023,global-SL%GDT,CASSLVGDTQYF,TRBV5-1,TRBJ2-3,,su_cd4_VDJ_TCR_cd4_62_2:moderate,0.001096,-,-,-,-,-,-,-,-,-,-,-,3.22417904375552e-08,24.8864928978738,moderate
1507,SLS%TDT,0.0044,4,4,8e-11,1,0.034,0.001,0.001,0.0023,global-SLS%TDT,CASSLSVTDTQYF,TRBV5-1,TRBJ2-3,,su_cd4_VDJ_TCR_cd4_50_2:moderate,0.001086,-,-,-,-,-,-,-,-,-,-,-,1.05037102398654e-08,26.504525736049,moderate
2175,SSG%G,0.0069,5,6,2.3e-10,1,0.19,0.001,0.001,0.0012,global-SSG%G,CASSSGSGYTF,TRBV3-1,TRBJ1-2,,su_cd4_VDJ_TCR_cd4_50_2:moderate,0.001086,-,-,-,-,-,-,-,-,-,-,-,2.64385440317935e-09,28.4947101240373,moderate
2175,SSG%G,0.0069,5,6,2.3e-10,1,0.19,0.001,0.001,0.0012,global-SSG%G,CASSSGRGYTF,TRBV25-1,TRBJ1-2,,su_cd4_VDJ_TCR_cd4_50_2:moderate,0.001086,-,-,-,-,-,-,-,-,-,-,-,3.04355769473374e-09,28.2915941396845,moderate
6149,S%GSG,0.063,4,4,1.6e-09,1,0.34,0.002,0.001,0.0023,global-S%GSG,CASSSGSGYTF,TRBV3-1,TRBJ1-2,,su_cd4_VDJ_TCR_cd4_50_2:moderate,0.001086,-,-,-,-,-,-,-,-,-,-,-,2.64385440317935e-09,28.4947101240373,moderate
89,SL%SGE,0.00035,7,7,7.7e-10,1,0.3,0.003,0.001,0.00086,global-SL%SGE,CASSLASGELFF,TRBV5-4,TRBJ2-2,,su_cd4_VDJ_TCR_cd4_141_2:mild,0.001017,-,-,-,-,-,-,-,-,-,-,-,7.72351113647434e-09,26.9480960029168,mild
1756,S%SGTDT,0.0058,6,5,1.7e-10,1,0.12,0.001,0.001,0.0015,global-S%SGTDT,CASSNSGTDTQYF,TRBV7-9,TRBJ2-3,,su_cd4_VDJ_TCR_cd4_141_2:mild,0.001017,-,-,-,-,-,-,-,-,-,-,-,8.3849449292677e-09,26.8295515455137,mild
8488,S%TGMNTE,0.12,3,3,2.5e-07,1,0.16,0.25,0.001,0.0062,global-S%TGMNTE,CASSSTGMNTEAFF,TRBV12-3,TRBJ1-1,,su_cd4_VDJ_TCR_cd4_141_2:mild,0.001017,-,-,-,-,-,-,-,-,-,-,-,5.42437122754422e-09,27.4578969384526,mild
89,SL%SGE,0.00035,7,7,7.7e-10,1,0.3,0.003,0.001,0.00086,global-SL%SGE,CASSLLSGELFF,TRBV3-1,TRBJ2-2,,su_cd4_VDJ_TCR_cd4_68_1:mild,0.000999,-,-,-,-,-,-,-,-,-,-,-,2.25423701771925e-09,28.7247136409114,mild
1673,SLSG%DT,0.016,2,2,1.2e-06,1,0.058,0.7,0.001,0.029,global-SLSG%DT,CASSLSGVDTQYF,TRBV28,TRBJ2-3,,su_cd4_VDJ_TCR_cd4_3_2:severe,0.000971,-,-,-,-,-,-,-,-,-,-,-,3.86632218045148e-09,27.9463909917157,severe
880,S%GAGG,0.013,2,2,1.1e-06,1,0.067,0.58,0.001,0.029,global-S%GAGG,CARSGGAGGYTF,TRBV2,TRBJ1-2,,su_cd4_VDJ_TCR_cd4_3577BW:HD,0.000946,-,-,-,-,-,-,-,-,-,-,-,4.32952689331441e-11,34.4269996599084,HD
1500,S%GYG,0.15,3,2,1.7e-10,1,0.006,0.001,0.001,0.029,global-S%GYG,CASSRGYGYTF,TRBV12-4,TRBJ1-2,,su_cd4_VDJ_TCR_cd4_3577BW:HD,0.000946,-,-,-,-,-,-,-,-,-,-,-,6.99015037965708e-08,23.770101266352,HD
6213,SL%AG,0.066,3,2,4.1e-10,1,0.014,0.001,0.001,0.029,global-SL%AG,CASSLEAGTWW,TRBV11-2,TRBJ2-1,,su_cd4_VDJ_TCR_cd4_29_2:moderate,0.000901,-,-,-,-,-,-,-,-,-,-,-,0,Inf,moderate
2127,S%GYG,0.0062,8,7,3.5e-07,1,0.48,0.85,0.001,0.00086,global-S%GYG,CASSPGYGYTF,TRBV12-3,TRBJ1-2,,su_cd4_VDJ_TCR_cd4_52_1:moderate,0.000894,-,-,-,-,-,-,-,-,-,-,-,3.96519526130677e-08,24.5880328476254,moderate
2919,SL%GDT,0.014,6,4,5.4e-10,1,0.11,0.002,0.001,0.0023,global-SL%GDT,CASSLEGDTQYF,TRBV11-3,TRBJ2-3,,su_cd4_VDJ_TCR_cd4_52_1:moderate,0.000894,-,-,-,-,-,-,-,-,-,-,-,1.44140705624025e-08,26.0479469460776,moderate
74,SPTG%NTE,0.00025,8,6,1.2e-12,1,0.001,0.001,0.001,0.0012,global-SPTG%NTE,CAISPTGLNTEAFF,TRBV10-3,TRBJ1-1,,su_cd4_VDJ_TCR_cd4_52_2:moderate,0.000873,-,-,-,-,-,-,-,-,-,-,-,2.73805843273054e-09,28.444199618599,moderate
1507,SLS%TDT,0.0044,4,4,8e-11,1,0.034,0.001,0.001,0.0023,global-SLS%TDT,CASSLSYTDTQYF,TRBV7-2,TRBJ2-3,,su_cd4_VDJ_TCR_cd4_52_2:moderate,0.000873,-,-,-,-,-,-,-,-,-,-,-,3.66940319196075e-09,28.0218074181696,moderate
1683,S%AAG,0.0061,3,2,2.7e-09,1,0.092,0.001,0.001,0.029,global-S%AAG,CASSEAAGGHF,TRBV2,TRBJ2-7,,su_cd4_VDJ_TCR_cd4_52_2:moderate,0.000873,-,-,-,-,-,-,-,-,-,-,-,3.05833524434812e-11,34.9284624850514,moderate
4193,SGGA%G,0.026,3,2,1.2e-10,1,0.004,0.001,0.001,0.029,global-SGGA%G,CASSGGASGYTF,TRBV12-3,TRBJ1-2,,su_cd4_VDJ_TCR_cd4_52_2:moderate,0.000873,-,-,-,-,-,-,-,-,-,-,-,1.02324237633332e-09,29.8642049359637,moderate
5388,SLV%GE,0.044,4,4,5.6e-08,1,0.033,0.73,0.001,0.0023,global-SLV%GE,CASSLVVGEQFF,TRBV5-5,TRBJ2-1,,su_cd4_VDJ_TCR_cd4_52_2:moderate,0.000873,-,-,-,-,-,-,-,-,-,-,-,3.32091324235156e-10,31.487700915423,moderate
880,S%GAGG,0.013,2,2,1.1e-06,1,0.067,0.58,0.001,0.029,global-S%GAGG,CASSRGAGGQYF,TRBV6-5,TRBJ2-7,,su_cd4_VDJ_TCR_cd4_6130BW:HD,0.000847,-,-,-,-,-,-,-,-,-,-,-,1.12020346325677e-10,33.0555201551868,HD
1607,SL%GTDT,0.0057,9,6,7.2e-10,1,0.6,0.001,0.001,0.0012,global-SL%GTDT,CASSLFGTDTQYF,TRBV28,TRBJ2-3,,su_cd4_VDJ_TCR_cd4_59_1:moderate,0.000807,-,-,-,-,-,-,-,-,-,-,-,6.13686665937514e-09,27.2798506167628,moderate
1478,S%AGNQP,0.013,3,3,1.1e-09,1,0.17,0.001,0.001,0.0062,global-S%AGNQP,CASSLAGNQPQHF,TRBV7-9,TRBJ1-5,,su_cd4_VDJ_TCR_cd4_25_2:severe,0.000767,-,-,-,-,-,-,-,-,-,-,-,9.95807252066262e-08,23.2595582370852,severe
7655,S%GYG,0.09,5,5,6.9e-07,1,0.5,0.95,0.001,0.0015,global-S%GYG,CASSQGYGYTF,TRBV3-1,TRBJ1-2,,su_cd4_VDJ_TCR_cd4_56_1:mild,0.000765,-,-,-,-,-,-,-,-,-,-,-,8.1896197229594e-08,23.5416282958209,mild
1477,S%SGTDT,0.0036,6,5,2.7e-10,1,0.18,0.001,0.001,0.0015,global-S%SGTDT,CASSFSGTDTQYF,TRBV5-1,TRBJ2-3,,su_cd4_VDJ_TCR_cd4_10_1:moderate,0.000743,-,-,-,-,-,-,-,-,-,-,-,4.5871771300554e-08,24.3778181421262,moderate
1607,SL%GTDT,0.0057,9,6,7.2e-10,1,0.6,0.001,0.001,0.0012,global-SL%GTDT,CASSLQGTDTQYF,TRBV5-1,TRBJ2-3,,su_cd4_VDJ_TCR_cd4_10_1:moderate,0.000743,-,-,-,-,-,-,-,-,-,-,-,7.35736951279305e-08,23.696234708738,moderate
2127,S%GYG,0.0062,8,7,3.5e-07,1,0.48,0.85,0.001,0.00086,global-S%GYG,CASSTGYGYTF,TRBV6-2,TRBJ1-2,,su_cd4_VDJ_TCR_cd4_10_1:moderate,0.000743,-,-,-,-,-,-,-,-,-,-,-,2.52439587387124e-08,25.2394865886807,moderate
89,SL%SGE,0.00035,7,7,7.7e-10,1,0.3,0.003,0.001,0.00086,global-SL%SGE,CASSLVSGEQYF,TRBV7-9,TRBJ2-7,,su_cd4_VDJ_TCR_cd4_39_2:mild,0.000701,-,-,-,-,-,-,-,-,-,-,-,1.07621120162445e-08,26.4694635309848,mild
2449,S%VSGE,0.0084,3,3,5e-11,1,0.008,0.001,0.001,0.0062,global-S%VSGE,CASSLVSGEQYF,TRBV7-9,TRBJ2-7,,su_cd4_VDJ_TCR_cd4_39_2:mild,0.000701,-,-,-,-,-,-,-,-,-,-,-,1.07621120162445e-08,26.4694635309848,mild
3261,SLVSG%,0.013,3,3,5.1e-10,1,0.083,0.001,0.001,0.0062,global-SLVSG%,CASSLVSGEQYF,TRBV7-9,TRBJ2-7,,su_cd4_VDJ_TCR_cd4_39_2:mild,0.000701,-,-,-,-,-,-,-,-,-,-,-,1.07621120162445e-08,26.4694635309848,mild
3462,SLV%GE,0.018,5,5,1.4e-10,1,0.049,0.002,0.001,0.0015,global-SLV%GE,CASSLVSGEQYF,TRBV7-9,TRBJ2-7,,su_cd4_VDJ_TCR_cd4_39_2:mild,0.000701,-,-,-,-,-,-,-,-,-,-,-,1.07621120162445e-08,26.4694635309848,mild
4732,SLVS%E,0.031,3,3,1.2e-09,1,0.2,0.001,0.001,0.0062,global-SLVS%E,CASSLVSGEQYF,TRBV7-9,TRBJ2-7,,su_cd4_VDJ_TCR_cd4_39_2:mild,0.000701,-,-,-,-,-,-,-,-,-,-,-,1.07621120162445e-08,26.4694635309848,mild
1477,S%SGTDT,0.0036,6,5,2.7e-10,1,0.18,0.001,0.001,0.0015,global-S%SGTDT,CSASSSGTDTQYF,TRBV20-1,TRBJ2-3,,su_cd4_VDJ_TCR_cd4_45_1:moderate,0.000699,-,-,-,-,-,-,-,-,-,-,-,2.40025118789321e-08,25.312239366363,moderate
2127,S%GYG,0.0062,8,7,3.5e-07,1,0.48,0.85,0.001,0.00086,global-S%GYG,CASSLGYGYTF,TRBV28,TRBJ1-2,,su_cd4_VDJ_TCR_cd4_45_1:moderate,0.000699,-,-,-,-,-,-,-,-,-,-,-,8.06422871237083e-08,23.5638882029094,moderate
2175,SSG%G,0.0069,5,6,2.3e-10,1,0.19,0.001,0.001,0.0012,global-SSG%G,CASSSGRGRLF,TRBV12-4,TRBJ2-1,,su_cd4_VDJ_TCR_cd4_45_1:moderate,0.000699,-,-,-,-,-,-,-,-,-,-,-,6.54021721575719e-12,37.1537985868865,moderate
1649,SL%GDT,0.0044,9,5,1.5e-07,1,0.27,0.36,0.001,0.0015,global-SL%GDT,CASSLGGDTQYF,TRBV7-2,TRBJ2-3,,su_cd4_VDJ_TCR_cd4_77_1:mild,0.000618,-,-,-,-,-,-,-,-,-,-,-,5.61764286629689e-08,24.0854598490169,mild
4732,SLVS%E,0.031,3,3,1.2e-09,1,0.2,0.001,0.001,0.0062,global-SLVS%E,CASSLVSTEAFF,TRBV5-1,TRBJ1-1,,su_cd4_VDJ_TCR_cd4_77_1:mild,0.000618,-,-,-,-,-,-,-,-,-,-,-,2.40233950036233e-08,25.310984710937,mild
10006,SSG%G,0.27,3,3,7e-07,1,0.19,0.59,0.001,0.0062,global-SSG%G,CASSSGWGYTF,TRBV6-2,TRBJ1-2,,su_cd4_VDJ_TCR_cd4_77_1:mild,0.000618,-,-,-,-,-,-,-,-,-,-,-,1.17707971484073e-09,29.6621408273133,mild
7655,S%GYG,0.09,5,5,6.9e-07,1,0.5,0.95,0.001,0.0015,global-S%GYG,CASSDGYGYTF,TRBV6-1,TRBJ1-2,,su_cd4_VDJ_TCR_cd4_66_1:mild,0.000597,-,-,-,-,-,-,-,-,-,-,-,2.3744635366536e-08,25.3278231574164,mild
942,SPTG%NTE,0.0027,4,5,1.1e-08,1,0.092,0.081,0.001,0.0015,global-SPTG%NTE,CASSPTGANTEAFF,TRBV5-1,TRBJ1-1,,su_cd4_VDJ_TCR_cd4_61_2:mild,0.000553,-,-,-,-,-,-,-,-,-,-,-,8.79072793924851e-09,26.7613702175299,mild
3462,SLV%GE,0.018,5,5,1.4e-10,1,0.049,0.002,0.001,0.0015,global-SLV%GE,CASSLVPGELFF,TRBV5-1,TRBJ2-2,,su_cd4_VDJ_TCR_cd4_61_2:mild,0.000553,-,-,-,-,-,-,-,-,-,-,-,6.94420259381534e-09,27.1015438156467,mild
74,SPTG%NTE,0.00025,8,6,1.2e-12,1,0.001,0.001,0.001,0.0012,global-SPTG%NTE,CASSPTGLNTEAFF,TRBV18,TRBJ1-1,,su_cd4_VDJ_TCR_cd4_24_1:moderate,0.000532,-,-,-,-,-,-,-,-,-,-,-,2.88128591328813e-08,25.0487119312229,moderate
2919,SL%GDT,0.014,6,4,5.4e-10,1,0.11,0.002,0.001,0.0023,global-SL%GDT,CASSLGGDTQYF,TRBV13,TRBJ2-3,,su_cd4_VDJ_TCR_cd4_24_1:moderate,0.000532,-,-,-,-,-,-,-,-,-,-,-,6.18395295195844e-08,23.9468954159413,moderate
74,SPTG%NTE,0.00025,8,6,1.2e-12,1,0.001,0.001,0.001,0.0012,global-SPTG%NTE,CAISPTGPNTEAFF,TRBV10-3,TRBJ1-1,,su_cd4_VDJ_TCR_cd4_1_1:moderate,0.000426,-,-,-,-,-,-,-,-,-,-,-,1.33780256507243e-09,29.4774876374152,moderate
3745,RRTG%GE,0.02,2,2,1.1e-06,1,0.046,0.84,0.001,0.029,global-RRTG%GE,CASRRTGIGEQFF,TRBV2,TRBJ2-1,,su_cd4_VDJ_TCR_cd4_1_1:moderate,0.000426,-,-,-,-,-,-,-,-,-,-,-,2.35496926379118e-11,35.305500813335,moderate
443,SPTG%NTE,0.0025,2,3,1e-06,1,0.18,0.92,0.001,0.0062,global-SPTG%NTE,CASSPTGSNTEAFF,TRBV18,TRBJ1-1,,su_cd4_VDJ_TCR_cd4_1193BW:HD,0.000352,-,-,-,-,-,-,-,-,-,-,-,1.08337578359039e-08,26.4598910109939,HD
443,SPTG%NTE,0.0025,2,3,1e-06,1,0.18,0.92,0.001,0.0062,global-SPTG%NTE,CASSPTGRNTEAFF,TRBV12-4,TRBJ1-1,,su_cd4_VDJ_TCR_cd4_1193BW:HD,0.000352,-,-,-,-,-,-,-,-,-,-,-,4.00120345555276e-09,27.8969188644294,HD
1442,SL%GTDT,0.09,2,2,1.5e-06,1,0.066,0.76,0.001,0.029,global-SL%GTDT,CASSLAGTDTQYF,TRBV5-4,TRBJ2-3,,su_cd4_VDJ_TCR_cd4_1193BW:HD,0.000352,-,-,-,-,-,-,-,-,-,-,-,7.82275621106547e-08,23.6077477536825,HD
391,RRTGT%E,0.0011,2,3,2.6e-08,1,0.17,0.024,0.001,0.0062,global-RRTGT%E,CASRRTGTGELFF,TRBV6-1,TRBJ2-2,,su_cd4_VDJ_TCR_cd4_2_1:severe,0.000306,-,-,-,-,-,-,-,-,-,-,-,6.77259431023612e-09,27.1376442754944,severe
391,RRTGT%E,0.0011,2,3,2.6e-08,1,0.17,0.024,0.001,0.0062,global-RRTGT%E,CASRRTGTYEQYF,TRBV12-4,TRBJ2-7,,su_cd4_VDJ_TCR_cd4_2_1:severe,0.000306,-,-,-,-,-,-,-,-,-,-,-,4.38504684069989e-09,27.7647606004874,severe
1410,SSG%G,0.012,5,4,1.1e-08,1,0.13,0.036,0.001,0.0023,global-SSG%G,CASSSGYGYTF,TRBV27,TRBJ1-2,,su_cd4_VDJ_TCR_cd4_2_1:severe,0.000306,-,-,-,-,-,-,-,-,-,-,-,1.2569072896924e-07,22.9236184246629,severe
1410,SSG%G,0.012,5,4,1.1e-08,1,0.13,0.036,0.001,0.0023,global-SSG%G,CASSSGFGQFF,TRBV7-3,TRBJ2-1,,su_cd4_VDJ_TCR_cd4_2_1:severe,0.000306,-,-,-,-,-,-,-,-,-,-,-,7.59221118887221e-11,33.6166889200926,severe
2042,S%GYG,0.027,4,4,4.6e-07,1,0.32,0.6,0.001,0.0023,global-S%GYG,CASSSGYGYTF,TRBV27,TRBJ1-2,,su_cd4_VDJ_TCR_cd4_2_1:severe,0.000306,-,-,-,-,-,-,-,-,-,-,-,1.2569072896924e-07,22.9236184246629,severe
2450,SLS%TDT,0.044,2,2,1.3e-07,1,0.065,0.067,0.001,0.029,global-SLS%TDT,CASSLSSTDTQYF,TRBV7-2,TRBJ2-3,,su_cd4_VDJ_TCR_cd4_2_1:severe,0.000306,-,-,-,-,-,-,-,-,-,-,-,1.82144244749693e-08,25.710343348439,severe
2530,SL%GTDT,0.051,2,3,3.2e-07,1,0.16,0.31,0.001,0.0062,global-SL%GTDT,CASSLMGTDTQYF,TRBV9,TRBJ2-3,,su_cd4_VDJ_TCR_cd4_2_1:severe,0.000306,-,-,-,-,-,-,-,-,-,-,-,1.40093384846708e-09,29.4109640200888,severe
2530,SL%GTDT,0.051,2,3,3.2e-07,1,0.16,0.31,0.001,0.0062,global-SL%GTDT,CASSLRGTDTQYF,TRBV12-3,TRBJ2-3,,su_cd4_VDJ_TCR_cd4_2_1:severe,0.000306,-,-,-,-,-,-,-,-,-,-,-,4.63033887402844e-08,24.3643069772786,severe
3042,S%TGMNTE,0.11,1,2,1.9e-06,1,0.066,1,0.001,0.029,global-S%TGMNTE,CASSRTGMNTEAFF,TRBV2,TRBJ1-1,,su_cd4_VDJ_TCR_cd4_2_1:severe,0.000306,-,-,-,-,-,-,-,-,-,-,-,8.19870270837205e-09,26.861957205751,severe
3042,S%TGMNTE,0.11,1,2,1.9e-06,1,0.066,1,0.001,0.029,global-S%TGMNTE,CASSSTGMNTEAFF,TRBV5-1,TRBJ1-1,,su_cd4_VDJ_TCR_cd4_2_1:severe,0.000306,-,-,-,-,-,-,-,-,-,-,-,2.62720888138337e-08,25.1818938497747,severe
