CASSVAYRGDEQFF	TRBV9	TRBJ2-1
CASSVAYRAGELFF	TRBV9	TRBJ2-2
CASSVAYRGTYNEQFF	TRBV9	TRBJ2-1
CASSVAYRGNEQYF	TRBV9	TRBJ2-7
CASSDSDDGDETQYF	TRBV11-2	TRBJ2-5
CASSDSDSTEAFF	TRBV6-4	TRBJ1-1
CASSDSDLNEQFF	TRBV6-4	TRBJ2-1
CATSDSDSLGYGYTF	TRBV24-1	TRBJ1-2
CASSDSDNTEAFF	TRBV6-4	TRBJ1-1
CASSDSDLLPGRDF	TRBV25-1	TRBJ2-7
CASSLGTGYEQYF	TRBV7-9	TRBJ2-7
CASSHGTGYEQYF	TRBV3-1	TRBJ2-7
CASSSGTGYEQYF	TRBV5-1	TRBJ2-7
CASSQGTGYEQYF	TRBV4-3	TRBJ2-7
CASSMGTGYEQYF	TRBV19	TRBJ2-7
CASSIGIPEAFF	TRBV12-4	TRBJ1-1
CASSIGIGIEQFF	TRBV19	TRBJ2-1
CASSIGISGYTF	TRBV19	TRBJ1-2
CASSIGIGTYEQYF	TRBV19	TRBJ2-1
CASSIGISGANVLTF	TRBV19	TRBJ2-6
CASSNRGGNEQYF	TRBV19	TRBJ2-7
CASSNRGGNIQYF	TRBV19	TRBJ2-4
CASSYTWGSNQPQHF	TRBV6-5	TRBJ1-5
CASSPTWGSNQPQHF	TRBV6-5	TRBJ1-5
CASSFKAGVLFNEQFF	TRBV5-8	TRBJ2-1
CASSFKAGVLFTEQFF	TRBV5-8	TRBJ2-1
CASSESTDTGELFF	TRBV10-1	TRBJ2-2
CASSEGTDTGELFF	TRBV6-4	TRBJ2-2
CASSIGQGIEAFF	TRBV19	TRBJ1-1
CASSIGIGIEQFF	TRBV19	TRBJ2-1
CASSEGQGASYEQYF	TRBV6-1	TRBJ2-7
CASSEGPGASYEQYF	TRBV2	TRBJ2-7
CASSLSRGLLNPQYF	TRBV27	TRBJ2-5
CASSLSRGLLNEQFF	TRBV27	TRBJ2-1
CSAGQQGTNEKLFF	TRBV29-1	TRBJ1-4
CASGRQGTNEKLFF	TRBV5-1	TRBJ1-4
CASSVAYRGDEQFF	TRBV9	TRBJ2-1
CASSVAYRGNEQYF	TRBV9	TRBJ2-7
CASSFGNTEAFF	TRBV7-6	TRBJ1-1
CASSLGNTEAFF	TRBV6-2	TRBJ1-1
CASSYGNTEAFF	TRBV28	TRBJ1-1
CASSMGNTEAFF	TRBV19	TRBJ1-1
CASSRGNTEAFF	TRBV7-9	TRBJ1-1
CASSEDMSSYEQYF	TRBV6-1	TRBJ2-7
CASSEDMRTGPIETQYF	TRBV6-1	TRBJ2-5
CASSEDMGSRRKQYF	TRBV2	TRBJ2-7
CASSDSDSTEAFF	TRBV6-4	TRBJ1-1
CASSDSDNTEAFF	TRBV6-4	TRBJ1-1
CASSQGALWEQFF	TRBV7-9	TRBJ2-1
CASSQGALGEQYF	TRBV7-9	TRBJ2-7
CASSFRDTFYEQYF	TRBV7-8	TRBJ2-7
CASSFRDFFYEQYF	TRBV28	TRBJ2-7
CSARDRTGNGYTF	TRBV20-1	TRBJ1-2
CSARDGTGNGYTF	TRBV20-1	TRBJ1-2
CASSDPGNSNQPQHF	TRBV25-1	TRBJ1-5
CASSDPGQSNQPQHF	TRBV19	TRBJ1-5
CASSLGQIEAFF	TRBV7-9	TRBJ1-1
CASSLGQIARDF	TRBV11-2	TRBJ2-7
CASSPGAGRYNEQFF	TRBV3-1	TRBJ2-1
CASSPPAGRYNEQFF	TRBV12-3	TRBJ2-1
CASSESYEQYF	TRBV10-2	TRBJ2-7
CASSYSYEQYF	TRBV6-2	TRBJ2-7
CASSASYEQYF	TRBV5-6	TRBJ2-7
CASSNSYEQYF	TRBV27	TRBJ2-7
CASSFSYEQYF	TRBV28	TRBJ2-7
CASRSGQGVETQYF	TRBV28	TRBJ2-5
CASGSGQGVETQYF	TRBV12-5	TRBJ2-5
CASSPQGPYYGYTF	TRBV28	TRBJ1-2
CASSPQGAYYGYTF	TRBV3-1	TRBJ1-2
CASSQEPSNEQFF	TRBV3-1	TRBJ2-1
CASSQEPSYEQYF	TRBV4-1	TRBJ2-7
CASSLEAGGREQYF	TRBV7-6	TRBJ2-7
CASSLEAGEREQFF	TRBV7-9	TRBJ2-1
CASSFLAAATDTQYF	TRBV5-6	TRBJ2-3
CASSFLAASTDTQYF	TRBV28	TRBJ2-3
CASSMGQGSYEQYF	TRBV19	TRBJ2-7
CASSMGQGSHEQYF	TRBV19	TRBJ2-7
CASSLWTSGKLQETQYF	TRBV7-2	TRBJ2-5
CASSLGQGKLQETQYF	TRBV7-9	TRBJ2-5
CASSPTSKLQETQYF	TRBV5-1	TRBJ2-5
CASSGPTGELFF	TRBV28	TRBJ2-2
CASSYPTGELFF	TRBV6-5	TRBJ2-2
CASSPPTGELFF	TRBV27	TRBJ2-2
CASSEGLDTGELFF	TRBV25-1	TRBJ2-2
CASSEGTDTGELFF	TRBV6-4	TRBJ2-2
CASSEELAKNIQYF	TRBV6-1	TRBJ2-4
CAWSEILAKNIQYF	TRBV30	TRBJ2-4
CASSFNTGELFF	TRBV12-4	TRBJ2-2
CASRFNTGELFF	TRBV5-1	TRBJ2-2
CASSQERGGQETQYF	TRBV4-2	TRBJ2-5
CASSQERGSQETQYF	TRBV4-2	TRBJ2-5
CASSESTDTGELFF	TRBV10-1	TRBJ2-2
CASSESPDTGELFF	TRBV6-1	TRBJ2-2
CASSFGTGNSPLHF	TRBV27	TRBJ1-6
CASSFGTGSSPLHF	TRBV5-1	TRBJ1-6
CSAKLYLSGSGYTF	TRBV20-1	TRBJ1-2
CASSLYLSGATYEQYF	TRBV7-9	TRBJ2-7
CASSLYLSGEDLAKNIQYF	TRBV7-9	TRBJ2-4
CSASLGVGAKNIQYF	TRBV20-1	TRBJ2-4
CASSLAVGAKNIQYF	TRBV6-5	TRBJ2-4
CASSYSVDVQPQHF	TRBV6-2	TRBJ1-5
CASRVDVQPGELFF	TRBV12-4	TRBJ2-2
CSAREAPGGDVQPQHF	TRBV20-1	TRBJ1-5
CASSLVNEQFF	TRBV7-3	TRBJ2-1
CASSRVNEQFF	TRBV4-1	TRBJ2-1
CASSSVNEQFF	TRBV12-4	TRBJ2-1
CATSDGVNEQFF	TRBV24-1	TRBJ2-1
CASSDGVTYNEQFF	TRBV10-2	TRBJ2-1
CASSDGVYEQYF	TRBV10-1	TRBJ2-7
CASSDGVAKNIQYF	TRBV7-9	TRBJ2-4
CSVGQGGTNEKLFF	TRBV29-1	TRBJ1-4
CSAGQQGTNEKLFF	TRBV29-1	TRBJ1-4
CASSLANTEAFF	TRBV7-9	TRBJ1-1
CASTLANTEAFF	TRBV6-2	TRBJ1-1
CATSDGVNEQFF	TRBV24-1	TRBJ2-1
CASSDGVYEQYF	TRBV10-1	TRBJ2-7
CSVAGGAYNEQFF	TRBV29-1	TRBJ2-1
CSAAGGAANEQFF	TRBV20-1	TRBJ2-1
CASSLVGPTDTQYF	TRBV7-2	TRBJ2-3
CASSLVYPTDTQYF	TRBV5-1	TRBJ2-3
CASSTASGSYNEQFF	TRBV6-1	TRBJ2-1
CASSTTSGSYNEQFF	TRBV19	TRBJ2-1
CASSVAGQGTDTQYF	TRBV2	TRBJ2-3
CSASVAGAGTDTQYF	TRBV20-1	TRBJ2-3
CASRNPNRSYQPQHF	TRBV6-2	TRBJ1-5
CASSPNRSYGYTF	TRBV6-5	TRBJ1-2
CASGLELYNRSYEQYF	TRBV12-5	TRBJ2-7
CASSLSGRSDTQYF	TRBV7-3	TRBJ2-3
CASSLSGYSDTQYF	TRBV7-8	TRBJ2-3
CASRPGLAVDEQFF	TRBV6-6	TRBJ2-1
CASRPGLAVYEQYF	TRBV6-6	TRBJ2-7
CASSPRTGTNTGELFF	TRBV19	TRBJ2-2
CASSPRTGANTGELFF	TRBV7-2	TRBJ2-2
CASSEGQGGTEAFF	TRBV6-5	TRBJ1-1
CASSEGQGGYEQYF	TRBV2	TRBJ2-7
CSVGQGGTNEKLFF	TRBV29-1	TRBJ1-4
CSVGSGGTNEKLFF	TRBV29-1	TRBJ1-4
CASSFGDSLEQYF	TRBV27	TRBJ2-7
CASSFGDSWEQYF	TRBV28	TRBJ2-7
CASSSGTGNTEAFF	TRBV19	TRBJ1-1
CASSLGTGNTEAFF	TRBV13	TRBJ1-1
CASSPGTGNTEAFF	TRBV18	TRBJ1-1
CASSQRGSGELFF	TRBV5-6	TRBJ2-2
CASSQDGSGELFF	TRBV4-3	TRBJ2-2
CASSLGVAGSYEQYF	TRBV6-5	TRBJ2-7
CASSLGVAGSDEQYF	TRBV4-2	TRBJ2-7
CASSYGDTYNEQFF	TRBV6-2	TRBJ2-1
CASSYGGTYNEQFF	TRBV6-2	TRBJ2-1
CASSLSGELFF	TRBV13	TRBJ2-2
CASSLTGEAFF	TRBV6-2	TRBJ1-1
CASSLGGELFF	TRBV12-4	TRBJ2-2
CASSLTGELFF	TRBV7-6	TRBJ2-2
CASSQDGDVGELFF	TRBV3-1	TRBJ2-2
CASRLAGDVGELFF	TRBV6-2	TRBJ2-2
CASSVDVGEETQYF	TRBV9	TRBJ2-5
CAWSDVGEQYF	TRBV30	TRBJ2-7
CASSIGTYGYTF	TRBV19	TRBJ1-2
CASTSIGTYNEQFF	TRBV19	TRBJ2-1
CASSIGIGTYEQYF	TRBV19	TRBJ2-1
CASSIDRIGTYSNQPQHF	TRBV19	TRBJ1-5
CASSPWTGNNEQFF	TRBV9	TRBJ2-1
CASSVWTGNNEQFF	TRBV2	TRBJ2-1
CASSLDSYNEQFF	TRBV13	TRBJ2-1
CASSLDSYREAFF	TRBV7-9	TRBJ1-1
CSARVRENTEAFF	TRBV20-1	TRBJ1-1
CSGGVRENTEAFF	TRBV29-1	TRBJ1-1
CASSLSSGGDNEQFF	TRBV13	TRBJ2-1
CASSLTSGGDNEQFF	TRBV27	TRBJ2-1
CASSDPQGYGYTF	TRBV28	TRBJ1-2
CAWSGPQGYGYTF	TRBV30	TRBJ1-2
CASSLTSPYEQYF	TRBV7-9	TRBJ2-7
CASSPTSPYEQYF	TRBV7-6	TRBJ2-7
CAWASFGENTGELFF	TRBV30	TRBJ2-2
CASSEFGENTEAFF	TRBV25-1	TRBJ1-1
CASSNPFGENYGYTF	TRBV19	TRBJ1-2
CAWSPGGEKLFF	TRBV30	TRBJ1-4
CASSPGGETQYF	TRBV28	TRBJ2-5
CASSPGLAVYEQYF	TRBV19	TRBJ2-7
CASRPGLAVYEQYF	TRBV6-6	TRBJ2-7
CASSFGQDQPQHF	TRBV13	TRBJ1-5
CASSFGLDQPQHF	TRBV7-9	TRBJ1-5
CATSDPVLGYGYTF	TRBV24-1	TRBJ1-2
CASSDPVTDQPQHF	TRBV2	TRBJ1-5
CASSDPVGSSPLHF	TRBV6-2	TRBJ1-6
CASSLDGLGNEQFF	TRBV28	TRBJ2-1
CASSLQGLGNEQFF	TRBV19	TRBJ2-1
CAISEGPPGELFF	TRBV10-3	TRBJ2-2
CASSLGPPGELFF	TRBV5-5	TRBJ2-2
CASSLDLGSYEQYF	TRBV5-4	TRBJ2-7
CASSLGLGSYEQYF	TRBV7-3	TRBJ2-7
CSARRGANTGELFF	TRBV20-1	TRBJ2-2
CATRRGADTGELFF	TRBV6-1	TRBJ2-2
CASSQADYEQYF	TRBV4-2	TRBJ2-7
CASSQTDYEQYF	TRBV13	TRBJ2-7
CASSSGAINEQFF	TRBV6-4	TRBJ2-1
CASSSGAYNEQFF	TRBV5-4	TRBJ2-1
CASSSGDSYEQYF	TRBV7-6	TRBJ2-7
CASSKGDSYEQYF	TRBV7-9	TRBJ2-7
CASSLGDSYEQYF	TRBV11-2	TRBJ2-7
CASSQDLYEQYF	TRBV4-2	TRBJ2-7
CASSQGLYEQYF	TRBV28	TRBJ2-7
CASSLRDRVHEQYF	TRBV2	TRBJ2-7
CASSLRDRVYEQYF	TRBV28	TRBJ2-7
CASSDSDSTEAFF	TRBV6-4	TRBJ1-1
CSVELPDSDSNQPQHF	TRBV29-1	TRBJ1-5
CATSDSDSLGYGYTF	TRBV24-1	TRBJ1-2
CASSGDSDSCTEAFF	TRBV19	TRBJ1-1
CASSGQNTEAFF	TRBV2	TRBJ1-1
CASSGQGTEAFF	TRBV12-4	TRBJ1-1
CSARDLAGGYEQYF	TRBV20-1	TRBJ2-7
CSARDLLGGYEQYF	TRBV20-1	TRBJ2-7
CASSGTAAYEQYF	TRBV6-1	TRBJ2-7
CASSGGAAYEQYF	TRBV4-3	TRBJ2-7
CASSTGRSQHF	TRBV19	TRBJ1-5
CASSTGREAFF	TRBV27	TRBJ1-1
CASSLGFAYEQYF	TRBV27	TRBJ2-7
CASSLGQAYEQYF	TRBV7-8	TRBJ2-7
CASSLGGAYEQYF	TRBV2	TRBJ2-7
CASSLGGAYEQYF	TRBV6-5	TRBJ2-7
CASSRGGDTDTQYF	TRBV6-1	TRBJ2-3
CASSGGGDTDTQYF	TRBV6-4	TRBJ2-3
CASSLGQNTEAFF	TRBV6-5	TRBJ1-1
CASSLGQNTEAFF	TRBV11-3	TRBJ1-1
CASSLGQNTEAFF	TRBV28	TRBJ1-1
CASSLGQNNEQFF	TRBV12-3	TRBJ2-1
CASSPGSPYEQYF	TRBV7-8	TRBJ2-7
CASSPTSPYEQYF	TRBV7-6	TRBJ2-7
CASSSSTGYEQYF	TRBV19	TRBJ2-7
CASSSGTGYEQYF	TRBV5-1	TRBJ2-7
CASSLRGPYEQYF	TRBV27	TRBJ2-7
CASSLRVPYEQYF	TRBV27	TRBJ2-7
CASSLAIGGGETQYF	TRBV7-8	TRBJ2-5
CASSLAAGGGETQYF	TRBV11-2	TRBJ2-5
CASSDPISSYNEQFF	TRBV2	TRBJ2-1
CSTSDPISYEQYF	TRBV24-1	TRBJ2-7
CATSDPIAGGYNEQFF	TRBV24-1	TRBJ2-1
CASSLGYNEQFF	TRBV11-2	TRBJ2-1
CASSLGYNGYTF	TRBV7-9	TRBJ1-2
CSARGRTSEVAEQYF	TRBV20-1	TRBJ2-7
CASSETSEVYNEQFF	TRBV6-5	TRBJ2-1
CASSSKAGTSEVHEQFF	TRBV9	TRBJ2-1
CASSWTLDRRTYEQYF	TRBV19	TRBJ2-7
CASSWTLGPSGRYDEQYF	TRBV5-8	TRBJ2-7
CASSWTLNTEAFF	TRBV5-1	TRBJ1-1
CASSLGTAPYEQYF	TRBV5-6	TRBJ2-7
CASSLGTGPYEQYF	TRBV5-5	TRBJ2-7
CASSLNGGYEQYF	TRBV7-2	TRBJ2-7
CASSLEGGYEQYF	TRBV7-6	TRBJ2-7
CASSLTGGYEQYF	TRBV27	TRBJ2-7
CASSWGQTYEQYF	TRBV7-2	TRBJ2-7
CASSWGQSYEQYF	TRBV6-2	TRBJ2-7
CASSSPRGSYEQYF	TRBV13	TRBJ2-7
CASSSPAGSYEQYF	TRBV7-8	TRBJ2-7
CAISNWGYEQYF	TRBV10-3	TRBJ2-7
CASSFWGYEQYF	TRBV12-3	TRBJ2-7
CASSLGPEAFF	TRBV7-9	TRBJ1-1
CASSLGYEQYF	TRBV7-2	TRBJ2-7
CATSLGSEQYF	TRBV15	TRBJ2-7
CASSLGGELFF	TRBV12-4	TRBJ2-2
CASSLGVGSYEQYF	TRBV18	TRBJ2-7
CASSLGSGSYEQYF	TRBV5-1	TRBJ2-7
CASSLGLGSYEQYF	TRBV7-3	TRBJ2-7
CASSYEGLGYGYTF	TRBV6-5	TRBJ1-2
CASSYEGLPNTGELFF	TRBV6-5	TRBJ2-2
CASSYEGLSYNEQFF	TRBV27	TRBJ2-1
CASSPGLAGGEQFF	TRBV11-1	TRBJ2-1
CSATPGLAGGEQYF	TRBV20-1	TRBJ2-7
CASSLTAYNEQFF	TRBV27	TRBJ2-1
CASSLTGYNEQFF	TRBV28	TRBJ2-1
CASRANSNQPQHF	TRBV6-5	TRBJ1-5
CASRAGSNQPQHF	TRBV2	TRBJ1-5
CAWSGTGAYEQYF	TRBV30	TRBJ2-7
CASSGTAAYEQYF	TRBV6-1	TRBJ2-7
CAWSVGLEAFF	TRBV30	TRBJ1-1
CASSVGTEAFF	TRBV2	TRBJ1-1
CASSVGGELFF	TRBV9	TRBJ2-2
CASSPNSYEQYF	TRBV25-1	TRBJ2-7
CSVVPNSYEQYF	TRBV29-1	TRBJ2-7
CATSWDTGELFF	TRBV24-1	TRBJ2-2
CASSWYTGELFF	TRBV19	TRBJ2-2
CASSPPADTQYF	TRBV18	TRBJ2-3
CASSPPPDTQYF	TRBV11-2	TRBJ2-3
CASIGAGGAFF	TRBV2	TRBJ1-1
CSAPGAGGYTF	TRBV20-1	TRBJ1-2
CASSLGGPGEQYF	TRBV5-4	TRBJ2-7
CASSLGPPGELFF	TRBV5-5	TRBJ2-2
CASSSGDEQYF	TRBV13	TRBJ2-7
CSASSGDGYTF	TRBV20-1	TRBJ1-2
CASSLGLAGVTDTQYF	TRBV7-3	TRBJ2-3
CATSKGLAGVTDTQYF	TRBV15	TRBJ2-3
CASSLLVGTDTQYF	TRBV27	TRBJ2-3
CASSLLSGTDTQYF	TRBV5-1	TRBJ2-3
CASSYSTYNEQFF	TRBV7-6	TRBJ2-1
CASSFSTYNEQFF	TRBV27	TRBJ2-1
CASSADGMNTEAFF	TRBV10-2	TRBJ1-1
CASSGDGMNTEAFF	TRBV10-2	TRBJ1-1
CASSYRGLSYEQYF	TRBV27	TRBJ2-7
CASSYRGRSYEQYF	TRBV6-5	TRBJ2-7
CASSLGLGGYEQYF	TRBV5-5	TRBJ2-7
CASSLGLGSYEQYF	TRBV7-3	TRBJ2-7
CSATGGGDTEAFF	TRBV29-1	TRBJ1-1
CSAGGGGDTEAFF	TRBV20-1	TRBJ1-1
CASSWTLNTEAFF	TRBV5-1	TRBJ1-1
CSASWGLNTEAFF	TRBV20-1	TRBJ1-1
CASSQGRNTEAFF	TRBV4-1	TRBJ1-1
CAYGQGRNTEAFF	TRBV30	TRBJ1-1
CASSLGPNTEAFF	TRBV7-9	TRBJ1-1
CASSLGENTEAFF	TRBV6-4	TRBJ1-1
CASSLGQNTEAFF	TRBV6-5	TRBJ1-1
CASSLGQNTEAFF	TRBV11-3	TRBJ1-1
CASSLGQNTEAFF	TRBV28	TRBJ1-1
CASSRRVGEQYF	TRBV7-9	TRBJ2-7
CASSRRDGEQYF	TRBV6-5	TRBJ2-7
CATGTGDSNQPQHF	TRBV10-3	TRBJ1-5
CAISTGDSNQPQHF	TRBV10-3	TRBJ1-5
CASSLVGTEAFF	TRBV7-9	TRBJ1-1
CASSLVPTEAFF	TRBV11-2	TRBJ1-1
CASSLPGNEQFF	TRBV7-9	TRBJ2-1
CASSLAGNEQYF	TRBV5-6	TRBJ2-7
CASSLGGNEAFF	TRBV27	TRBJ1-1
CASSLGYNEQFF	TRBV11-2	TRBJ2-1
CASSLGGNEAFF	TRBV27	TRBJ1-1
CASSLGVNEQFF	TRBV6-2	TRBJ2-1
CASSSRTGSYEQYF	TRBV27	TRBJ2-7
CASSSGTGSYEQYF	TRBV7-8	TRBJ2-7
CATSEDRAGANVLTF	TRBV15	TRBJ2-6
CATSRDRAGANVLTF	TRBV15	TRBJ2-6
CASSLQASYEQYF	TRBV28	TRBJ2-7
CASSLQRSYEQYF	TRBV12-3	TRBJ2-7
CASSASNEQFF	TRBV13	TRBJ2-1
CASSASYEQYF	TRBV5-6	TRBJ2-7
CASSQGTGSYGYTF	TRBV13	TRBJ1-2
CASSQGTGQYGYTF	TRBV4-3	TRBJ1-2
CASSPWRGGTDTQYF	TRBV3-1	TRBJ2-3
CASSPERGGTDTQYF	TRBV18	TRBJ2-3
CASSLGGNEAFF	TRBV27	TRBJ1-1
CASTLGGNEQFF	TRBV12-4	TRBJ2-1
CTSSSGYGYTF	TRBV20-1	TRBJ1-2
CASSSGYEQYF	TRBV7-2	TRBJ2-7
CASSASGGTDTQYF	TRBV6-4	TRBJ2-3
CASSASGSTDTQYF	TRBV6-5	TRBJ2-3
CASSGSGEQFF	TRBV7-9	TRBJ2-1
CASSLSGELFF	TRBV13	TRBJ2-2
CASSISGEQYF	TRBV19	TRBJ2-7
CASSEGANYEQYF	TRBV2	TRBJ2-7
CASSEGASYEQYF	TRBV6-1	TRBJ2-7
CASSFGGNYGYTF	TRBV6-2	TRBJ1-2
CASSFQGNYGYTF	TRBV13	TRBJ1-2
CASSSVNEQFF	TRBV12-4	TRBJ2-1
CASSSVHEQYF	TRBV11-3	TRBJ2-7
CASSFGSTGELFF	TRBV7-2	TRBJ2-2
CASSFGDTGELFF	TRBV27	TRBJ2-2
CASSLGSGGSYEQYF	TRBV7-2	TRBJ2-7
CASSLGAGGSYEQYF	TRBV7-7	TRBJ2-7
CSARQINTGELFF	TRBV20-1	TRBJ2-2
CATRQGNTGELFF	TRBV24-1	TRBJ2-2
CASSSGGNTEAFF	TRBV11-3	TRBJ1-1
CASSVGGNTEAFF	TRBV9	TRBJ1-1
CASSFGGNTEAFF	TRBV5-5	TRBJ1-1
CATSDRSEQFF	TRBV6-6	TRBJ2-1
CASSDRREAFF	TRBV6-1	TRBJ1-1
CASSPPADTQYF	TRBV18	TRBJ2-3
CASSPRADTQYF	TRBV27	TRBJ2-3
CASSLGQNNEQFF	TRBV12-3	TRBJ2-1
CASSLGGNNEQFF	TRBV7-3	TRBJ2-1
CASSELAGGPDTQYF	TRBV6-1	TRBJ2-3
CASSELAGGPDTQYF	TRBV6-1	TRBJ2-3
CASSELAGGPDTQYF	TRBV6-1	TRBJ2-3
CASSFLAGGPDTQYF	TRBV5-4	TRBJ2-3
CASRDRMNTEAFF	TRBV6-4	TRBJ1-1
CATSDRMNTEAFF	TRBV24-1	TRBJ1-1
CASSLQASYEQYF	TRBV28	TRBJ2-7
CASSLTASYEQYF	TRBV11-3	TRBJ2-7
CASSLEQGYYEQYF	TRBV5-4	TRBJ2-7
CASSLEQGSYEQYF	TRBV11-2	TRBJ2-7
CASSSGDGSYEQYF	TRBV11-2	TRBJ2-7
CASSSGTGSYEQYF	TRBV7-8	TRBJ2-7
CASSFEGETQYF	TRBV12-4	TRBJ2-5
CASSYEGETQYF	TRBV6-6	TRBJ2-5
CASSPGTSSYNEQFF	TRBV5-6	TRBJ2-1
CASSPGTSDYNEQFF	TRBV6-6	TRBJ2-1
CASSLGQGANNEQFF	TRBV11-2	TRBJ2-1
CASSLGQGAINEQFF	TRBV7-9	TRBJ2-1
CASSRPANTEAFF	TRBV6-5	TRBJ1-1
CASSRTANTEAFF	TRBV3-1	TRBJ1-1
CASGSNEQFF	TRBV5-6	TRBJ2-1
CASGHNEQFF	TRBV4-1	TRBJ2-1
CASGLNEQFF	TRBV12-4	TRBJ2-1
CASGLNEQFF	TRBV28	TRBJ2-1
CAISPDSSNQPQHF	TRBV10-3	TRBJ1-5
CASSLDSSNQPQHF	TRBV7-9	TRBJ1-5
CASSLSGEETQYF	TRBV7-9	TRBJ2-5
CASSLSGTETQYF	TRBV28	TRBJ2-5
CASSPSGSYNEQFF	TRBV7-6	TRBJ2-1
CASSISGSYNEQFF	TRBV19	TRBJ2-1
CASSVDTNTEAFF	TRBV9	TRBJ1-1
CASSVDPNTEAFF	TRBV9	TRBJ1-1
CASRGDSEQFF	TRBV11-3	TRBJ2-1
CASRGDTEAFF	TRBV2	TRBJ1-1
CASSFSGGNEQYF	TRBV5-1	TRBJ2-7
CASSYSGGNEQFF	TRBV6-5	TRBJ2-1
CASSSTGSYEQYF	TRBV10-1	TRBJ2-7
CASSSTSSYEQYF	TRBV12-3	TRBJ2-7
CASSLGRGPYEQYF	TRBV6-5	TRBJ2-7
CASSLGTGPYEQYF	TRBV5-5	TRBJ2-7
CAAGNYEQYF	TRBV27	TRBJ2-7
CASRNYEQYF	TRBV6-2	TRBJ2-7
CASSPGNEQFF	TRBV18	TRBJ2-1
CASSPGHEQYF	TRBV5-1	TRBJ2-7
CASSPGDEQYF	TRBV25-1	TRBJ2-7
CASSLGYEQYF	TRBV7-2	TRBJ2-7
CASSLRYEQYF	TRBV28	TRBJ2-7
CASSLDYEQYF	TRBV7-8	TRBJ2-7
CASSGGTEQFF	TRBV5-1	TRBJ2-1
CAARGGTEAFF	TRBV6-5	TRBJ1-1
CAWTGGTEAFF	TRBV30	TRBJ1-1
CASSVGGGTEAFF	TRBV9	TRBJ1-1
CASSVGAGTEAFF	TRBV9	TRBJ1-1
CATSRDSSGANVLTF	TRBV15	TRBJ2-6
CASSEDSSGANVLTF	TRBV6-4	TRBJ2-6
CSVSGTGGDEQYF	TRBV29-1	TRBJ2-7
CATSGTGGYEQYF	TRBV24-1	TRBJ2-7
CASSVGTGLYEQYF	TRBV9	TRBJ2-7
CATSMGTGLYEQYF	TRBV15	TRBJ2-7
CASSSTGGADTQYF	TRBV11-2	TRBJ2-3
CASSRTGGADTQYF	TRBV4-1	TRBJ2-3
CASGLNEQFF	TRBV12-4	TRBJ2-1
CASGLNEQFF	TRBV28	TRBJ2-1
CASSLNEQFF	TRBV2	TRBJ2-1
CASSLANTEAFF	TRBV7-9	TRBJ1-1
CASSLALTEQYF	TRBV4-2	TRBJ2-7
CASSPSGNYNEQFF	TRBV4-1	TRBJ2-1
CASSPSGSYNEQFF	TRBV7-6	TRBJ2-1
CAWSFGGITEAFF	TRBV30	TRBJ1-1
CASSFGGNTEAFF	TRBV5-5	TRBJ1-1
CASSRGGTGELFF	TRBV12-3	TRBJ2-2
CASSRGFTGELFF	TRBV12-4	TRBJ2-2
CASSLVGQPQHF	TRBV7-8	TRBJ1-5
CASSLSGQPQHF	TRBV28	TRBJ1-5
CASSLAIDEQFF	TRBV13	TRBJ2-1
CASSLAQDEQFF	TRBV7-6	TRBJ2-1
CSARAGGYEQYF	TRBV20-1	TRBJ2-7
CASRAGGTEQFF	TRBV2	TRBJ2-1
CASSSGGNTEAFF	TRBV11-3	TRBJ1-1
CASSSGGHTEAFF	TRBV12-4	TRBJ1-1
CASSLGLAGVTDTQYF	TRBV7-3	TRBJ2-3
CASSLGLAGSTDTQYF	TRBV7-3	TRBJ2-3
CASSLSGHSYNEQFF	TRBV9	TRBJ2-1
CASSLSGSSYNEQFF	TRBV7-6	TRBJ2-1
CASSLRGPYEQYF	TRBV27	TRBJ2-7
CASSDRGPYEQYF	TRBV3-1	TRBJ2-7
CASSDSGVEQFF	TRBV6-1	TRBJ2-1
CASSDSGTEQFF	TRBV6-5	TRBJ2-1
CASSRGQGTGELFF	TRBV27	TRBJ2-2
CASSSGQGTGELFF	TRBV12-3	TRBJ2-2
CASSFQGSEQFF	TRBV5-6	TRBJ2-1
CASSLQGSEAFF	TRBV5-1	TRBJ1-1
CASSTGISNQPQHF	TRBV19	TRBJ1-5
CAISTGDSNQPQHF	TRBV10-3	TRBJ1-5
CASSFGGNTEAFF	TRBV5-5	TRBJ1-1
CASSFSGNTEAFF	TRBV27	TRBJ1-1
CASSYSVGNEQFF	TRBV6-2	TRBJ2-1
CASSYSGGNEQFF	TRBV6-5	TRBJ2-1
CASSPGLAVYNEQFF	TRBV3-1	TRBJ2-1
CASSPGLAGYNEQFF	TRBV18	TRBJ2-1
CASSVDPNTEAFF	TRBV9	TRBJ1-1
CASSSDPNTEAFF	TRBV7-8	TRBJ1-1
CASSPTSGGYNEQFF	TRBV12-4	TRBJ2-1
CASSPTSGSYNEQFF	TRBV6-4	TRBJ2-1
CASSPAGSTDTQYF	TRBV6-4	TRBJ2-3
CASSPSGSTDTQYF	TRBV11-1	TRBJ2-3
CSAREGSYEQYF	TRBV20-1	TRBJ2-7
CSAREYSYEQYF	TRBV20-1	TRBJ2-7
CASSPPTGELFF	TRBV27	TRBJ2-2
CASSPPAGELFF	TRBV12-3	TRBJ2-2
CASSVGGRQPQHF	TRBV2	TRBJ1-5
CASSVGGSQPQHF	TRBV6-1	TRBJ1-5
CASSLDRYEQYF	TRBV5-6	TRBJ2-7
CASSFDRYEQYF	TRBV5-6	TRBJ2-7
CASRTDSSYEQYF	TRBV11-2	TRBJ2-7
CASRGDSSYEQYF	TRBV27	TRBJ2-7
CASSVGTGLYEQYF	TRBV9	TRBJ2-7
CASSVGTGVYEQYF	TRBV9	TRBJ2-7
CASSLGENTEAFF	TRBV6-4	TRBJ1-1
CASSLIENTEAFF	TRBV27	TRBJ1-1
CASSLGGTGELFF	TRBV5-1	TRBJ2-2
CASSLGGPGEQYF	TRBV5-4	TRBJ2-7
CASSSQDEQYF	TRBV19	TRBJ2-7
CASSSGDEQYF	TRBV13	TRBJ2-7
CASSLGVDEQYF	TRBV5-1	TRBJ2-7
CASSLGVNEQFF	TRBV6-2	TRBJ2-1
CATSPRGTEAFF	TRBV19	TRBJ1-1
CASSPRGIEQFF	TRBV7-9	TRBJ2-1
CASSLGQFTEAFF	TRBV13	TRBJ1-1
CASSLGQNTEAFF	TRBV6-5	TRBJ1-1
CASSLGQNTEAFF	TRBV11-3	TRBJ1-1
CASSLGQNTEAFF	TRBV28	TRBJ1-1
CASSDPNTEAFF	TRBV25-1	TRBJ1-1
CASSQPNTEAFF	TRBV6-5	TRBJ1-1
CASSLGGTGELFF	TRBV5-1	TRBJ2-2
CASSRGGTGELFF	TRBV12-3	TRBJ2-2
CASRDRMNTEAFF	TRBV6-4	TRBJ1-1
CASRDSMNTEAFF	TRBV19	TRBJ1-1
CASSGTSTDTQYF	TRBV6-4	TRBJ2-3
CASSGTSTDTQYF	TRBV6-4	TRBJ2-3
CSVPGTSTDTQYF	TRBV29-1	TRBJ2-3
CASSPGTGAEQYF	TRBV19	TRBJ2-7
CASSPGTGFEQFF	TRBV6-1	TRBJ2-1
CASSFSETQYF	TRBV12-3	TRBJ2-5
CASSFGETQYF	TRBV12-4	TRBJ2-5
CASSSGLAGYEQYF	TRBV28	TRBJ2-7
CASSSGLAGDEQYF	TRBV5-1	TRBJ2-7
CASSLGNTGELFF	TRBV5-4	TRBJ2-2
CASSLGGTGELFF	TRBV5-1	TRBJ2-2
CAWSVSSEQYF	TRBV30	TRBJ2-7
CAWSVSPEQYF	TRBV30	TRBJ2-7
CASSETGDEQYF	TRBV5-1	TRBJ2-7
CASSPTGDEQYF	TRBV12-4	TRBJ2-7
CAMGDSYEQYF	TRBV7-9	TRBJ2-7
CAVGDLYEQYF	TRBV19	TRBJ2-7
CASSLTFYEQYF	TRBV12-4	TRBJ2-7
CASSLTSYEQYF	TRBV7-9	TRBJ2-7
CASSFNYEQYF	TRBV7-8	TRBJ2-7
CASSFSYEQYF	TRBV28	TRBJ2-7
CAAGNYEQYF	TRBV27	TRBJ2-7
CASGNTEAFF	TRBV7-9	TRBJ1-1
CASSARTGELFF	TRBV9	TRBJ2-2
CASSVRTGELFF	TRBV9	TRBJ2-2
CASSDGLAGYEQYF	TRBV2	TRBJ2-7
CASSSGLAGYEQYF	TRBV28	TRBJ2-7
CASSLGNTGELFF	TRBV5-4	TRBJ2-2
CASSLRNTGELFF	TRBV12-4	TRBJ2-2
CASSPGTGNTEAFF	TRBV18	TRBJ1-1
CASSPGTGVTEAFF	TRBV4-1	TRBJ1-1
CATSDGVNEQFF	TRBV24-1	TRBJ2-1
CASSLGVNEQFF	TRBV6-2	TRBJ2-1
CASSEGLAAYNEQFF	TRBV7-9	TRBJ2-1
CASSLGLAAYNEQFF	TRBV7-7	TRBJ2-1
CASSSGGNTEAFF	TRBV11-3	TRBJ1-1
CASSSWGNTEAFF	TRBV6-5	TRBJ1-1
CASSLGNTEAFF	TRBV6-2	TRBJ1-1
CASRLGNTEAFF	TRBV6-2	TRBJ1-1
CASSLDRNEQYF	TRBV28	TRBJ2-7
CASSLDRYEQYF	TRBV5-6	TRBJ2-7
CAWSLVYNEQFF	TRBV30	TRBJ2-1
CASSLGYNEQFF	TRBV11-2	TRBJ2-1
CSARDFGSYEQYF	TRBV20-1	TRBJ2-7
CASRDRGSYEQYF	TRBV6-5	TRBJ2-7
CASSLGTGYEQYF	TRBV7-9	TRBJ2-7
CASSLGTSYEQFF	TRBV12-4	TRBJ2-1
CASSLGAGNTEAFF	TRBV11-3	TRBJ1-1
CASSLGTGNTEAFF	TRBV13	TRBJ1-1
CASSTGSYGYTF	TRBV19	TRBJ1-2
CASSTGAYGYTF	TRBV19	TRBJ1-2
CAWSLVYNEQFF	TRBV30	TRBJ2-1
CAWSWVYNEQFF	TRBV30	TRBJ2-1
CASSLGGNQPQHF	TRBV12-4	TRBJ1-5
CASSLGGNQPQHF	TRBV27	TRBJ1-5
CASSLGGNQPQHF	TRBV13	TRBJ1-5
CASSLGGNQPQHF	TRBV5-6	TRBJ1-5
CASSLGFNQPQHF	TRBV7-6	TRBJ1-5
CASSSGAGYEQYF	TRBV5-6	TRBJ2-7
CASSSGTGYEQYF	TRBV5-1	TRBJ2-7
CASSSDSSYNEQFF	TRBV6-2	TRBJ2-1
CASSSDSSYNEQFF	TRBV5-5	TRBJ2-1
CASSWDSSYNEQFF	TRBV6-2	TRBJ2-1
CASSQGYGYTF	TRBV14	TRBJ1-2
CASSQGAGEYF	TRBV14	TRBJ2-3
CASSASGGTDTQYF	TRBV6-4	TRBJ2-3
CASSLSGGTDTQYF	TRBV27	TRBJ2-3
CASSSGGNTEAFF	TRBV11-3	TRBJ1-1
CASSSGQNTEAFF	TRBV28	TRBJ1-1
CASSETSSYEQYF	TRBV6-1	TRBJ2-7
CASSSTSSYEQYF	TRBV12-3	TRBJ2-7
CASSRTSTDTQYF	TRBV5-4	TRBJ2-3
CASSGTSTDTQYF	TRBV6-4	TRBJ2-3
CASSGTSTDTQYF	TRBV6-4	TRBJ2-3
CASSLSDTQYF	TRBV28	TRBJ2-3
CASSGSDTQYF	TRBV2	TRBJ2-3
CASSDLLPNTEAFF	TRBV4-3	TRBJ1-1
CASSDSDLLPGRDF	TRBV25-1	TRBJ2-7
CASSLAGGMDTQYF	TRBV28	TRBJ2-3
CASSLAGGTDTQYF	TRBV6-4	TRBJ2-3
CASSLDYEQYF	TRBV7-8	TRBJ2-7
CAWSLDSETYF	TRBV30	TRBJ1-2
CASSVGGGTEAFF	TRBV9	TRBJ1-1
CASSVGGNTEAFF	TRBV9	TRBJ1-1
CASSPTSGSYNEQFF	TRBV6-4	TRBJ2-1
CASSTTSGSYNEQFF	TRBV19	TRBJ2-1
CASSPGTGDNEQFF	TRBV6-6	TRBJ2-1
CASSPGTGLNEQFF	TRBV7-9	TRBJ2-1
CASSGGTGPYEQYF	TRBV6-1	TRBJ2-7
CASSLGTGPYEQYF	TRBV5-5	TRBJ2-7
CAWSLDSETYF	TRBV30	TRBJ1-2
CATSLGSEQYF	TRBV15	TRBJ2-7
CASSLGQNTEAFF	TRBV6-5	TRBJ1-1
CASSLGQNTEAFF	TRBV11-3	TRBJ1-1
CASSLGQNTEAFF	TRBV28	TRBJ1-1
CASSSGQNTEAFF	TRBV28	TRBJ1-1
CASSPSGSTDTQYF	TRBV11-1	TRBJ2-3
CASSASGSTDTQYF	TRBV6-5	TRBJ2-3
CASSLGGTGELFF	TRBV5-1	TRBJ2-2
CASSLQGTGELFF	TRBV27	TRBJ2-2
CASSPTGTEAFF	TRBV9	TRBJ1-1
CATSPRGTEAFF	TRBV19	TRBJ1-1
CASSSGYEQYF	TRBV7-2	TRBJ2-7
CASSLGYEQYF	TRBV7-2	TRBJ2-7
CASSGGYEQYF	TRBV6-1	TRBJ2-7
CASSLGGNNEQFF	TRBV7-3	TRBJ2-1
CASSLGGVNEQFF	TRBV19	TRBJ2-1
CASSGTSTDTQYF	TRBV6-4	TRBJ2-3
CASSGTSTDTQYF	TRBV6-4	TRBJ2-3
CASSGRSTDTQYF	TRBV19	TRBJ2-3
CASSFSGSYEQYF	TRBV27	TRBJ2-7
CATSPSGSYEQYF	TRBV15	TRBJ2-7
CAWSVPGGTEAFF	TRBV30	TRBJ1-1
CASSVGGGTEAFF	TRBV9	TRBJ1-1
CASSLPPGELFF	TRBV7-3	TRBJ2-2
CASSLTPGEQYF	TRBV7-2	TRBJ2-7
CASSLGQGNYGYTF	TRBV5-1	TRBJ1-2
CASSTGQGNYGYTF	TRBV7-9	TRBJ1-2
CASSPSNEQFF	TRBV28	TRBJ2-1
CASSASNEQFF	TRBV13	TRBJ2-1
CASSRAGGTDTQYF	TRBV7-6	TRBJ2-3
CASSLAGGTDTQYF	TRBV6-4	TRBJ2-3
CASSLVGGEQYF	TRBV5-4	TRBJ2-7
CASSLVGTEAFF	TRBV7-9	TRBJ1-1
CASSLANTEAFF	TRBV7-9	TRBJ1-1
CASSLGNTEAFF	TRBV6-2	TRBJ1-1
CASSLAGDTDTQYF	TRBV6-4	TRBJ2-3
CASSLAGGTDTQYF	TRBV6-4	TRBJ2-3
CASSVNYEQYF	TRBV6-2	TRBJ2-7
CASSFNYEQYF	TRBV7-8	TRBJ2-7
CASSFPGELFF	TRBV28	TRBJ2-2
CASSFEGEQYF	TRBV5-6	TRBJ2-7
CASSLGGLAFF	TRBV5-4	TRBJ1-1
CASSLGGELFF	TRBV12-4	TRBJ2-2
CASSRGNTEAFF	TRBV7-9	TRBJ1-1
CASSRGWTEAFF	TRBV13	TRBJ1-1
CASSLGTSYEQFF	TRBV12-4	TRBJ2-1
CASSLGDSYEQYF	TRBV11-2	TRBJ2-7
CASSELAGGYNEQFF	TRBV6-1	TRBJ2-1
CASSLLAGGYNEQFF	TRBV7-3	TRBJ2-1
CASTRGETQYF	TRBV19	TRBJ2-5
CASSRGETQYF	TRBV6-2	TRBJ2-5
CASSLTGGYEQYF	TRBV27	TRBJ2-7
CATSGTGGYEQYF	TRBV24-1	TRBJ2-7
CASSPGNEQFF	TRBV18	TRBJ2-1
CASSPSNEQFF	TRBV28	TRBJ2-1
CASSRGSTDTQYF	TRBV6-4	TRBJ2-3
CASSRTSTDTQYF	TRBV5-4	TRBJ2-3
CASSTGAEAFF	TRBV19	TRBJ1-1
CASSTGREAFF	TRBV27	TRBJ1-1
CASSPGTDTQYF	TRBV18	TRBJ2-3
CASSPSTDTQYF	TRBV7-2	TRBJ2-3
CSATGQGYEQYF	TRBV20-1	TRBJ2-7
CSANGQGYEQYF	TRBV20-1	TRBJ2-7
CASSEGGNQPQHF	TRBV6-6	TRBJ1-5
CASSLGGNQPQHF	TRBV12-4	TRBJ1-5
CASSLGGNQPQHF	TRBV27	TRBJ1-5
CASSLGGNQPQHF	TRBV13	TRBJ1-5
CASSLGGNQPQHF	TRBV5-6	TRBJ1-5
CATSGTGGYEQYF	TRBV24-1	TRBJ2-7
CAWSGTGAYEQYF	TRBV30	TRBJ2-7
CASSEGSEQYF	TRBV27	TRBJ2-7
CASSEGNEQYF	TRBV10-1	TRBJ2-7
CAWTGGTEAFF	TRBV30	TRBJ1-1
CASTGGYEQYF	TRBV28	TRBJ2-7
CASSFPGELFF	TRBV28	TRBJ2-2
CASSPPGELFF	TRBV7-9	TRBJ2-2
CSASSGDGYTF	TRBV20-1	TRBJ1-2
CTSSSGYGYTF	TRBV20-1	TRBJ1-2
CASSSGQTYEQYV	TRBV6-2	TRBJ2-7
CASSWGQTYEQYF	TRBV7-2	TRBJ2-7
CASSVEGNTEAFF	TRBV9	TRBJ1-1
CASSVGGNTEAFF	TRBV9	TRBJ1-1
CASSLSGGTDTQYF	TRBV27	TRBJ2-3
CASSLAGGTDTQYF	TRBV6-4	TRBJ2-3
CASSSRYEQYF	TRBV7-8	TRBJ2-7
CASSLRYEQYF	TRBV28	TRBJ2-7
CASSLSKEAFF	TRBV7-9	TRBJ1-1
CASSLSGELFF	TRBV13	TRBJ2-2
CASSLAGGHEQYF	TRBV5-8	TRBJ2-7
CASSLAGGTEQFF	TRBV4-1	TRBJ2-1
CASSFSYNEQYF	TRBV5-6	TRBJ2-7
CASSSSYNEQFF	TRBV12-4	TRBJ2-1
CAGGSSYNEQFF	TRBV7-8	TRBJ2-1
CASSSSYNEQFF	TRBV12-4	TRBJ2-1
CASSLRGYEQYF	TRBV4-1	TRBJ2-7
CAWSLEGYEQYF	TRBV30	TRBJ2-7
CASSPTGTEAFF	TRBV9	TRBJ1-1
CASSPTGDEQYF	TRBV12-4	TRBJ2-7
CSSYSGNTIYF	TRBV20-1	TRBJ1-3
CSVRSGNTIYF	TRBV20-1	TRBJ1-3
CASSRGSTDTQYF	TRBV6-4	TRBJ2-3
CASSQGSTDTQYF	TRBV4-1	TRBJ2-3
CAARGGTEAFF	TRBV6-5	TRBJ1-1
CASRGDTEAFF	TRBV2	TRBJ1-1
CATSLGSEQYF	TRBV15	TRBJ2-7
CASSEGSEQYF	TRBV27	TRBJ2-7
CASSGGYEQYF	TRBV6-1	TRBJ2-7
CASSGAYEQYF	TRBV5-1	TRBJ2-7
CAMGDSYEQYF	TRBV7-9	TRBJ2-7
CASGLSYEQYF	TRBV28	TRBJ2-7
CTSSSGYGYTF	TRBV20-1	TRBJ1-2
CASSQGYGYTF	TRBV14	TRBJ1-2
CASSGGYEQYF	TRBV6-1	TRBJ2-7
CASSGGTEQFF	TRBV5-1	TRBJ2-1
CSASEGGSSYEQYF	TRBV20-1	TRBJ2-7
CASSHGGSSYEQYF	TRBV27	TRBJ2-7
CASSMGEAFF	TRBV19	TRBJ1-1
CASSGGEQYF	TRBV19	TRBJ2-7
CASSSGDEQYF	TRBV13	TRBJ2-7
CASSPGDEQYF	TRBV25-1	TRBJ2-7
CASSLNEQFF	TRBV2	TRBJ2-1
CASSNNEQFF	TRBV12-3	TRBJ2-1
CASSFGETQYF	TRBV12-4	TRBJ2-5
CASSRGETQYF	TRBV6-2	TRBJ2-5
CASSSRYEQYF	TRBV7-8	TRBJ2-7
CASSSGYEQYF	TRBV7-2	TRBJ2-7
CASSSGDEQYF	TRBV13	TRBJ2-7
CASSSGYEQYF	TRBV7-2	TRBJ2-7
CASSFGTDTQYF	TRBV27	TRBJ2-3
CASSPGTDTQYF	TRBV18	TRBJ2-3
CSSQSYNEQFF	TRBV29-1	TRBJ2-1
CASKSYNEQFF	TRBV28	TRBJ2-1
CASTGGYEQYF	TRBV28	TRBJ2-7
CASSGGYEQYF	TRBV6-1	TRBJ2-7
CASSYYNEQFF	TRBV6-5	TRBJ2-1
CASSTYNEQFF	TRBV7-9	TRBJ2-1
CASSVGTEAFF	TRBV2	TRBJ1-1
CASSGGTEQFF	TRBV5-1	TRBJ2-1
CASSPGNEQFF	TRBV18	TRBJ2-1
CASSEGNEQYF	TRBV10-1	TRBJ2-7
CASSVGGELFF	TRBV9	TRBJ2-2
CASSLGGELFF	TRBV12-4	TRBJ2-2
CSARLAGDYNEQFF	TRBV20-1	TRBJ2-1
CSARLAGDYNEQFF	TRBV20-1	TRBJ2-1
CASSLGQGSYNEQFF	TRBV5-1	TRBJ2-1
CASSLGQGSYNEQFF	TRBV5-5	TRBJ2-1
CASSLGLAKNIQYF	TRBV5-6	TRBJ2-4
CASSLGLAKNIQYF	TRBV12-4	TRBJ2-4
CASSWTSGSTDTQYF	TRBV6-2	TRBJ2-3
CASSWTSGSTDTQYF	TRBV6-2	TRBJ2-3
CASSFTDTQYF	TRBV5-6	TRBJ2-3
CASSFTDTQYF	TRBV27	TRBJ2-3
