CASSGYNEQFF	TRBV11-2	TRBJ2-1
CASSGYNEQFF	TRBV11-2	TRBJ2-1
CASSSYNEQFF	TRBV11-2	TRBJ2-1
CASSSYNEQFF	TRBV11-2	TRBJ2-1
CASSLYNEQFF	TRBV11-2	TRBJ2-1
CASSSYNEQYF	TRBV11-2	TRBJ2-7
CASSEYNEQFF	TRBV11-2	TRBJ2-1
CASSEYNEQFF	TRBV11-2	TRBJ2-1
CASSRYNEQFF	TRBV11-2	TRBJ2-1
CASSRYNEQFF	TRBV11-2	TRBJ2-1
CASSQYNEQFF	TRBV11-2	TRBJ2-1
CASSQYNEQFF	TRBV11-2	TRBJ2-1
CASSPYNEQFF	TRBV6-2	TRBJ2-1
CASSHYNEQFF	TRBV11-2	TRBJ2-1
CASSHYNEQFF	TRBV11-2	TRBJ2-1
CASSAYNEQFF	TRBV11-2	TRBJ2-1
CASSAYNEQFF	TRBV11-2	TRBJ2-1
CASSAYNEQFF	TRBV11-2	TRBJ2-1
CASSLRQGSDEQYF	TRBV28	TRBJ2-7
CASSQRQGSDEQYF	TRBV27	TRBJ2-7
CASSHRQGSDEQYF	TRBV27	TRBJ2-7
CASRLTGHYGYTF	TRBV5-6	TRBJ1-2
CASRLTGHYGYTF	TRBV5-6	TRBJ1-2
CASRITGHYGYTF	TRBV5-6	TRBJ1-2
CASRPTGHYGYTF	TRBV5-6	TRBJ1-2
CASSLLGGNTGELFF	TRBV5-4	TRBJ2-2
CASSLAGGNTGELFF	TRBV28	TRBJ2-2
CASSLAGGNTGELFF	TRBV5-6	TRBJ2-2
CASSLGGGNTGELFF	TRBV5-6	TRBJ2-2
CASSLFGGNTGELFF	TRBV28	TRBJ2-2
CASSLGFSYEQYF	TRBV19	TRBJ2-7
CASSLGSSYEQYF	TRBV12-4	TRBJ2-7
CASSLGESYEQYF	TRBV28	TRBJ2-7
CASSLGYSYEQYF	TRBV7-9	TRBJ2-7
CASSLGQSYEQYF	TRBV11-2	TRBJ2-7
CASSLSAPQETQYF	TRBV27	TRBJ2-5
CASSLSSPQETQYF	TRBV27	TRBJ2-5
CASSLSGPQETQYF	TRBV27	TRBJ2-5
CAISPGTGAYEQYF	TRBV10-3	TRBJ2-7
CASSPGTGAYEQYF	TRBV27	TRBJ2-7
CAWSPGTGAYEQYF	TRBV30	TRBJ2-7
CASSPGQGAYEQYF	TRBV7-8	TRBJ2-7
CASSMGYSNQPQHF	TRBV27	TRBJ1-5
CASSDGYSNQPQHF	TRBV6-5	TRBJ1-5
CASSFGYSNQPQHF	TRBV27	TRBJ1-5
CASSPGYSNQPQHF	TRBV28	TRBJ1-5
CASSFRSGSDEQFF	TRBV27	TRBJ2-1
CASSFRSGNDEQFF	TRBV27	TRBJ2-1
CAWGLGQNNSPLHF	TRBV30	TRBJ1-6
CAWGTGQNNSPLHF	TRBV30	TRBJ1-6
CASSQSPGGIQYF	TRBV14	TRBJ2-4
CASSQSPGGTQYF	TRBV14	TRBJ2-3
CASSSGTGVVQPQHF	TRBV28	TRBJ1-5
CAWSSGTGEVQPQHF	TRBV30	TRBJ1-5
CASSLRRGDTDTQYF	TRBV13	TRBJ2-3
CASSLRRADTDTQYF	TRBV7-3	TRBJ2-3
CASSQGAGYHSYEQYF	TRBV4-1	TRBJ2-7
CASSQGAGYHSYEQYF	TRBV4-1	TRBJ2-7
CASSQGAGRHSYEQYF	TRBV3-1	TRBJ2-7
CASSLDWTYNEQFF	TRBV5-6	TRBJ2-1
CASSLDWTYTEQFF	TRBV5-6	TRBJ2-1
CASSDGQGEPYEQYF	TRBV5-6	TRBJ2-7
CASSDGQGKPYEQYF	TRBV5-6	TRBJ2-7
CASSPTGGEGDIQYF	TRBV11-2	TRBJ2-4
CASSPTGGEGDTQYF	TRBV27	TRBJ2-3
CASGLSDRQETQYF	TRBV27	TRBJ2-5
CASGLSGRQETQYF	TRBV9	TRBJ2-5
CASSLEPGLNEKLFF	TRBV13	TRBJ1-4
CASSLELGLNEKLFF	TRBV7-9	TRBJ1-4
CASGIATNEQFF	TRBV27	TRBJ2-1
CASGIATNEQFF	TRBV27	TRBJ2-1
CATGLATNEQFF	TRBV24-1	TRBJ2-1
CASMLGQAQETQYF	TRBV2	TRBJ2-5
CASMLGQNQETQYF	TRBV7-9	TRBJ2-5
CSASETARNQPQHF	TRBV20-1	TRBJ1-5
CASSETASNQPQHF	TRBV7-9	TRBJ1-5
CASSVRGGRGDEQYF	TRBV27	TRBJ2-7
CASSVYGGRGDEQFF	TRBV9	TRBJ2-1
CASSGASGSSDTQYF	TRBV6-1	TRBJ2-3
CASSGTSGSSDTQYF	TRBV6-4	TRBJ2-3
CASSVGPTGNTIYF	TRBV9	TRBJ1-3
CSARVGPTGNTIYF	TRBV20-1	TRBJ1-3
CASSQVNGGELFF	TRBV14	TRBJ2-2
CATSRVNGGEQYF	TRBV15	TRBJ2-7
CATSDRDRDTEAFF	TRBV24-1	TRBJ1-1
CASSDRGRDTEAFF	TRBV7-8	TRBJ1-1
CATSREQDSGANVLTF	TRBV15	TRBJ2-6
CATSREQGSGANVLTF	TRBV15	TRBJ2-6
CASSLGQIYEQYF	TRBV5-1	TRBJ2-7
CASSLGQSYEQYF	TRBV11-2	TRBJ2-7
CASSLGQAYEQYF	TRBV7-8	TRBJ2-7
CASSLGQAYEQYF	TRBV7-8	TRBJ2-7
CASSLGQEYEQYF	TRBV11-3	TRBJ2-7
CASSSRSTGELFF	TRBV28	TRBJ2-2
CASSPRSTGELFF	TRBV7-9	TRBJ2-2
CASSYRSTGELFF	TRBV6-5	TRBJ2-2
CASSTDRGYGELFF	TRBV2	TRBJ2-2
CASSQDRGYGEQFF	TRBV3-1	TRBJ2-1
CASSFYQGDTQYF	TRBV7-2	TRBJ2-3
CASSFYSGDTQYF	TRBV7-3	TRBJ2-3
CASSLWGATDTQYF	TRBV12-4	TRBJ2-3
CASSLWRATDTQYF	TRBV12-4	TRBJ2-3
CSARVSGVSDTQYF	TRBV20-1	TRBJ2-3
CSARPSGVSDTQYF	TRBV20-1	TRBJ2-3
CASSSWDGEQFF	TRBV11-3	TRBJ2-1
CASSSWDSEQFF	TRBV27	TRBJ2-1
CASSDLAGGSTDTQYF	TRBV6-4	TRBJ2-3
CASSDLSGGSTDTQYF	TRBV5-6	TRBJ2-3
CASSERQGAGGELFF	TRBV25-1	TRBJ2-2
CASSERQGAGGELFF	TRBV25-1	TRBJ2-2
CASSDRQGAGGEQYF	TRBV25-1	TRBJ2-7
CASSQASATYEQYF	TRBV4-1	TRBJ2-7
CASSQASGTYEQYF	TRBV4-2	TRBJ2-7
CASSYYTGELFF	TRBV7-6	TRBJ2-2
CASSYYTGELFF	TRBV7-6	TRBJ2-2
CASNYYTGELFF	TRBV7-9	TRBJ2-2
CASSEVREQYF	TRBV2	TRBJ2-7
CSVEEVREQYF	TRBV29-1	TRBJ2-7
CASADRGANQPQHF	TRBV27	TRBJ1-5
CATADRGSNQPQHF	TRBV27	TRBJ1-5
CASSDSGQGNTGELFF	TRBV6-4	TRBJ2-2
CASSPSGQGNTGELFF	TRBV19	TRBJ2-2
CASTPRTDSYEQYF	TRBV12-4	TRBJ2-7
CASSPRTDSYEQYF	TRBV18	TRBJ2-7
CASSLGGAGANEQFF	TRBV7-2	TRBJ2-1
CASSLGGPGANEQFF	TRBV11-2	TRBJ2-1
CASRRMNTEAFF	TRBV6-1	TRBJ1-1
CASRRMNTEAFF	TRBV6-1	TRBJ1-1
CSARDMNTEAFF	TRBV20-1	TRBJ1-1
CASRSMNTEAFF	TRBV27	TRBJ1-1
CASRYMNTEAFF	TRBV12-3	TRBJ1-1
CASSLSDGTGFEVGANVLTF	TRBV28	TRBJ2-6
CASSLSDGNTDTQYF	TRBV27	TRBJ2-3
CASSPLSDGGLAFNEQFF	TRBV5-6	TRBJ2-1
CATSNIGLSDGEQYF	TRBV15	TRBJ2-7
CASSPGQTLSDGYTF	TRBV7-9	TRBJ1-2
CASAGTSSYNEQFF	TRBV27	TRBJ2-1
CSVAGGSSYNEQFF	TRBV29-1	TRBJ2-1
CSVAGTSSYNEQFF	TRBV29-1	TRBJ2-1
CASSLVSGYEQYF	TRBV27	TRBJ2-7
CASSLVSGNEQFF	TRBV12-4	TRBJ2-1
CASSLVSGREQYF	TRBV7-2	TRBJ2-7
CASSSANYGYTF	TRBV12-4	TRBJ1-2
CASSSANYGYTF	TRBV12-4	TRBJ1-2
CASSSAHYGYTF	TRBV12-4	TRBJ1-2
CASSSAHYGYTF	TRBV12-4	TRBJ1-2
CASSSAHYGYTF	TRBV12-4	TRBJ1-2
CASSSAHYGYTF	TRBV12-4	TRBJ1-2
CASSSAHYGYTF	TRBV12-4	TRBJ1-2
CASSSAHYGYTF	TRBV12-4	TRBJ1-2
CASSSAHYGYTF	TRBV12-4	TRBJ1-2
CASSSAFYGYTF	TRBV7-9	TRBJ1-2
CASSLSSPQETQYF	TRBV27	TRBJ2-5
CASSLSSGQETQYF	TRBV27	TRBJ2-5
CASSLGGRGEKLFF	TRBV13	TRBJ1-4
CASSWGGRGEKLFF	TRBV27	TRBJ1-4
CASSYSEGNYGYTF	TRBV6-5	TRBJ1-2
CASSYSEGGYGYTF	TRBV6-6	TRBJ1-2
CASSLVASTGELFF	TRBV7-9	TRBJ2-2
CASSLPASTGELFF	TRBV5-1	TRBJ2-2
CASSSRDRAPYEQYF	TRBV11-1	TRBJ2-7
CASSSRDRGPYEQYF	TRBV7-9	TRBJ2-7
CASSLEPDQETQYF	TRBV28	TRBJ2-5
CASSLTPDQETQYF	TRBV28	TRBJ2-5
CASSRTSGDTQYF	TRBV7-8	TRBJ2-3
CASSRTRGDTQYF	TRBV19	TRBJ2-3
CASNRDRDHEQYF	TRBV14	TRBJ2-7
CASNSDRDHEQYF	TRBV7-9	TRBJ2-7
CASSLGYEQYF	TRBV27	TRBJ2-7
CASSLGYEQYF	TRBV12-4	TRBJ2-7
CASSLGVELFF	TRBV12-3	TRBJ1-4
CASSLGTEAFF	TRBV11-2	TRBJ1-1
CASSLGHEQYF	TRBV5-6	TRBJ2-7
CASSLGGEQYF	TRBV12-4	TRBJ2-7
CASTGPGELFF	TRBV6-2	TRBJ2-2
CSATTPGEQYV	TRBV20-1	TRBJ2-7
CASSLAQGGEQFF	TRBV5-6	TRBJ2-1
CASSVAQGGEAFF	TRBV9	TRBJ1-1
CASSARQSSYNEQFF	TRBV7-2	TRBJ2-1
CASSARGSSYNEQFF	TRBV4-3	TRBJ2-1
CASSFLGGNQPQHF	TRBV12-4	TRBJ1-5
CASSFLGYNQPQHF	TRBV6-2	TRBJ1-5
CASRDAGGRETQYF	TRBV2	TRBJ2-5
CASRDSGGRETQYF	TRBV7-9	TRBJ2-5
CASSFVSGTDTQYF	TRBV28	TRBJ2-3
CASSFVAGTDTQYF	TRBV28	TRBJ2-3
CASSQDRGYNEQFF	TRBV3-1	TRBJ2-1
CASSQDRGYGEQFF	TRBV3-1	TRBJ2-1
CASLPGGSYGYTF	TRBV7-9	TRBJ1-2
CASTPGGSYGYTF	TRBV6-5	TRBJ1-2
CASSPSGSGNTIYF	TRBV7-9	TRBJ1-3
CASYPSGSGNTIYF	TRBV7-9	TRBJ1-3
CASSPSLGYEQYF	TRBV4-1	TRBJ2-7
CASSPSLTYEQYF	TRBV4-3	TRBJ2-7
CASSGGGGEQYF	TRBV9	TRBJ2-7
CASSYGGGEQYF	TRBV6-5	TRBJ2-7
CASSLGGGELFF	TRBV27	TRBJ2-2
CASSAGGGELFF	TRBV5-6	TRBJ2-2
CASRGLAGDIGELFF	TRBV6-1	TRBJ2-2
CSARGLAGDTGELFF	TRBV20-1	TRBJ2-2
CASSLTGTGYGYTF	TRBV7-9	TRBJ1-2
CASSLTGTGYEQYF	TRBV28	TRBJ2-7
CASSQVGADEQFF	TRBV3-1	TRBJ2-1
CASSQVGAGELFF	TRBV4-3	TRBJ2-2
CASSELGTDTQYF	TRBV10-1	TRBJ2-3
CASSELGGDTQYF	TRBV6-1	TRBJ2-3
CATSGFGNEQFF	TRBV24-1	TRBJ2-1
CATSGFGNEQFF	TRBV24-1	TRBJ2-1
CATSGFTNEQFF	TRBV24-1	TRBJ2-1
CATSGFTNEQFF	TRBV24-1	TRBJ2-1
CASSQDQNTDTQYF	TRBV4-1	TRBJ2-3
CASSQDRNTDTQYF	TRBV4-1	TRBJ2-3
CASSLGSAAYEQYF	TRBV7-8	TRBJ2-7
CASSLGSAAYEQYF	TRBV7-8	TRBJ2-7
CASSLGSGAYEQYF	TRBV5-1	TRBJ2-7
CASSLGGENNEQFF	TRBV19	TRBJ2-1
CASSLGGENTEAFF	TRBV5-1	TRBJ1-1
CATSDGQGRNSPLHF	TRBV24-1	TRBJ1-6
CASSQGQGRNSPLHF	TRBV4-3	TRBJ1-6
CAWGGGSSGNTIYF	TRBV30	TRBJ1-3
CATGGQSSGNTIYF	TRBV7-9	TRBJ1-3
CASSPPGTGNYGYTF	TRBV7-9	TRBJ1-2
CASSPIGTGNYGYTF	TRBV28	TRBJ1-2
CASSLTTYEQYF	TRBV5-1	TRBJ2-7
CASSLQTYEQYF	TRBV11-1	TRBJ2-7
CASSLATYEQYF	TRBV7-8	TRBJ2-7
CASSLVSGNEQFF	TRBV12-4	TRBJ2-1
CASSLVQGNEQFF	TRBV5-6	TRBJ2-1
CASSLVGGNEQFF	TRBV12-3	TRBJ2-1
CASSLVGGNEQFF	TRBV12-3	TRBJ2-1
CASSVGGFPDTQYF	TRBV9	TRBJ2-3
CASSVGGAPDTQYF	TRBV9	TRBJ2-3
CASSLTSGDYNEQFF	TRBV19	TRBJ2-1
CASSLASGDYNEQFF	TRBV7-7	TRBJ2-1
CASSQSGNEQFF	TRBV3-1	TRBJ2-1
CASSQSYNEQFF	TRBV3-1	TRBJ2-1
CASRDPGGLNTEAFF	TRBV2	TRBJ1-1
CASRDRGGLNTEAFF	TRBV7-9	TRBJ1-1
CASSGTGGPGELFF	TRBV9	TRBJ2-2
CASSPTGGPGELFF	TRBV6-5	TRBJ2-2
CASSFRTDYEQYF	TRBV5-1	TRBJ2-7
CASSFGTDYEQYV	TRBV5-6	TRBJ2-7
CASSLGQSYEQYF	TRBV11-2	TRBJ2-7
CASSLGQSYGYTF	TRBV12-3	TRBJ1-2
CASSLGITEAFF	TRBV12-4	TRBJ1-1
CASSLGITEAFF	TRBV12-4	TRBJ1-1
CASSLGITEAFF	TRBV19	TRBJ1-1
CASSIGITEAFF	TRBV19	TRBJ1-1
CASSQSSYNEQFF	TRBV12-4	TRBJ2-1
CASSQSRYNEQFF	TRBV4-1	TRBJ2-1
CASSQGRGGYEQFF	TRBV4-3	TRBJ2-1
CSASQGRGGTEAFF	TRBV20-1	TRBJ1-1
CATSDSGGSYNEQFF	TRBV24-1	TRBJ2-1
CASSDRGGSYNEQFF	TRBV7-9	TRBJ2-1
CASSPRAANTEAFF	TRBV3-1	TRBJ1-1
CASSPRTANTEAFF	TRBV27	TRBJ1-1
CASSLVGGNTQYF	TRBV12-3	TRBJ2-3
CASSLVGGNEQFF	TRBV12-3	TRBJ2-1
CASSLVGGNEQFF	TRBV12-3	TRBJ2-1
CASSVGQAYEQYF	TRBV7-8	TRBJ2-7
CATSDGQAYEQYF	TRBV24-1	TRBJ2-7
CASSLGQAYEQYF	TRBV7-8	TRBJ2-7
CASSLGQAYEQYF	TRBV7-8	TRBJ2-7
CASSLATYEQYF	TRBV7-8	TRBJ2-7
CASSLAPYEQYF	TRBV7-6	TRBJ2-7
CASSLAGYEQYF	TRBV7-6	TRBJ2-7
CASSGGGTEAFF	TRBV2	TRBJ1-1
CASSMGGTEAFF	TRBV19	TRBJ1-1
CASSWGGTEAFF	TRBV6-5	TRBJ1-1
CASSPGGTEAFF	TRBV27	TRBJ1-1
CASSLVLPPGSGNTIYF	TRBV7-8	TRBJ1-3
CASSLVLPPWEQGANQPQHF	TRBV7-8	TRBJ1-5
CASSVKVLPPGAPSTDTQYF	TRBV9	TRBJ2-3
CASSLAKGEQYF	TRBV7-9	TRBJ2-3
CASSLARGEQYF	TRBV7-2	TRBJ2-7
CASSLASGELFF	TRBV7-3	TRBJ2-2
CASSFSQPQHF	TRBV28	TRBJ1-5
CASSFGQPQHF	TRBV28	TRBJ1-5
CASSLSGLAGEQYF	TRBV27	TRBJ2-7
CASSLSGLAGEQYF	TRBV27	TRBJ2-7
CASSLSGGAGELFF	TRBV12-3	TRBJ2-2
CASSGTGPYEQYF	TRBV5-1	TRBJ2-7
CASSGTGPLEQYF	TRBV2	TRBJ2-7
CASRDRGGGYTF	TRBV13	TRBJ1-2
CSVRDRAGGYTF	TRBV29-1	TRBJ1-2
CASSQGANNEQFF	TRBV4-2	TRBJ2-1
CASSFGANNEQFF	TRBV5-4	TRBJ2-1
CASSLGHGTYEQYF	TRBV11-2	TRBJ2-7
CASSLGHGTYEQYF	TRBV11-2	TRBJ2-7
CASSLGHGSYEQYF	TRBV11-2	TRBJ2-7
CASSLGHGSYEQYF	TRBV11-2	TRBJ2-7
CASSHYYEQYF	TRBV11-2	TRBJ2-7
CASSHYYEQYF	TRBV11-2	TRBJ2-7
CASSHYNEQFF	TRBV11-2	TRBJ2-1
CASSHYNEQFF	TRBV11-2	TRBJ2-1
CASSLGANEQFF	TRBV27	TRBJ2-1
CASSLGANGYTF	TRBV7-9	TRBJ1-2
CASSQGVAGAYEQFF	TRBV11-2	TRBJ2-1
CASSQGLAGAYEQYF	TRBV4-2	TRBJ2-7
CASSLGGAYEQYF	TRBV28	TRBJ2-7
CASSLGGAYGYTF	TRBV12-4	TRBJ1-2
CASSLGPGGETQYF	TRBV7-2	TRBJ2-5
CASSLSPGGETQYF	TRBV27	TRBJ2-5
CASSIFGEQYF	TRBV19	TRBJ2-7
CASSIFGEAFF	TRBV19	TRBJ1-1
CASSIFGEAFF	TRBV19	TRBJ1-1
CASSIFGEGYYNEQFF	TRBV19	TRBJ2-1
CASSEESLGGAWTDTQYF	TRBV6-1	TRBJ2-3
CASSSEESQEAFF	TRBV7-2	TRBJ1-1
CASSSEESQEAFF	TRBV7-2	TRBJ1-1
CASSEESISGNTIYF	TRBV6-1	TRBJ1-3
CASSEESGRIETQYF	TRBV6-1	TRBJ2-5
CASSMGGYEQYF	TRBV19	TRBJ2-7
CASSMGGTEAFF	TRBV19	TRBJ1-1
CASSSGSGLYF	TRBV12-4	TRBJ2-5
CASSSGSGLYF	TRBV12-4	TRBJ2-5
CSVHSGSGYTF	TRBV29-1	TRBJ1-2
CASSLTSGAYNEQFF	TRBV19	TRBJ2-1
CASSLTGGAYNEQFF	TRBV7-3	TRBJ2-1
CATSESGSTDTQYF	TRBV6-4	TRBJ2-3
CASSESSSTDTQYF	TRBV2	TRBJ2-3
CASSLLRNTGELFF	TRBV28	TRBJ2-2
CASSALRNTGELFF	TRBV7-9	TRBJ2-2
CASSLTGGREQYF	TRBV27	TRBJ2-7
CASSLTEGREQYF	TRBV11-2	TRBJ2-7
CATSRDGGYTF	TRBV15	TRBJ1-2
CASSRDGELFF	TRBV27	TRBJ1-4
CASSFRVGNEQFF	TRBV7-6	TRBJ2-1
CASSFRAGNEQFF	TRBV12-4	TRBJ2-1
CASSPSGTEQFF	TRBV5-1	TRBJ2-1
CASSPGGTEAFF	TRBV27	TRBJ1-1
CASSPTGTEAFF	TRBV5-1	TRBJ1-1
CASSLADTQYF	TRBV7-2	TRBJ2-3
CASSLADTQYF	TRBV7-2	TRBJ2-3
CASSLADTQYF	TRBV7-2	TRBJ2-3
CASSLGDTQYF	TRBV7-8	TRBJ2-3
CASSLGDTQYF	TRBV10-2	TRBJ2-3
CASSLGDTQYF	TRBV10-2	TRBJ2-3
CASSLTDTQYF	TRBV5-6	TRBJ2-3
CASSLTDTQYF	TRBV5-1	TRBJ2-3
CASSQGQGGYEQYF	TRBV7-6	TRBJ2-7
CASSQGQGGDEQFF	TRBV4-1	TRBJ2-1
CASSLGDRGLHF	TRBV7-2	TRBJ1-6
CASSLGDDGYTF	TRBV5-5	TRBJ1-2
CASSLWQGADGYTF	TRBV12-4	TRBJ1-2
CASSLGQGADGYTF	TRBV13	TRBJ1-2
CASSSSSGSSYNEQFF	TRBV7-9	TRBJ2-1
CASSYSSGSSYNEQFF	TRBV6-5	TRBJ2-1
CASSWDRLNSPLHF	TRBV27	TRBJ1-6
CASSWDRGNSPLHF	TRBV27	TRBJ1-6
CATQSGTGDTEAFF	TRBV24-1	TRBJ1-1
CATSSGTGDTEAFF	TRBV24-1	TRBJ1-1
CASSLGFSGNTIYF	TRBV28	TRBJ1-3
CASSEGFSGNTIYF	TRBV9	TRBJ1-3
CASSFVSGTDTQYF	TRBV28	TRBJ2-3
CASSFLSGTDTQYF	TRBV28	TRBJ2-3
CASSLTGDSPLHF	TRBV25-1	TRBJ1-6
CASSSTGDSPLHF	TRBV28	TRBJ1-6
CASSPRLASSYEQYF	TRBV5-6	TRBJ2-7
CASSPRLASSYEQYF	TRBV5-6	TRBJ2-7
CASSPRLAISYEQYF	TRBV4-2	TRBJ2-7
CASSDRGQGNQPQHF	TRBV2	TRBJ1-5
CASSLRGQGNQPQHF	TRBV28	TRBJ1-5
CASSLWTGGQETQYF	TRBV7-2	TRBJ2-5
CASSLRTGGQETQYF	TRBV5-6	TRBJ2-5
CASSSPGTLYEQYF	TRBV7-9	TRBJ2-7
CASSSPGTGYEQYF	TRBV7-3	TRBJ2-7
CASSPIGLYEQYF	TRBV9	TRBJ2-7
CASSPTGLYEQYF	TRBV3-1	TRBJ2-7
CASSEARGYEQYF	TRBV6-1	TRBJ2-7
CAISEALGYEQYF	TRBV10-3	TRBJ2-7
CASSFRPNQPQHF	TRBV5-6	TRBJ1-5
CASSSRPNQPQHF	TRBV5-4	TRBJ1-5
CASSPRGYEQYF	TRBV12-3	TRBJ2-7
CASSVRGYEQFF	TRBV11-3	TRBJ2-1
CASSLRGYEQYF	TRBV27	TRBJ2-7
CASSFSRGYTF	TRBV11-2	TRBJ1-2
CASSRSRGYTF	TRBV7-9	TRBJ1-2
CASNHYNEQFF	TRBV11-2	TRBJ2-1
CASSHYNEQFF	TRBV11-2	TRBJ2-1
CASSHYNEQFF	TRBV11-2	TRBJ2-1
CASSSSGRTYEQYF	TRBV12-4	TRBJ2-7
CASSSSGRSYEQYF	TRBV7-6	TRBJ2-7
CASSLGQVDEQYF	TRBV12-4	TRBJ2-7
CASSLGQVHEQYF	TRBV12-4	TRBJ2-7
CASSSVAGGQETQYF	TRBV6-2	TRBJ2-5
CASSSIAGGQETQYF	TRBV7-9	TRBJ2-5
CASSPPGFPYEQFF	TRBV7-9	TRBJ2-1
CASSPPGLPYEQYF	TRBV18	TRBJ2-7
CASSLGGAYNEQFF	TRBV12-3	TRBJ2-1
CASSLGGAYNEQFF	TRBV12-3	TRBJ2-1
CAWSLGSAYNEQFF	TRBV30	TRBJ2-1
CASSLQGSEQYF	TRBV5-1	TRBJ2-7
CASSLQGSEQYF	TRBV5-1	TRBJ2-7
CASSLQGYEQYF	TRBV11-2	TRBJ2-7
CASSLQGAEQYF	TRBV5-6	TRBJ2-7
CASSLTSGYEQYF	TRBV27	TRBJ2-7
CASSLTSSYEQYF	TRBV11-3	TRBJ2-7
CASSLPGEDTQYF	TRBV5-1	TRBJ2-3
CASSLLGEDTQYF	TRBV5-1	TRBJ2-3
CAVKSDTGELFF	TRBV19	TRBJ2-2
CASSSDTGELFF	TRBV7-9	TRBJ2-2
CASSIGRNYGYTF	TRBV19	TRBJ1-2
CASSIGTNYGYTF	TRBV27	TRBJ1-2
CASSTGAEAFF	TRBV25-1	TRBJ1-1
CASSTGVEQFF	TRBV6-2	TRBJ2-1
CAISTGYEQYF	TRBV10-3	TRBJ2-7
CASSQTGSTDTQYF	TRBV7-9	TRBJ2-3
CASSQTSSTDTQYF	TRBV4-1	TRBJ2-3
CASSQTSSTDTQYF	TRBV4-1	TRBJ2-3
CASSSRDRGPYEQYF	TRBV7-9	TRBJ2-7
CASSNRDRGPYEQYF	TRBV7-9	TRBJ2-7
CASSVGDRGYEQYF	TRBV9	TRBJ2-7
CASSVADRGYEQYF	TRBV9	TRBJ2-7
CASSQVGGGNTEQYF	TRBV14	TRBJ2-7
CASSDVGGGNTEAFF	TRBV6-1	TRBJ1-1
CASSPGTSGYNEQFF	TRBV5-4	TRBJ2-1
CASSPGTGGYNEQFF	TRBV7-3	TRBJ2-1
CASSYSTDTQYF	TRBV7-6	TRBJ2-3
CASRYSTDTQYF	TRBV6-1	TRBJ2-3
CASSQEAGGTDTQYF	TRBV4-3	TRBJ2-3
CASSQIAGGTDTQYF	TRBV4-2	TRBJ2-3
CASSGTGDYEQYV	TRBV10-2	TRBJ2-7
CASSGTGPYEQYF	TRBV5-1	TRBJ2-7
CASSGTGTYEQYF	TRBV7-9	TRBJ2-7
CASSLGGESTEAFF	TRBV5-4	TRBJ1-1
CASSLGGENTEAFF	TRBV5-1	TRBJ1-1
CASSLSGLAGEQYF	TRBV27	TRBJ2-7
CASSLSGLAGEQYF	TRBV27	TRBJ2-7
CASSLTGLAGELFF	TRBV27	TRBJ2-2
CASSLVGPQPQHF	TRBV7-8	TRBJ1-5
CASSLVGNQPQHF	TRBV25-1	TRBJ1-5
CASSQESGYNEQFF	TRBV4-1	TRBJ2-1
CASSQEEGYNEQFF	TRBV14	TRBJ2-1
CASSLSGGAGELFF	TRBV12-3	TRBJ2-2
CASSLSGGLGEQFF	TRBV27	TRBJ2-1
CASSPYPSSYNEQFF	TRBV11-2	TRBJ2-1
CASSPRPSSYNEQFF	TRBV28	TRBJ2-1
CAWSRGGTDTQYF	TRBV30	TRBJ2-3
CATSRGGGDTQYF	TRBV15	TRBJ2-3
CASSLVGVTGELFF	TRBV11-2	TRBJ2-2
CASSLVGNTGELFF	TRBV11-2	TRBJ2-2
CASSLVGPTYEQYF	TRBV7-8	TRBJ2-7
CASSLVGLTYEQYF	TRBV7-9	TRBJ2-7
CASSSGTNTYEQYF	TRBV11-2	TRBJ2-7
CASSSGTETYEQYF	TRBV9	TRBJ2-7
CASSFRYEQYF	TRBV5-1	TRBJ2-7
CASSYRYEQYF	TRBV19	TRBJ2-7
CASSYRYEQYF	TRBV19	TRBJ2-7
CASSHRYEQYF	TRBV18	TRBJ2-7
CASSHRYEQYF	TRBV19	TRBJ2-7
CASSHRYEQYF	TRBV19	TRBJ2-7
CASSVGGEQYF	TRBV9	TRBJ2-7
CASSVGGEQYF	TRBV9	TRBJ2-7
CASSQGGEMLY	TRBV4-1	TRBJ2-1
CASSLGGEQYF	TRBV12-4	TRBJ2-7
CASSGGGELFF	TRBV9	TRBJ2-2
CASSLGGGPYNEQFF	TRBV5-1	TRBJ2-1
CASSLGTGPYNEQFF	TRBV11-1	TRBJ2-1
CASSGTLGYEQYF	TRBV11-3	TRBJ2-7
CASSGTSGYEQYF	TRBV2	TRBJ2-7
CSVGLLNTGELFF	TRBV29-1	TRBJ2-2
CASGGLNTGELFF	TRBV5-1	TRBJ2-2
CASSLGDSTYEQYF	TRBV5-6	TRBJ2-7
CASSLGDSSYEQYF	TRBV5-6	TRBJ2-7
CASSPSYNEQFF	TRBV27	TRBJ2-1
CASSQSYNEQFF	TRBV3-1	TRBJ2-1
CASSYSYNEQFF	TRBV5-4	TRBJ2-1
CAWSGDRLEAFF	TRBV30	TRBJ1-1
CASSGDRNEQYF	TRBV6-2	TRBJ2-7
CASSFGGGYGYTF	TRBV13	TRBJ1-2
CASSFGGFYGYTF	TRBV28	TRBJ1-2
CASSPSVSYEQYF	TRBV9	TRBJ2-7
CASSPSVSYEQYF	TRBV9	TRBJ2-7
CASSPGVSYEQYF	TRBV9	TRBJ2-7
CASSLGGRTEAFF	TRBV5-6	TRBJ1-1
CASSLGQRTEAFF	TRBV6-2	TRBJ1-1
CASSQGYEQYF	TRBV4-3	TRBJ2-7
CASSSGYEQYF	TRBV12-4	TRBJ2-7
CASSLGYEQYF	TRBV27	TRBJ2-7
CASSLGYEQYF	TRBV12-4	TRBJ2-7
CAISTGYEQYF	TRBV10-3	TRBJ2-7
CASSLAGYEQYF	TRBV7-6	TRBJ2-7
CASSLRGYEQYF	TRBV27	TRBJ2-7
CASSLQGYEQYF	TRBV11-2	TRBJ2-7
CASSFSGSYNEQFF	TRBV12-3	TRBJ2-1
CASSFSGVYNEQFF	TRBV7-2	TRBJ2-1
CASSYSSGSSYNEQFF	TRBV6-5	TRBJ2-1
CASSYSSGLSYNEQFF	TRBV6-5	TRBJ2-1
CATSQGPDTQYF	TRBV24-1	TRBJ2-3
CASSAGPDTQYF	TRBV10-1	TRBJ2-3
CASSQGYEQYF	TRBV4-3	TRBJ2-7
CASSQGYGYTF	TRBV27	TRBJ1-2
CASSFLGGNQPQHF	TRBV12-4	TRBJ1-5
CASSLLGGNQPQHF	TRBV27	TRBJ1-5
CASSLATGNQPQHF	TRBV12-3	TRBJ1-5
CASSLATGNQPQHF	TRBV12-3	TRBJ1-5
CASSLWTGNQPQHF	TRBV27	TRBJ1-5
CASSPSGGYEQYF	TRBV7-9	TRBJ2-7
CASSPSLGYEQYF	TRBV4-1	TRBJ2-7
CASSPEDNTEAFF	TRBV5-4	TRBJ1-1
CASSLYPEDNYGYTF	TRBV7-9	TRBJ1-2
CASSFGTSYEQYF	TRBV12-4	TRBJ2-7
CASSFGTDYEQYV	TRBV5-6	TRBJ2-7
CASSLGITEAFF	TRBV12-4	TRBJ1-1
CASSLGITEAFF	TRBV12-4	TRBJ1-1
CASSLGITEAFF	TRBV19	TRBJ1-1
CASSLGVTEAFF	TRBV5-5	TRBJ1-1
CASSLGLTEAFF	TRBV25-1	TRBJ1-1
CASSQGGSEQYF	TRBV25-1	TRBJ2-7
CASSQGYSEQFF	TRBV4-1	TRBJ2-1
CAADAGNTGELFF	TRBV10-3	TRBJ2-2
CSGDRGNTGELFF	TRBV29-1	TRBJ2-2
CASSSTAYEQYF	TRBV5-6	TRBJ2-7
CASSSAAYEQYF	TRBV12-4	TRBJ2-7
CASSLGHDGYTF	TRBV7-9	TRBJ1-2
CASSLGDDGYTF	TRBV5-5	TRBJ1-2
CASSLGGNEQFF	TRBV7-6	TRBJ2-1
CASSLGANEQFF	TRBV27	TRBJ2-1
CASSLGRNEQYF	TRBV5-6	TRBJ2-7
CASSEDGSSYNEQFF	TRBV2	TRBJ2-1
CASSLDGSSYNEQFF	TRBV12-3	TRBJ2-1
CASSFTGGSYEQYF	TRBV27	TRBJ2-7
CASSFIGGSYEQYF	TRBV7-9	TRBJ2-7
CASSIGLNTEAFF	TRBV19	TRBJ1-1
CASSAGLNTEAFF	TRBV19	TRBJ1-1
CASSFGLNTEAFF	TRBV7-9	TRBJ1-1
CASRMTSGAYNEQFF	TRBV2	TRBJ2-1
CASRRTSGAYNEQFF	TRBV12-4	TRBJ2-1
CASSLQTYEQYF	TRBV11-1	TRBJ2-7
CASSLQGYEQYF	TRBV11-2	TRBJ2-7
CASSLVSGYEQYF	TRBV27	TRBJ2-7
CASSLTSGYEQYF	TRBV27	TRBJ2-7
CASSFAGSSYEQYF	TRBV27	TRBJ2-7
CASSFGGSSYEQYF	TRBV27	TRBJ2-7
CASSTGPSTDTQYF	TRBV5-4	TRBJ2-3
CASSTGISTDTQYF	TRBV6-5	TRBJ2-3
CASSQGQGGYEQYF	TRBV7-6	TRBJ2-7
CASSQGRGGYEQFF	TRBV4-3	TRBJ2-1
CASSPAGGNEQFF	TRBV7-3	TRBJ2-1
CASSPLGGNEQYF	TRBV28	TRBJ2-7
CASSQSGYGYTF	TRBV4-1	TRBJ1-2
CASSQTGYGYTF	TRBV14	TRBJ1-2
CASSQTGYGYTF	TRBV14	TRBJ1-2
CASSPLAGVYNEQFF	TRBV7-3	TRBJ2-1
CASSPLAGGYNEQFF	TRBV7-9	TRBJ2-1
CASSYGTGIGYTF	TRBV6-6	TRBJ1-2
CASSYGTGAGYTF	TRBV6-5	TRBJ1-2
CASSTSGRYEQYF	TRBV6-5	TRBJ2-7
CASSTSGLYEQYF	TRBV27	TRBJ2-7
CATSDLETQYF	TRBV24-1	TRBJ2-5
CAWSDSETQYF	TRBV30	TRBJ2-5
CSASFGNGYTF	TRBV20-1	TRBJ1-2
CASSPGNGYTF	TRBV12-4	TRBJ1-2
CATSERGTDTQYF	TRBV24-1	TRBJ2-3
CASSELGTDTQYF	TRBV10-1	TRBJ2-3
CSARGTGPYEQYF	TRBV20-1	TRBJ2-7
CASSGTGPYEQYF	TRBV5-1	TRBJ2-7
CASSFGPGAYEQYF	TRBV5-5	TRBJ2-7
CASSFGQGAYEQYF	TRBV5-6	TRBJ2-7
CASSLGGEETQYF	TRBV12-4	TRBJ2-5
CASSLGQEETQYF	TRBV12-3	TRBJ2-5
CASSSGRSTDTQYF	TRBV19	TRBJ2-3
CASSLGRSTDTQYF	TRBV27	TRBJ2-3
CASSPQRNTEAFF	TRBV4-3	TRBJ1-1
CASSPARNTEAFF	TRBV4-3	TRBJ1-1
CASSSGTSNTGELFF	TRBV7-3	TRBJ2-2
CASSSGTTNTGELFF	TRBV7-3	TRBJ2-2
CASSEGTSGGYEQYF	TRBV2	TRBJ2-7
CASSRGTSGGYEQYF	TRBV4-1	TRBJ2-7
CASSLVGGMNTEAFF	TRBV5-1	TRBJ1-1
CASSLVGGLNTEAFF	TRBV5-5	TRBJ1-1
CASSFTGYEQYF	TRBV7-9	TRBJ2-7
CASSFTGSEAFF	TRBV12-3	TRBJ1-1
CASSFGTDYEQYV	TRBV5-6	TRBJ2-7
CASSIGTDYEQYF	TRBV19	TRBJ2-7
CASSLGGAYGYTF	TRBV12-4	TRBJ1-2
CASSLGLAYGYTF	TRBV28	TRBJ1-2
CASSPGGNTEAFF	TRBV18	TRBJ1-1
CASSWGGNTEAFF	TRBV27	TRBJ1-1
CASSWGGNTEAFF	TRBV19	TRBJ1-1
CASSWGGNTEAFF	TRBV19	TRBJ1-1
CAWSMGGNTEAFF	TRBV30	TRBJ1-1
CASSLGQGNQPQHF	TRBV7-6	TRBJ1-5
CASSLGQGDQPQHF	TRBV5-5	TRBJ1-5
CASSFRGSEQYF	TRBV28	TRBJ2-7
CASSFTGSEAFF	TRBV12-3	TRBJ1-1
CASSLGETYEQYF	TRBV5-5	TRBJ2-7
CASSLGESYEQYF	TRBV28	TRBJ2-7
CASSVGTGGEQYF	TRBV19	TRBJ2-7
CASSWGTGGEAFF	TRBV5-6	TRBJ1-1
CASSLGFSGNTIYF	TRBV28	TRBJ1-3
CASSLGNSGNTIYF	TRBV7-9	TRBJ1-3
CASSLGGRGEQFF	TRBV12-4	TRBJ2-1
CASSLGGRTEAFF	TRBV5-6	TRBJ1-1
CASSPGTVSTDTQYF	TRBV12-4	TRBJ2-3
CASSPGTASTDTQYF	TRBV4-3	TRBJ2-3
CASSFGQGRTEAFF	TRBV7-9	TRBJ1-1
CASSLGQGRTEAFF	TRBV13	TRBJ1-1
CASSLGGGELFF	TRBV27	TRBJ2-2
CASSLGGSEQYF	TRBV7-9	TRBJ2-7
CASSLGGNEQFF	TRBV7-6	TRBJ2-1
CASSLGGAEEQFF	TRBV7-7	TRBJ2-1
CASSLGGAYEQYF	TRBV28	TRBJ2-7
CAAGPTEAFF	TRBV19	TRBJ1-1
CASGPNEQFF	TRBV19	TRBJ2-1
CAWGTGSQPQHF	TRBV30	TRBJ1-5
CAIGTGIQPQHF	TRBV19	TRBJ1-5
CASSLTSGYEQYF	TRBV27	TRBJ2-7
CASSLTGGYEQYF	TRBV5-1	TRBJ2-7
CASSLAGTYEQYF	TRBV27	TRBJ2-7
CATRLAGTYEQYF	TRBV6-2	TRBJ2-7
CASSYSGASYEQYF	TRBV6-5	TRBJ2-7
CASSYSGGSYEQYF	TRBV6-5	TRBJ2-7
CASSLAGANTEAFF	TRBV5-4	TRBJ1-1
CASSLAGMNTEAFF	TRBV5-1	TRBJ1-1
CASSPNYSNQPQHF	TRBV12-3	TRBJ1-5
CASSPNYSNQPQHF	TRBV12-3	TRBJ1-5
CASSPNYSNQPQHF	TRBV12-3	TRBJ1-5
CASSPNYSNQPQHF	TRBV12-3	TRBJ1-5
CASSPGYSNQPQHF	TRBV28	TRBJ1-5
CASSLGGDSYEQYF	TRBV5-6	TRBJ2-7
CASSVGGDSYEQYF	TRBV9	TRBJ2-7
CASSSSGSSYEQYF	TRBV27	TRBJ2-7
CASSSSGRSYEQYF	TRBV7-6	TRBJ2-7
CASSLGGEETQYF	TRBV12-4	TRBJ2-5
CASSLGGQETQYF	TRBV14	TRBJ2-5
CASSEGLAGAYEQYF	TRBV6-1	TRBJ2-7
CASSQGLAGAYEQYF	TRBV4-2	TRBJ2-7
CASSLDYEQYF	TRBV7-9	TRBJ2-7
CASSLGYEQYF	TRBV27	TRBJ2-7
CASSLGYEQYF	TRBV12-4	TRBJ2-7
CASSLVYEQYF	TRBV11-2	TRBJ2-7
CASSSYNEQYF	TRBV11-2	TRBJ2-7
CASSSYNEQFF	TRBV11-2	TRBJ2-1
CASSSYNEQFF	TRBV11-2	TRBJ2-1
CASTSYNEQFF	TRBV27	TRBJ2-1
CASSLRGYTF	TRBV12-4	TRBJ1-2
CASSLGGLKF	TRBV7-9	TRBJ2-1
CASSLRGATEAFF	TRBV19	TRBJ1-1
CASSLRGNTEAFF	TRBV7-9	TRBJ1-1
CASSLRGNTEAFF	TRBV7-9	TRBJ1-1
CASSLLPGELFF	TRBV5-1	TRBJ2-2
CASSLLGGEQYF	TRBV4-1	TRBJ2-7
CASSLDGGPYNEQFF	TRBV6-2	TRBJ2-1
CASSLGGGPYNEQFF	TRBV5-1	TRBJ2-1
CASSPPGGYEQYF	TRBV27	TRBJ2-7
CASSPPGGHEQFF	TRBV9	TRBJ2-1
CASSLASGPYNEQFF	TRBV7-7	TRBJ2-1
CASSLASGDYNEQFF	TRBV7-7	TRBJ2-1
CASSGDSEAFF	TRBV7-9	TRBJ1-1
CASSWDSEQYF	TRBV7-9	TRBJ2-7
CASSPDRGWYEQYF	TRBV28	TRBJ2-7
CASSPDRGLYEQYF	TRBV19	TRBJ2-7
CASSRWGDEQFF	TRBV11-2	TRBJ2-1
CATRWGDTEAFF	TRBV2	TRBJ1-1
CASSVRWGDEQFF	TRBV2	TRBJ2-1
CASSQGGGYTF	TRBV3-1	TRBJ1-2
CASSQGGEMLY	TRBV4-1	TRBJ2-1
CASSQENYGYTF	TRBV19	TRBJ1-2
CATSRENYGYTF	TRBV19	TRBJ1-2
CASSSATEQYF	TRBV12-4	TRBJ2-7
CASSSADEQYF	TRBV5-1	TRBJ2-7
CASSLDRLSYEQYF	TRBV6-1	TRBJ2-7
CASSLDRGSYEQYF	TRBV5-1	TRBJ2-7
CASSPGSYEQYF	TRBV7-6	TRBJ2-7
CASSDGSYEQYF	TRBV2	TRBJ2-7
CASSLGSYEQYF	TRBV5-1	TRBJ2-7
CASSSDGEQYF	TRBV7-9	TRBJ2-7
CASSSDIEAFF	TRBV7-9	TRBJ1-1
CASSSDIEAFF	TRBV7-9	TRBJ1-1
CASSWTGGETQYF	TRBV7-6	TRBJ2-5
CASSQTGGETQYF	TRBV19	TRBJ2-5
CASSLGPPYEQYF	TRBV11-2	TRBJ2-7
CASSLGGPYEQYF	TRBV12-3	TRBJ2-7
CASSAHNEQFF	TRBV9	TRBJ2-1
CATSTHNEQFF	TRBV24-1	TRBJ2-1
CASSVGGVSYEQYF	TRBV9	TRBJ2-7
CASSVGGDSYEQYF	TRBV9	TRBJ2-7
CASSHYYEQYF	TRBV11-2	TRBJ2-7
CASSHYYEQYF	TRBV11-2	TRBJ2-7
CASSHRYEQYF	TRBV18	TRBJ2-7
CASSHRYEQYF	TRBV19	TRBJ2-7
CASSHRYEQYF	TRBV19	TRBJ2-7
CASSLARTGELFF	TRBV12-4	TRBJ2-2
CASSLVRTGELFF	TRBV5-6	TRBJ2-2
CAWSRGGTDTQYF	TRBV30	TRBJ2-3
CASSRSGTDTQYF	TRBV27	TRBJ2-3
CASSGTTTDTQYF	TRBV6-5	TRBJ2-3
CASSGTSTDTQYF	TRBV6-2	TRBJ2-3
CASSLDRGTYEQYF	TRBV11-2	TRBJ2-7
CASSLDRGSYEQYF	TRBV5-1	TRBJ2-7
CASSLGSYYEQYF	TRBV7-3	TRBJ2-7
CASSLGSSYEQYF	TRBV12-4	TRBJ2-7
CASSLGQGNQPQHF	TRBV7-6	TRBJ1-5
CASSLGQVNQPQHF	TRBV27	TRBJ1-5
CASSPAGGNEQFF	TRBV7-3	TRBJ2-1
CASSLAGGNEQYF	TRBV11-2	TRBJ2-7
CASSQDRGPYEQYF	TRBV4-3	TRBJ2-7
CASSQDRGAYEQYF	TRBV4-1	TRBJ2-7
CASSRDGELFF	TRBV27	TRBJ1-4
CASSSDGEQYF	TRBV7-9	TRBJ2-7
CASGTPQHF	TRBV27	TRBJ1-5
CRRGTEAFF	TRBV7-3	TRBJ1-1
CASSPTGSYEQYF	TRBV4-2	TRBJ2-7
CASSPTGLYEQYF	TRBV3-1	TRBJ2-7
CASSLGGLNQPQHF	TRBV12-3	TRBJ1-5
CASSLGGRNQPQHF	TRBV6-5	TRBJ1-5
CASSLTVNTEAFF	TRBV27	TRBJ1-1
CASSLTVNTEAFF	TRBV11-3	TRBJ1-1
CASSLTANTEAFF	TRBV19	TRBJ1-1
CASSLSGEETQYF	TRBV27	TRBJ2-5
CASSLGGEETQYF	TRBV12-4	TRBJ2-5
CASSLAGNYGYTF	TRBV12-4	TRBJ1-2
CASSLQGNYGYTF	TRBV27	TRBJ1-2
CASSLGLTEAFF	TRBV25-1	TRBJ1-1
CATSLGLYEQYF	TRBV15	TRBJ2-7
CASSPPGGYEQYF	TRBV27	TRBJ2-7
CASSPSGGYEQYF	TRBV7-9	TRBJ2-7
CAAGLYNEQFF	TRBV19	TRBJ2-1
CASSLYNEQFF	TRBV11-2	TRBJ2-1
CASSFLDEQYF	TRBV27	TRBJ2-7
CASSPLDEQYF	TRBV5-5	TRBJ2-7
CASSLRGNTGELFF	TRBV7-9	TRBJ2-2
CASSLVGNTGELFF	TRBV11-2	TRBJ2-2
CASSLTDYEQYF	TRBV5-8	TRBJ2-7
CASSLTTYEQYF	TRBV5-1	TRBJ2-7
CASSFGLNTEAFF	TRBV7-9	TRBJ1-1
CASSFGQNTEAFF	TRBV7-3	TRBJ1-1
CASSFNYEQYF	TRBV12-4	TRBJ2-7
CASSFRYEQYF	TRBV5-1	TRBJ2-7
CASSLRGSSYNEQFF	TRBV5-4	TRBJ2-1
CASSARGSSYNEQFF	TRBV4-3	TRBJ2-1
CASSLEVEQFF	TRBV5-1	TRBJ2-1
CASSLGVELFF	TRBV12-3	TRBJ1-4
CASSWGGPYEQYF	TRBV27	TRBJ2-7
CASSLGGPYEQYF	TRBV12-3	TRBJ2-7
CASSPGSYEQYF	TRBV7-6	TRBJ2-7
CASSPGSTEAFF	TRBV3-1	TRBJ1-1
CASSLVGGNQPQHF	TRBV7-9	TRBJ1-5
CASSLLGGNQPQHF	TRBV27	TRBJ1-5
CASSLGQGGTEAFF	TRBV7-3	TRBJ1-1
CASSLGQGRTEAFF	TRBV13	TRBJ1-1
CASSQANEQFF	TRBV4-2	TRBJ2-1
CASSQYNEQFF	TRBV11-2	TRBJ2-1
CASSQYNEQFF	TRBV11-2	TRBJ2-1
CASSLGGEETQYF	TRBV12-4	TRBJ2-5
CASSYGGEETQYF	TRBV6-5	TRBJ2-5
CASSVGGMNTEAFF	TRBV9	TRBJ1-1
CASSYGGMNTEAFF	TRBV6-5	TRBJ1-1
CASSPTNTGELFF	TRBV27	TRBJ2-2
CATSETNTGELFF	TRBV24-1	TRBJ2-2
CASSLMNTGELFF	TRBV12-4	TRBJ2-2
CASSLMNTGELFF	TRBV12-4	TRBJ2-2
CASSLSNTGELFF	TRBV9	TRBJ2-2
CASSLGSYEQYF	TRBV5-1	TRBJ2-7
CASSLGSGELFF	TRBV7-9	TRBJ2-2
CASSLGSGELFF	TRBV11-2	TRBJ2-2
CASSESSNQPQHF	TRBV10-2	TRBJ1-5
CASSSSSNQPQHF	TRBV12-3	TRBJ1-5
CASSYGGGEQYF	TRBV6-5	TRBJ2-7
CASSYGGYEQYF	TRBV6-5	TRBJ2-7
CASSLTSGYEQYF	TRBV27	TRBJ2-7
CASSGTSGYEQYF	TRBV2	TRBJ2-7
CASSLQGGYGYTF	TRBV6-5	TRBJ1-2
CASSLEGGYGYTF	TRBV7-9	TRBJ1-2
CASSLTGGREQYF	TRBV27	TRBJ2-7
CASSLTGGYEQYF	TRBV5-1	TRBJ2-7
CASSLEGGYGYTF	TRBV7-9	TRBJ1-2
CASSLEGTYGYTF	TRBV28	TRBJ1-2
CASSLQGGYGYTF	TRBV6-5	TRBJ1-2
CASSLQGNYGYTF	TRBV27	TRBJ1-2
CASSLAYNEQFF	TRBV7-6	TRBJ2-1
CASSLVYNEQFF	TRBV11-2	TRBJ2-1
CASSLEVEQFF	TRBV5-1	TRBJ2-1
CASSLEDEQFF	TRBV4-1	TRBJ2-1
CASSPAGGSYEQYF	TRBV7-6	TRBJ2-7
CASSIAGGSYEQYF	TRBV19	TRBJ2-7
CASSLGQGNQPQHF	TRBV7-6	TRBJ1-5
CASSLGWGNQPQHF	TRBV19	TRBJ1-5
CASSLGGAYNEQFF	TRBV12-3	TRBJ2-1
CASSLGGAYNEQFF	TRBV12-3	TRBJ2-1
CASSLGGSYNEQFF	TRBV27	TRBJ2-1
CASSLASGELFF	TRBV7-3	TRBJ2-2
CASSLGSGELFF	TRBV7-9	TRBJ2-2
CASSLGSGELFF	TRBV11-2	TRBJ2-2
CASSGQGNYGYTF	TRBV2	TRBJ1-2
CASSLQGNYGYTF	TRBV27	TRBJ1-2
CASSQGGSEQYF	TRBV25-1	TRBJ2-7
CASSLGGSEQYF	TRBV7-9	TRBJ2-7
CASSQGGGYTF	TRBV3-1	TRBJ1-2
CASSQGYGYTF	TRBV27	TRBJ1-2
CASSLTSGDYNEQFF	TRBV19	TRBJ2-1
CASSLTSGAYNEQFF	TRBV19	TRBJ2-1
CASSLGGSYNEQFF	TRBV27	TRBJ2-1
CASSLGNSYNEQFF	TRBV11-3	TRBJ2-1
CATSDSGGSYNEQFF	TRBV24-1	TRBJ2-1
CASSLSGGSYNEQFF	TRBV9	TRBJ2-1
CASSLTSSYEQYF	TRBV11-3	TRBJ2-7
CASSITSSYEQYF	TRBV19	TRBJ2-7
CASSYSLNEQYF	TRBV6-6	TRBJ2-7
CASSYSYNEQFF	TRBV5-4	TRBJ2-1
CAWSDTSTDTQYF	TRBV30	TRBJ2-3
CASSGTSTDTQYF	TRBV6-2	TRBJ2-3
CASSQGLYEQYF	TRBV6-2	TRBJ2-7
CATSLGLYEQYF	TRBV15	TRBJ2-7
CASSPLDEQYF	TRBV5-5	TRBJ2-7
CASSPGDEQFF	TRBV25-1	TRBJ2-1
CASSPGQGAYEQYF	TRBV7-8	TRBJ2-7
CASSPGQGAWEQYF	TRBV27	TRBJ2-7
CASSLSSGNTIYF	TRBV5-4	TRBJ1-3
CASSDSSGNTIYF	TRBV10-2	TRBJ1-3
CASSLTGGYEQYF	TRBV5-1	TRBJ2-7
CASSLTGTYEQYF	TRBV27	TRBJ2-7
CASSLTGTYEQYF	TRBV7-9	TRBJ2-7
CASSLTGTYEQYF	TRBV27	TRBJ2-7
CASSLTGTYEQYF	TRBV7-9	TRBJ2-7
CASSGTGTYEQYF	TRBV7-9	TRBJ2-7
CASSLTGTYEQYF	TRBV27	TRBJ2-7
CASSLTGTYEQYF	TRBV7-9	TRBJ2-7
CASSLAGTYEQYF	TRBV27	TRBJ2-7
CASSLGGSEQYF	TRBV7-9	TRBJ2-7
CASSLQGSEQYF	TRBV5-1	TRBJ2-7
CASSLQGSEQYF	TRBV5-1	TRBJ2-7
CASSQSQETQYF	TRBV9	TRBJ2-5
CASSWSQETQYF	TRBV5-8	TRBJ2-5
CATSRENYGYTF	TRBV19	TRBJ1-2
CASSRDNYGYTF	TRBV7-8	TRBJ1-2
CASSRDNYGYTF	TRBV7-8	TRBJ1-2
CASSLGRNEQYF	TRBV5-6	TRBJ2-7
CASSLGRIEAFF	TRBV6-2	TRBJ1-1
CSVEAGEQYF	TRBV29-1	TRBJ2-7
CASSAGELFF	TRBV11-2	TRBJ2-2
CASSYGQSYEQYF	TRBV5-6	TRBJ2-7
CASSLGQSYEQYF	TRBV11-2	TRBJ2-7
CASSLGRSSYNEQFF	TRBV7-9	TRBJ2-1
CASSLGPSSYNEQFF	TRBV7-6	TRBJ2-1
CASSFSGVEAFF	TRBV11-2	TRBJ1-1
CASSFSGGELFF	TRBV11-3	TRBJ2-2
CASSGGGGEQYF	TRBV9	TRBJ2-7
CASSGGGTEAFF	TRBV2	TRBJ1-1
CASSLNSNQPQHF	TRBV7-2	TRBJ1-5
CASSLNSNQPQHF	TRBV11-2	TRBJ1-5
CASSLGSNQPQHF	TRBV27	TRBJ1-5
CASSLELNTEAFF	TRBV5-4	TRBJ1-1
CASSLDLNTEAFF	TRBV5-1	TRBJ1-1
CASSQGYEQYF	TRBV4-3	TRBJ2-7
CASSQDYEQYF	TRBV14	TRBJ2-7
CASSPGGTEAFF	TRBV27	TRBJ1-1
CASSPGSTEAFF	TRBV3-1	TRBJ1-1
CASSLGQLYGYTF	TRBV27	TRBJ1-2
CASSLGQSYGYTF	TRBV12-3	TRBJ1-2
CASSLLPGELFF	TRBV5-1	TRBJ2-2
CASSLIPGEQYF	TRBV5-1	TRBJ2-7
CASGTGYEQYF	TRBV7-9	TRBJ2-7
CAISTGYEQYF	TRBV10-3	TRBJ2-7
CASSSGQGNYGYTF	TRBV2	TRBJ1-2
CASSYGQGNYGYTF	TRBV6-2	TRBJ1-2
CASSAHNEQFF	TRBV9	TRBJ2-1
CASSAYNEQFF	TRBV11-2	TRBJ2-1
CASSAYNEQFF	TRBV11-2	TRBJ2-1
CASSAYNEQFF	TRBV11-2	TRBJ2-1
CASSQGGSYNEQFF	TRBV4-1	TRBJ2-1
CASSLGGSYNEQFF	TRBV27	TRBJ2-1
CASSDSGSSYEQYF	TRBV9	TRBJ2-7
CASSSSGSSYEQYF	TRBV27	TRBJ2-7
CASSLLAGGTDTQYF	TRBV7-2	TRBJ2-3
CASSRLAGGTDTQYF	TRBV7-3	TRBJ2-3
CASSFTGYEQYF	TRBV7-9	TRBJ2-7
CASSPTGYEQYF	TRBV27	TRBJ2-7
CASSLAGGNEQYF	TRBV11-2	TRBJ2-7
CASSLVGGNEQFF	TRBV12-3	TRBJ2-1
CASSLVGGNEQFF	TRBV12-3	TRBJ2-1
CASSLGSSYEQYF	TRBV12-4	TRBJ2-7
CASSLTSSYEQYF	TRBV11-3	TRBJ2-7
CASSGLQETQYF	TRBV25-1	TRBJ2-5
CASSGYQETQYF	TRBV2	TRBJ2-5
CASSLTGGYEQYF	TRBV5-1	TRBJ2-7
CASSETGGYEQYF	TRBV6-1	TRBJ2-7
CASSGGTSYEQYF	TRBV9	TRBJ2-7
CASSFGTSYEQYF	TRBV12-4	TRBJ2-7
CASSLGGAYEQYF	TRBV28	TRBJ2-7
CASSLGQAYEQYF	TRBV7-8	TRBJ2-7
CASSLGQAYEQYF	TRBV7-8	TRBJ2-7
CATGTSYEQYF	TRBV10-3	TRBJ2-7
CASGTGYEQYF	TRBV7-9	TRBJ2-7
CASSPGSYEQYF	TRBV7-6	TRBJ2-7
CASSPSSYEQYF	TRBV6-2	TRBJ2-7
CASSFGSYNEQFF	TRBV12-4	TRBJ2-1
CASSSGSYNEQFF	TRBV27	TRBJ2-1
CASSTADTQYF	TRBV27	TRBJ2-3
CASSLADTQYF	TRBV7-2	TRBJ2-3
CASSLADTQYF	TRBV7-2	TRBJ2-3
CASSLADTQYF	TRBV7-2	TRBJ2-3
CASSLEGAEAFF	TRBV11-2	TRBJ1-1
CASSLQGAEQYF	TRBV5-6	TRBJ2-7
CASSLRGSSYNEQFF	TRBV5-4	TRBJ2-1
CASSLDGSSYNEQFF	TRBV12-3	TRBJ2-1
CASSLEGAEAFF	TRBV11-2	TRBJ1-1
CASSLEGDEQFF	TRBV28	TRBJ2-1
CASSLGGAYEQYF	TRBV28	TRBJ2-7
CASSLGGPYEQYF	TRBV12-3	TRBJ2-7
CASSSGQGQFF	TRBV9	TRBJ2-1
CASSSGSGLYF	TRBV12-4	TRBJ2-5
CASSSGSGLYF	TRBV12-4	TRBJ2-5
CASSTGVEQFF	TRBV6-2	TRBJ2-1
CASSLGVELFF	TRBV12-3	TRBJ1-4
CASSWDSSYEQYF	TRBV5-8	TRBJ2-7
CASSEDSSYEQYF	TRBV6-1	TRBJ2-7
CASSLGLAGYNEQFF	TRBV27	TRBJ2-1
CASSPGLAGYNEQFF	TRBV6-1	TRBJ2-1
CASSLGSYEQYF	TRBV5-1	TRBJ2-7
CATSLGLYEQYF	TRBV15	TRBJ2-7
CASSLDYEQYF	TRBV7-9	TRBJ2-7
CASSQDYEQYF	TRBV14	TRBJ2-7
CASSPTGYEQYF	TRBV27	TRBJ2-7
CASSPRGYEQYF	TRBV12-3	TRBJ2-7
CASSPTGTEAFF	TRBV5-1	TRBJ1-1
CASSPTGYEQYF	TRBV27	TRBJ2-7
CASSLGTEAFF	TRBV11-2	TRBJ1-1
CAWSLNTEAFF	TRBV30	TRBJ1-1
CASSTGSTDTQYF	TRBV5-6	TRBJ2-3
CASSPGSTDTQYF	TRBV4-2	TRBJ2-3
CASSPGSYEQYF	TRBV7-6	TRBJ2-7
CASSPGVYEQYF	TRBV12-5	TRBJ2-7
CSARDESYEQYF	TRBV20-1	TRBJ2-7
CSERDSSYEQYF	TRBV20-1	TRBJ2-7
CASSGYEQYF	TRBV2	TRBJ2-7
CASNGYEQYF	TRBV2	TRBJ2-7
CASSPGQGAYEQYF	TRBV7-8	TRBJ2-7
CASSFGQGAYEQYF	TRBV5-6	TRBJ2-7
CASSPGSEQYF	TRBV3-1	TRBJ2-7
CASSMGSEQFF	TRBV19	TRBJ2-1
CASSLGGNEQFF	TRBV7-6	TRBJ2-1
CASSLTGNEQFF	TRBV5-1	TRBJ2-1
CASRTTGELFF	TRBV6-2	TRBJ2-2
CASRYTGEQFF	TRBV6-4	TRBJ2-1
CASSLGGGELFF	TRBV27	TRBJ2-2
CASSLGSGELFF	TRBV7-9	TRBJ2-2
CASSLGSGELFF	TRBV11-2	TRBJ2-2
CAWSRGGTDTQYF	TRBV30	TRBJ2-3
CASSSGGTDTQYF	TRBV19	TRBJ2-3
CASSSGGTDTQYF	TRBV19	TRBJ2-3
CASSLLGGEQYF	TRBV4-1	TRBJ2-7
CASSLGGGELFF	TRBV27	TRBJ2-2
CASSGGGELFF	TRBV9	TRBJ2-2
CASSGGTEAFF	TRBV7-6	TRBJ1-1
CASRGSTDTQYF	TRBV9	TRBJ2-3
CSVEGSTDTQYF	TRBV29-1	TRBJ2-3
CASSYGGYEQYF	TRBV6-5	TRBJ2-7
CASSMGGYEQYF	TRBV19	TRBJ2-7
CASSLSSYNEQFF	TRBV27	TRBJ2-1
CASSQSSYNEQFF	TRBV12-4	TRBJ2-1
CASSEAYEQYF	TRBV6-2	TRBJ2-7
CASSPAYEQFF	TRBV6-6	TRBJ2-1
CASSRNGELFF	TRBV12-4	TRBJ2-2
CASSRDGELFF	TRBV27	TRBJ1-4
CASSLTDTQYF	TRBV5-6	TRBJ2-3
CASSLTDTQYF	TRBV5-1	TRBJ2-3
CASSFTDTQYF	TRBV27	TRBJ2-3
CASSSSYEQYF	TRBV6-2	TRBJ2-7
CASSSGYEQYF	TRBV12-4	TRBJ2-7
CASSLGSSYEQYF	TRBV12-4	TRBJ2-7
CASSAGSSYEQYF	TRBV19	TRBJ2-7
CASSQGYEQYF	TRBV4-3	TRBJ2-7
CASSQGGEMLY	TRBV4-1	TRBJ2-1
CASSSGLEAFF	TRBV5-1	TRBJ1-1
CASSSGYEQYF	TRBV12-4	TRBJ2-7
CASSSSSYEQYF	TRBV28	TRBJ2-7
CASSPSSYEQYF	TRBV6-2	TRBJ2-7
CASSPGDEQFF	TRBV25-1	TRBJ2-1
CASSPGSEQYF	TRBV3-1	TRBJ2-7
CASRGSTDTQYF	TRBV9	TRBJ2-3
CASRYSTDTQYF	TRBV6-1	TRBJ2-3
CASRLNTEAFF	TRBV6-2	TRBJ1-1
CAWSLNTEAFF	TRBV30	TRBJ1-1
CASSLGTEAFF	TRBV11-2	TRBJ1-1
CASSGGTEAFF	TRBV7-6	TRBJ1-1
CASSSSYEQYF	TRBV6-2	TRBJ2-7
CATSDSYEQYF	TRBV19	TRBJ2-7
CASSYSGQGFSTGELFF	TRBV6-5	TRBJ2-2
CASSYSGQGFSTGELFF	TRBV6-5	TRBJ2-2
CSAREELGTSGRRGWYEQFF	TRBV20-1	TRBJ2-1
CSAREELGTSGRRGWYEQFF	TRBV20-1	TRBJ2-1
CASSPEGQGRETQYF	TRBV4-1	TRBJ2-5
CASSPEGQGRETQYF	TRBV4-1	TRBJ2-5
CASSSGVSYNSPLHF	TRBV7-9	TRBJ1-6
CASSSGVSYNSPLHF	TRBV7-9	TRBJ1-6
CASSSPQPNTEAFF	TRBV7-9	TRBJ1-1
CASSSPQPNTEAFF	TRBV7-9	TRBJ1-1
CATSLFPGEEQFF	TRBV15	TRBJ2-1
CATSLFPGEEQFF	TRBV15	TRBJ2-1
CSAKDGGSGNTIYF	TRBV20-1	TRBJ1-3
CSAKDGGSGNTIYF	TRBV20-1	TRBJ1-3
CATLDRRADEKLFF	TRBV6-4	TRBJ1-4
CATLDRRADEKLFF	TRBV6-4	TRBJ1-4
CASSLSGGAQIFNEQFF	TRBV7-3	TRBJ2-1
CASSLSGGAQIFNEQFF	TRBV7-3	TRBJ2-1
CASSLGLTGPEDNQPQHF	TRBV7-9	TRBJ1-5
CASSLGLTGPEDNQPQHF	TRBV7-9	TRBJ1-5
CASSLPSGRNEQYF	TRBV13	TRBJ2-7
CASSLPSGRNEQYF	TRBV13	TRBJ2-7
CASSPVTTGELFF	TRBV7-6	TRBJ2-2
CASSPVTTGELFF	TRBV7-6	TRBJ2-2
CATSDHYGTTDTQYF	TRBV24-1	TRBJ2-3
CATSDHYGTTDTQYF	TRBV24-1	TRBJ2-3
CASIPGSSGISETQYF	TRBV5-1	TRBJ2-5
CASIPGSSGISETQYF	TRBV5-1	TRBJ2-5
CASGAWGYTF	TRBV2	TRBJ1-2
CASGAWGYTF	TRBV2	TRBJ1-2
CASSSGTSGRSDTQYF	TRBV6-5	TRBJ2-3
CASSSGTSGRSDTQYF	TRBV6-5	TRBJ2-3
CASSPDSGGPVNEQFF	TRBV7-2	TRBJ2-1
CASSPDSGGPVNEQFF	TRBV7-2	TRBJ2-1
CASSHQVGGETQYF	TRBV4-1	TRBJ2-5
CASSHQVGGETQYF	TRBV4-1	TRBJ2-5
CASSQGLGDYEQYF	TRBV4-2	TRBJ2-7
CASSQGLGDYEQYF	TRBV4-2	TRBJ2-7
CASSRGGAVYNEQFF	TRBV12-4	TRBJ2-1
CASSRGGAVYNEQFF	TRBV12-4	TRBJ2-1
CASSRTTGYEQYF	TRBV5-5	TRBJ2-7
CASSRTTGYEQYF	TRBV5-5	TRBJ2-7
CASSSLAGVGETQYF	TRBV11-2	TRBJ2-5
CASSSLAGVGETQYF	TRBV11-2	TRBJ2-5
CASSPGTWETQYF	TRBV5-6	TRBJ2-5
CASSPGTWETQYF	TRBV5-6	TRBJ2-5
CSGKRWWETQYF	TRBV29-1	TRBJ2-5
CSGKRWWETQYF	TRBV29-1	TRBJ2-5
CSARVPDRGLYSNQPQHF	TRBV20-1	TRBJ1-5
CSARVPDRGLYSNQPQHF	TRBV20-1	TRBJ1-5
CSATRLADSRTQYF	TRBV20-1	TRBJ2-5
CSATRLADSRTQYF	TRBV20-1	TRBJ2-5
CASSPDGGQGLSEQYF	TRBV6-5	TRBJ2-7
CASSPDGGQGLSEQYF	TRBV6-5	TRBJ2-7
CASSGTDKLAKNIQYF	TRBV13	TRBJ2-4
CASSGTDKLAKNIQYF	TRBV13	TRBJ2-4
CASSPLNGQGARRDTEAFF	TRBV7-7	TRBJ1-1
CASSPLNGQGARRDTEAFF	TRBV7-7	TRBJ1-1
CASSRGTSGTLWETQYF	TRBV4-2	TRBJ2-5
CASSRGTSGTLWETQYF	TRBV4-2	TRBJ2-5
CAITPADPNTEAFF	TRBV10-3	TRBJ1-1
CAITPADPNTEAFF	TRBV10-3	TRBJ1-1
CASSRAEIRHGYTF	TRBV5-6	TRBJ1-2
CASSRAEIRHGYTF	TRBV5-6	TRBJ1-2
CASSPWGGQTNNEQFF	TRBV7-9	TRBJ2-1
CASSPWGGQTNNEQFF	TRBV7-9	TRBJ2-1
CASSLARGGGGYEQYF	TRBV7-2	TRBJ2-7
CASSLARGGGGYEQYF	TRBV7-2	TRBJ2-7
CASSPIGENSEQYF	TRBV13	TRBJ2-7
CASSPIGENSEQYF	TRBV13	TRBJ2-7
CASRAYPPGQAYEQYF	TRBV27	TRBJ2-7
CASRAYPPGQAYEQYF	TRBV27	TRBJ2-7
CSVVAQGAGETQYF	TRBV29-1	TRBJ2-5
CSVVAQGAGETQYF	TRBV29-1	TRBJ2-5
CSVVAQGAGETQYF	TRBV29-1	TRBJ2-5
CASSGPGGGNEQFF	TRBV7-9	TRBJ2-1
CASSGPGGGNEQFF	TRBV7-9	TRBJ2-1
CASSYSGIWGYTF	TRBV6-5	TRBJ1-2
CASSYSGIWGYTF	TRBV6-5	TRBJ1-2
CASNPGQGSSGELFF	TRBV27	TRBJ2-2
CASNPGQGSSGELFF	TRBV27	TRBJ2-2
CASSLVERPYEQYF	TRBV11-1	TRBJ2-7
CASSLVERPYEQYF	TRBV11-1	TRBJ2-7
CASRDTLTYEQYF	TRBV7-9	TRBJ2-7
CASRDTLTYEQYF	TRBV7-9	TRBJ2-7
CASTPGRKGVGGYTF	TRBV3-1	TRBJ1-2
CASTPGRKGVGGYTF	TRBV3-1	TRBJ1-2
CASSSSGPADTQYF	TRBV11-3	TRBJ2-3
CASSSSGPADTQYF	TRBV11-3	TRBJ2-3
CASSVALDGYSSGNTIYF	TRBV9	TRBJ1-3
CASSVALDGYSSGNTIYF	TRBV9	TRBJ1-3
CASRAPPQPQHF	TRBV10-2	TRBJ1-5
CASRAPPQPQHF	TRBV10-2	TRBJ1-5
CASSPLIDRGPFF	TRBV27	TRBJ2-1
CASSPLIDRGPFF	TRBV27	TRBJ2-1
CASSLEGEKLFF	TRBV3-1	TRBJ1-4
CASSLEGEKLFF	TRBV3-1	TRBJ1-4
CSARGTRSNQPQHF	TRBV20-1	TRBJ1-5
CSARGTRSNQPQHF	TRBV20-1	TRBJ1-5
CASSQHTPGQRSSGANVLTF	TRBV4-3	TRBJ2-6
CASSQHTPGQRSSGANVLTF	TRBV4-3	TRBJ2-6
CASKTGTYNEQFF	TRBV19	TRBJ2-1
CASKTGTYNEQFF	TRBV19	TRBJ2-1
CATSDTSGMHNEQFF	TRBV24-1	TRBJ2-1
CATSDTSGMHNEQFF	TRBV24-1	TRBJ2-1
CASSPPGVLGTEAFF	TRBV18	TRBJ1-1
CASSPPGVLGTEAFF	TRBV18	TRBJ1-1
CASSSLSGTSGGASYNEQFF	TRBV6-6	TRBJ2-1
CASSSLSGTSGGASYNEQFF	TRBV6-6	TRBJ2-1
CASSFGDRGATRLHF	TRBV27	TRBJ1-6
CASSFGDRGATRLHF	TRBV27	TRBJ1-6
CSARSGIERQFYEQYF	TRBV20-1	TRBJ2-7
CSARSGIERQFYEQYF	TRBV20-1	TRBJ2-7
CASSLILAVTPYTDTQYF	TRBV5-1	TRBJ2-3
CASSLILAVTPYTDTQYF	TRBV5-1	TRBJ2-3
CATSAIRGGTNTGELFF	TRBV24-1	TRBJ2-2
CATSAIRGGTNTGELFF	TRBV24-1	TRBJ2-2
CASSLWQAVMDEAFF	TRBV7-9	TRBJ1-1
CASSLWQAVMDEAFF	TRBV7-9	TRBJ1-1
CASSLGRHNSPLHF	TRBV5-5	TRBJ1-6
CASSLGRHNSPLHF	TRBV5-5	TRBJ1-6
CATTLGQGTRKTQYF	TRBV11-2	TRBJ2-5
CATTLGQGTRKTQYF	TRBV11-2	TRBJ2-5
CASSLSPVEPQHF	TRBV27	TRBJ1-5
CASSLSPVEPQHF	TRBV27	TRBJ1-5
CASSQDSAGGRDEQFF	TRBV4-3	TRBJ2-1
CASSQDSAGGRDEQFF	TRBV4-3	TRBJ2-1
CASSYFRHSTYEQYF	TRBV6-2	TRBJ2-7
CASSYFRHSTYEQYF	TRBV6-2	TRBJ2-7
CASSQDLRSQETQYF	TRBV3-1	TRBJ2-5
CASSQDLRSQETQYF	TRBV3-1	TRBJ2-5
CASSSGLASHNEQFF	TRBV5-1	TRBJ2-1
CASSSGLASHNEQFF	TRBV5-1	TRBJ2-1
CASSLRDKEAFF	TRBV5-1	TRBJ1-1
CASSLRDKEAFF	TRBV5-1	TRBJ1-1
CASSYGVPTGGYTF	TRBV6-2	TRBJ1-2
CASSYGVPTGGYTF	TRBV6-2	TRBJ1-2
CASSGTSGGFYEQYF	TRBV5-6	TRBJ2-7
CASSGTSGGFYEQYF	TRBV5-6	TRBJ2-7
CASSLAGLTTQYF	TRBV5-6	TRBJ2-5
CASSLAGLTTQYF	TRBV5-6	TRBJ2-5
CSARDLVAFQETQYF	TRBV20-1	TRBJ2-5
CSARDLVAFQETQYF	TRBV20-1	TRBJ2-5
CASSFWGGNRAEAFF	TRBV28	TRBJ1-1
CASSFWGGNRAEAFF	TRBV28	TRBJ1-1
CASRGTGEFYNEQFF	TRBV6-1	TRBJ2-1
CASRGTGEFYNEQFF	TRBV6-1	TRBJ2-1
CASSLPPDGRENSPLHF	TRBV28	TRBJ1-6
CASSLPPDGRENSPLHF	TRBV28	TRBJ1-6
CSADPPGNTIYF	TRBV20-1	TRBJ1-3
CSADPPGNTIYF	TRBV20-1	TRBJ1-3
CSADPPGNTIYF	TRBV20-1	TRBJ1-3
CSADPPGNTIYF	TRBV20-1	TRBJ1-3
CASSQGVLSSQAFF	TRBV4-1	TRBJ1-1
CASSQGVLSSQAFF	TRBV4-1	TRBJ1-1
CSVEDRGGAEQYF	TRBV29-1	TRBJ2-7
CSVEDRGGAEQYF	TRBV29-1	TRBJ2-7
CATSDPRRARGYTF	TRBV24-1	TRBJ1-2
CATSDPRRARGYTF	TRBV24-1	TRBJ1-2
CAWSVLLAGGQGETQYF	TRBV30	TRBJ2-5
CAWSVLLAGGQGETQYF	TRBV30	TRBJ2-5
CASSDRGLGNTIYF	TRBV6-1	TRBJ1-3
CASSDRGLGNTIYF	TRBV6-1	TRBJ1-3
CAITPGQGNSPLHF	TRBV10-3	TRBJ1-6
CAITPGQGNSPLHF	TRBV10-3	TRBJ1-6
CASSQVGSLGRLGQPQHF	TRBV3-1	TRBJ1-5
CASSQVGSLGRLGQPQHF	TRBV3-1	TRBJ1-5
CASSSPSWDTEAFF	TRBV7-9	TRBJ1-1
CASSSPSWDTEAFF	TRBV7-9	TRBJ1-1
CASSYGQGSYTF	TRBV7-9	TRBJ1-2
CASSYGQGSYTF	TRBV7-9	TRBJ1-2
CASRWGGRTYEQYF	TRBV10-2	TRBJ2-7
CASRWGGRTYEQYF	TRBV10-2	TRBJ2-7
CASRWGGRTYEQYF	TRBV10-2	TRBJ2-7
CATSDERMGIQYF	TRBV24-1	TRBJ2-4
CATSDERMGIQYF	TRBV24-1	TRBJ2-4
CASSFRTGSTPQHF	TRBV5-8	TRBJ1-5
CASSFRTGSTPQHF	TRBV5-8	TRBJ1-5
CASSLQGISQETQYF	TRBV9	TRBJ2-5
CASSLQGISQETQYF	TRBV9	TRBJ2-5
CASTRDGIGGETQYF	TRBV19	TRBJ2-5
CASTRDGIGGETQYF	TRBV19	TRBJ2-5
CSALSRDRGRGVGGYTF	TRBV20-1	TRBJ1-2
CSALSRDRGRGVGGYTF	TRBV20-1	TRBJ1-2
CASSFEGHTNEKLFF	TRBV7-9	TRBJ1-4
CASSFEGHTNEKLFF	TRBV7-9	TRBJ1-4
CASSPRGQEESYGYTF	TRBV4-1	TRBJ1-2
CASSPRGQEESYGYTF	TRBV4-1	TRBJ1-2
CASSLVERGGLYEQYF	TRBV7-6	TRBJ2-7
CASSLVERGGLYEQYF	TRBV7-6	TRBJ2-7
CASSPTGGRESYNEQFF	TRBV4-1	TRBJ2-1
CASSPTGGRESYNEQFF	TRBV4-1	TRBJ2-1
CASSPMATTDTQYF	TRBV11-2	TRBJ2-3
CASSPMATTDTQYF	TRBV11-2	TRBJ2-3
CAISESGGIGYEQYF	TRBV10-3	TRBJ2-7
CAISESGGIGYEQYF	TRBV10-3	TRBJ2-7
CSARDHRDSNTGELFF	TRBV20-1	TRBJ2-2
CSARDHRDSNTGELFF	TRBV20-1	TRBJ2-2
CASSELDRGMGTEAFF	TRBV2	TRBJ1-1
CASSELDRGMGTEAFF	TRBV2	TRBJ1-1
CASSQVSQKSSYEQYF	TRBV4-1	TRBJ2-7
CASSQVSQKSSYEQYF	TRBV4-1	TRBJ2-7
CASRNIRRDYNSPLHF	TRBV6-2	TRBJ1-6
CASRNIRRDYNSPLHF	TRBV6-2	TRBJ1-6
CASSLTSEQYV	TRBV7-8	TRBJ2-7
CASSLTSEQYV	TRBV7-8	TRBJ2-7
CASSPRDPDTGELFF	TRBV11-2	TRBJ2-2
CASSPRDPDTGELFF	TRBV11-2	TRBJ2-2
CASSSVGVGNEKLFF	TRBV7-9	TRBJ1-4
CASSSVGVGNEKLFF	TRBV7-9	TRBJ1-4
CASSQQGAINQPQHF	TRBV3-1	TRBJ1-5
CASSQQGAINQPQHF	TRBV3-1	TRBJ1-5
CASSWDRETDQPQHF	TRBV28	TRBJ1-5
CASSWDRETDQPQHF	TRBV28	TRBJ1-5
CASSLAPGATNEKLFF	TRBV7-6	TRBJ1-4
CASSLAPGATNEKLFF	TRBV7-6	TRBJ1-4
CASSPPPHF	TRBV5-1	TRBJ1-5
CASSPPPHF	TRBV5-1	TRBJ1-5
CASTDGGKDTEAFF	TRBV25-1	TRBJ1-1
CASTDGGKDTEAFF	TRBV25-1	TRBJ1-1
CSARDPRLAGPYEQYF	TRBV20-1	TRBJ2-7
CSARDPRLAGPYEQYF	TRBV20-1	TRBJ2-7
CSARDPRLAGPYEQYF	TRBV20-1	TRBJ2-7
CASSNSPFEQYF	TRBV7-6	TRBJ2-7
CASSNSPFEQYF	TRBV7-6	TRBJ2-7
CASSESPPGLGGQYF	TRBV10-2	TRBJ2-7
CASSESPPGLGGQYF	TRBV10-2	TRBJ2-7
CASSFHRGTGELFF	TRBV28	TRBJ2-2
CASSFHRGTGELFF	TRBV28	TRBJ2-2
CASSTGTGLLEQYF	TRBV25-1	TRBJ2-7
CASSTGTGLLEQYF	TRBV25-1	TRBJ2-7
CASSMGLAGAYQETQYF	TRBV10-2	TRBJ2-5
CASSMGLAGAYQETQYF	TRBV10-2	TRBJ2-5
CASSLSQTSADTQYF	TRBV7-3	TRBJ2-3
CASSLSQTSADTQYF	TRBV7-3	TRBJ2-3
CSATLVGLANEQYF	TRBV20-1	TRBJ2-7
CSATLVGLANEQYF	TRBV20-1	TRBJ2-7
CSATLVGLANEQYF	TRBV20-1	TRBJ2-7
CASSGLADTGELFF	TRBV6-1	TRBJ2-2
CASSGLADTGELFF	TRBV6-1	TRBJ2-2
CASSLTGTDNQPQHF	TRBV5-6	TRBJ1-5
CASSLTGTDNQPQHF	TRBV5-6	TRBJ1-5
CASSFLGQPSYEQYF	TRBV7-9	TRBJ2-7
CASSFLGQPSYEQYF	TRBV7-9	TRBJ2-7
CASSQEISLGIGVGYNEQFF	TRBV14	TRBJ2-1
CASSQEISLGIGVGYNEQFF	TRBV14	TRBJ2-1
CASSPGTAPAFF	TRBV4-1	TRBJ1-1
CASSPGTAPAFF	TRBV4-1	TRBJ1-1
CASSFRGERDTQYF	TRBV12-4	TRBJ2-3
CASSFRGERDTQYF	TRBV12-4	TRBJ2-3
CASSLNPRAGYTF	TRBV7-9	TRBJ1-2
CASSLNPRAGYTF	TRBV7-9	TRBJ1-2
CASSFTALTAYEQYF	TRBV27	TRBJ2-7
CASSFTALTAYEQYF	TRBV27	TRBJ2-7
CASSSGTDEKLFF	TRBV7-6	TRBJ1-4
CASSSGTDEKLFF	TRBV7-6	TRBJ1-4
CASSRAYGYTF	TRBV7-9	TRBJ1-2
CASSRAYGYTF	TRBV7-9	TRBJ1-2
CASSRIVTDTQYF	TRBV19	TRBJ2-3
CASSRIVTDTQYF	TRBV19	TRBJ2-3
CASSLEGEGYEQYF	TRBV5-1	TRBJ2-7
CASSLEGEGYEQYF	TRBV5-1	TRBJ2-7
CASRGQGVNEQFF	TRBV5-1	TRBJ2-1
CASRGQGVNEQFF	TRBV5-1	TRBJ2-1
CASSLAGAGVEQYF	TRBV7-8	TRBJ2-7
CASSLAGAGVEQYF	TRBV7-8	TRBJ2-7
CATSDLTETNGYTF	TRBV24-1	TRBJ1-2
CATSDLTETNGYTF	TRBV24-1	TRBJ1-2
CASRGYEGARWEFGETQYF	TRBV3-1	TRBJ2-5
CASRGYEGARWEFGETQYF	TRBV3-1	TRBJ2-5
CASRGYEGARWEFGETQYF	TRBV3-1	TRBJ2-5
CASSQDILQETQYF	TRBV4-2	TRBJ2-5
CASSQDILQETQYF	TRBV4-2	TRBJ2-5
CASSLWGTDTQYF	TRBV5-8	TRBJ2-3
CASSLWGTDTQYF	TRBV5-8	TRBJ2-3
CASSEWTGYQPQHF	TRBV6-1	TRBJ1-5
CASSEWTGYQPQHF	TRBV6-1	TRBJ1-5
CASSEAPPGLGEQYF	TRBV10-2	TRBJ2-7
CASSEAPPGLGEQYF	TRBV10-2	TRBJ2-7
CASSLGWASGESSYEQYF	TRBV5-1	TRBJ2-7
CASSLGWASGESSYEQYF	TRBV5-1	TRBJ2-7
CASSISRPGHSPLHF	TRBV7-6	TRBJ1-6
CASSISRPGHSPLHF	TRBV7-6	TRBJ1-6
CASSPQFSGGLAGVYEQYF	TRBV7-9	TRBJ2-7
CASSPQFSGGLAGVYEQYF	TRBV7-9	TRBJ2-7
CASSLGQGDYGYTF	TRBV7-9	TRBJ1-2
CASSLGQGDYGYTF	TRBV7-9	TRBJ1-2
CASSQDRIMNTEAFF	TRBV4-3	TRBJ1-1
CASSQDRIMNTEAFF	TRBV4-3	TRBJ1-1
CASSFGDNRVGVYEQYF	TRBV12-4	TRBJ2-7
CASSFGDNRVGVYEQYF	TRBV12-4	TRBJ2-7
CASRNRGPHNEQFF	TRBV19	TRBJ2-1
CASRNRGPHNEQFF	TRBV19	TRBJ2-1
CATSRERWDPNTGELFF	TRBV15	TRBJ2-2
CATSRERWDPNTGELFF	TRBV15	TRBJ2-2
CASSRRRGVGYTF	TRBV6-1	TRBJ1-2
CASSRRRGVGYTF	TRBV6-1	TRBJ1-2
CASTPPGASETQYF	TRBV28	TRBJ2-5
CASTPPGASETQYF	TRBV28	TRBJ2-5
CASSLPPGQGTETQYF	TRBV5-6	TRBJ2-5
CASSLPPGQGTETQYF	TRBV5-6	TRBJ2-5
CASSAGGATEAFF	TRBV7-9	TRBJ1-1
CASSAGGATEAFF	TRBV7-9	TRBJ1-1
CAWSVSRAYEQYF	TRBV30	TRBJ2-7
CAWSVSRAYEQYF	TRBV30	TRBJ2-7
CASSGRAMNTEAFF	TRBV6-2	TRBJ1-1
CASSGRAMNTEAFF	TRBV6-2	TRBJ1-1
CAWQGLAGTNTGELFF	TRBV30	TRBJ2-2
CAWQGLAGTNTGELFF	TRBV30	TRBJ2-2
CASSYFPETDRGNTGELFF	TRBV6-2	TRBJ2-2
CASSYFPETDRGNTGELFF	TRBV6-2	TRBJ2-2
CASSPITGGDYEQYF	TRBV4-1	TRBJ2-7
CASSPITGGDYEQYF	TRBV4-1	TRBJ2-7
CSVGGSFYGYTF	TRBV29-1	TRBJ1-2
CSVGGSFYGYTF	TRBV29-1	TRBJ1-2
CASSEGTSGRNNEQFF	TRBV6-5	TRBJ2-1
CASSEGTSGRNNEQFF	TRBV6-5	TRBJ2-1
CASSYNPRDTSGNTIYF	TRBV6-5	TRBJ1-3
CASSYNPRDTSGNTIYF	TRBV6-5	TRBJ1-3
CATTGDIRTGELFF	TRBV7-9	TRBJ2-2
CATTGDIRTGELFF	TRBV7-9	TRBJ2-2
CASSEAWGSETQYF	TRBV6-1	TRBJ2-5
CASSEAWGSETQYF	TRBV6-1	TRBJ2-5
CASSQGEGYEQYF	TRBV4-1	TRBJ2-7
CASSQGEGYEQYF	TRBV4-1	TRBJ2-7
CASSSQTTVAGGPEETQYF	TRBV12-3	TRBJ2-5
CASSSQTTVAGGPEETQYF	TRBV12-3	TRBJ2-5
CASSSDRGDTDTQYF	TRBV12-4	TRBJ2-3
CASSSDRGDTDTQYF	TRBV12-4	TRBJ2-3
CASSVAQGSSEYEQYF	TRBV9	TRBJ2-7
CASSVAQGSSEYEQYF	TRBV9	TRBJ2-7
CASRPRTDAPLTDTQYF	TRBV4-2	TRBJ2-3
CASRPRTDAPLTDTQYF	TRBV4-2	TRBJ2-3
CASSQWAGGGGDTDTQYF	TRBV4-3	TRBJ2-3
CASSQWAGGGGDTDTQYF	TRBV4-3	TRBJ2-3
CASSLSVLAGVTDTQYF	TRBV27	TRBJ2-3
CASSLSVLAGVTDTQYF	TRBV27	TRBJ2-3
CSARDHRLAGGPIYEQYF	TRBV20-1	TRBJ2-7
CSARDHRLAGGPIYEQYF	TRBV20-1	TRBJ2-7
CASSQDPLAIFSNQPQHF	TRBV4-1	TRBJ1-5
CASSQDPLAIFSNQPQHF	TRBV4-1	TRBJ1-5
CSVEGAVYGYTF	TRBV29-1	TRBJ1-2
CSVEGAVYGYTF	TRBV29-1	TRBJ1-2
CASSLGGGLAGVYNEQFF	TRBV2	TRBJ2-1
CASSLGGGLAGVYNEQFF	TRBV2	TRBJ2-1
CASSFNPTYEQYF	TRBV7-6	TRBJ2-7
CASSFNPTYEQYF	TRBV7-6	TRBJ2-7
CASSLDSGGANEQFF	TRBV13	TRBJ2-1
CASSLDSGGANEQFF	TRBV13	TRBJ2-1
CASSAFGSAKGETQYF	TRBV27	TRBJ2-5
CASSAFGSAKGETQYF	TRBV27	TRBJ2-5
CASSPRAGQGVDEQYF	TRBV9	TRBJ2-7
CASSPRAGQGVDEQYF	TRBV9	TRBJ2-7
CASSQDLGGLGQYF	TRBV3-1	TRBJ2-7
CASSQDLGGLGQYF	TRBV3-1	TRBJ2-7
CASSLIAGDQGREQFF	TRBV27	TRBJ2-1
CASSLIAGDQGREQFF	TRBV27	TRBJ2-1
CASSLRLAGGDRDTQYF	TRBV5-1	TRBJ2-3
CASSLRLAGGDRDTQYF	TRBV5-1	TRBJ2-3
CASTRTFSGDYNEQFF	TRBV5-6	TRBJ2-1
CASTRTFSGDYNEQFF	TRBV5-6	TRBJ2-1
CSARPLMNTEAFF	TRBV20-1	TRBJ1-1
CSARPLMNTEAFF	TRBV20-1	TRBJ1-1
CSASAKRDYQETQYF	TRBV20-1	TRBJ2-5
CSASAKRDYQETQYF	TRBV20-1	TRBJ2-5
CASSFQGAVDTQYF	TRBV27	TRBJ2-3
CASSFQGAVDTQYF	TRBV27	TRBJ2-3
CASSLGPPDIQYF	TRBV27	TRBJ2-4
CASSLGPPDIQYF	TRBV27	TRBJ2-4
CASSHGAFEKLFF	TRBV19	TRBJ1-4
CASSHGAFEKLFF	TRBV18	TRBJ1-4
CASSHGAFEKLFF	TRBV19	TRBJ1-4
CASSPTNYGYTF	TRBV7-9	TRBJ1-2
CASSPTNYGYTF	TRBV7-9	TRBJ1-2
CASSIRDRGTGNTIYF	TRBV19	TRBJ1-3
CASSIRDRGTGNTIYF	TRBV19	TRBJ1-3
CASSFHSVGRYNEQFF	TRBV5-1	TRBJ2-1
CASSFHSVGRYNEQFF	TRBV5-1	TRBJ2-1
CASSGPGLHFHSNQPQHF	TRBV5-1	TRBJ1-5
CASSGPGLHFHSNQPQHF	TRBV5-1	TRBJ1-5
CASTSAGGGTQYF	TRBV12-4	TRBJ2-3
CASTSAGGGTQYF	TRBV12-4	TRBJ2-3
CSARWREGLSNEQFF	TRBV20-1	TRBJ2-1
CSARWREGLSNEQFF	TRBV20-1	TRBJ2-1
CASSYSGDDTQYF	TRBV6-5	TRBJ2-3
CASSYSGDDTQYF	TRBV6-5	TRBJ2-3
CASSYSGDDTQYF	TRBV6-5	TRBJ2-3
CASSYSGDDTQYF	TRBV6-5	TRBJ2-3
CASSISSRGYTEAFF	TRBV18	TRBJ1-1
CASSISSRGYTEAFF	TRBV19	TRBJ1-1
CASPLTSGSRNEQFF	TRBV28	TRBJ2-1
CASPLTSGSRNEQFF	TRBV28	TRBJ2-1
CASTVGYEQYF	TRBV6-5	TRBJ2-7
CASTVGYEQYF	TRBV6-5	TRBJ2-7
CASSPTGAGNQPQHF	TRBV7-9	TRBJ1-5
CASSPTGAGNQPQHF	TRBV7-9	TRBJ1-5
CASSTTGRAFF	TRBV27	TRBJ1-1
CASSTTGRAFF	TRBV27	TRBJ1-1
CASSLEGLDSGANVLTF	TRBV7-6	TRBJ2-6
CASSLEGLDSGANVLTF	TRBV7-6	TRBJ2-6
CSARDSWSNQPQHF	TRBV20-1	TRBJ1-5
CSARDSWSNQPQHF	TRBV20-1	TRBJ1-5
CSVQDRGGTEAFF	TRBV29-1	TRBJ1-1
CSVQDRGGTEAFF	TRBV29-1	TRBJ1-1
CASSHPSGRREETQYF	TRBV7-9	TRBJ2-5
CASSHPSGRREETQYF	TRBV7-9	TRBJ2-5
CASRDSFKVQYF	TRBV27	TRBJ2-7
CASRDSFKVQYF	TRBV27	TRBJ2-7
CASSEYVRGYEQYF	TRBV10-2	TRBJ2-7
CASSEYVRGYEQYF	TRBV10-2	TRBJ2-7
CASSGSGAPMDSPLHF	TRBV9	TRBJ1-6
CASSGSGAPMDSPLHF	TRBV9	TRBJ1-6
CATSSPQTGRNEQFF	TRBV15	TRBJ2-1
CATSSPQTGRNEQFF	TRBV15	TRBJ2-1
CASSPDGETQYF	TRBV12-3	TRBJ2-5
CASSPDGETQYF	TRBV12-3	TRBJ2-5
CASSPIRGDTQYF	TRBV18	TRBJ2-3
CASSPIRGDTQYF	TRBV18	TRBJ2-3
CASSQDTGYQPQHF	TRBV4-3	TRBJ1-5
CASSQDTGYQPQHF	TRBV4-3	TRBJ1-5
CASSLRGRGPTLPDTQYF	TRBV7-9	TRBJ2-3
CASSLRGRGPTLPDTQYF	TRBV7-9	TRBJ2-3
CASSGLLVGEQFF	TRBV9	TRBJ2-1
CASSGLLVGEQFF	TRBV9	TRBJ2-1
CASSNDRLRSYNEQFF	TRBV6-2	TRBJ2-1
CASSNDRLRSYNEQFF	TRBV6-2	TRBJ2-1
CASSTSDDQPQHF	TRBV27	TRBJ1-5
CASSTSDDQPQHF	TRBV27	TRBJ1-5
CASSYLGTGGPEAFF	TRBV6-2	TRBJ1-1
CASSYLGTGGPEAFF	TRBV6-2	TRBJ1-1
CASSLWQPPYEQYF	TRBV7-6	TRBJ2-7
CASSLWQPPYEQYF	TRBV7-6	TRBJ2-7
CASSAPPGQLGTPLHF	TRBV7-9	TRBJ1-6
CASSAPPGQLGTPLHF	TRBV7-9	TRBJ1-6
CASAGGPWNEQFF	TRBV12-4	TRBJ2-1
CASAGGPWNEQFF	TRBV12-4	TRBJ2-1
CASSSDVTYEQYF	TRBV12-4	TRBJ2-7
CASSSDVTYEQYF	TRBV12-4	TRBJ2-7
CASTTSRTGRITNEKLFF	TRBV4-3	TRBJ1-4
CASTTSRTGRITNEKLFF	TRBV4-3	TRBJ1-4
CASSDSGPNTGELFF	TRBV2	TRBJ2-2
CASSDSGPNTGELFF	TRBV2	TRBJ2-2
CASSPGTSGRGEQFF	TRBV3-1	TRBJ2-1
CASSPGTSGRGEQFF	TRBV3-1	TRBJ2-1
CASSLGGGTGGYEQYF	TRBV5-1	TRBJ2-7
CASSLGGGTGGYEQYF	TRBV5-1	TRBJ2-7
CASSVEGAENTEAFF	TRBV9	TRBJ1-1
CASSVEGAENTEAFF	TRBV9	TRBJ1-1
CASSQVMEGDGYTF	TRBV4-2	TRBJ1-2
CASSQVMEGDGYTF	TRBV4-2	TRBJ1-2
CASSHFTETQYF	TRBV11-2	TRBJ2-5
CASSHFTETQYF	TRBV11-2	TRBJ2-5
CASSQDYGDYEQYF	TRBV14	TRBJ2-7
CASSQDYGDYEQYF	TRBV14	TRBJ2-7
CASSLRRDEQYF	TRBV7-8	TRBJ2-7
CASSLRRDEQYF	TRBV7-8	TRBJ2-7
CASSMQGTTEAFF	TRBV19	TRBJ1-1
CASSMQGTTEAFF	TRBV19	TRBJ1-1
CASSQEAGGPGDTQYF	TRBV4-1	TRBJ2-3
CASSQEAGGPGDTQYF	TRBV4-1	TRBJ2-3
CARGWTGGYTF	TRBV2	TRBJ1-2
CARGWTGGYTF	TRBV2	TRBJ1-2
CASSLERSPRPYEQYF	TRBV7-9	TRBJ2-7
CASSLERSPRPYEQYF	TRBV7-9	TRBJ2-7
CASSLWSSDSTQNTQYF	TRBV5-6	TRBJ2-3
CASSLWSSDSTQNTQYF	TRBV5-6	TRBJ2-3
CASGRTGKYGYTF	TRBV19	TRBJ1-2
CASGRTGKYGYTF	TRBV19	TRBJ1-2
CASSSRDRFTTNYGYTF	TRBV27	TRBJ1-2
CASSSRDRFTTNYGYTF	TRBV27	TRBJ1-2
CASTSEYYEQYF	TRBV7-9	TRBJ2-7
CASTSEYYEQYF	TRBV7-9	TRBJ2-7
CASSEGEATNEKLFF	TRBV2	TRBJ1-4
CASSEGEATNEKLFF	TRBV9	TRBJ1-4
CASSYHGVETQYF	TRBV6-5	TRBJ2-5
CASSYHGVETQYF	TRBV6-5	TRBJ2-5
CASSHGQIWGYTF	TRBV3-1	TRBJ1-2
CASSHGQIWGYTF	TRBV3-1	TRBJ1-2
CASSLRGLLGGYTF	TRBV7-9	TRBJ1-2
CASSLRGLLGGYTF	TRBV7-9	TRBJ1-2
CASSPNSGRNYNEQFF	TRBV5-1	TRBJ2-1
CASSPNSGRNYNEQFF	TRBV5-1	TRBJ2-1
CASSRDETYEQYF	TRBV19	TRBJ2-7
CASSRDETYEQYF	TRBV19	TRBJ2-7
CASSGLAGGPSDEQFF	TRBV9	TRBJ2-1
CASSGLAGGPSDEQFF	TRBV9	TRBJ2-1
CASSLVGAVGEQYF	TRBV7-8	TRBJ2-7
CASSLVGAVGEQYF	TRBV7-8	TRBJ2-7
CASSSNGQGINTGELFF	TRBV27	TRBJ2-2
CASSSNGQGINTGELFF	TRBV27	TRBJ2-2
CASTRNTDYNEKLFF	TRBV2	TRBJ1-4
CASTRNTDYNEKLFF	TRBV2	TRBJ1-4
CASSSYGQGSSGANVLTF	TRBV19	TRBJ2-6
CASSSYGQGSSGANVLTF	TRBV19	TRBJ2-6
CSAFSTGFVGSYEQYF	TRBV20-1	TRBJ2-7
CSAFSTGFVGSYEQYF	TRBV20-1	TRBJ2-7
CASSVDPDRVANYGYTF	TRBV6-1	TRBJ1-2
CASSVDPDRVANYGYTF	TRBV6-1	TRBJ1-2
CASSVDPDRVANYGYTF	TRBV6-1	TRBJ1-2
CASSLGPGRGFNEQFF	TRBV7-6	TRBJ2-1
CASSLGPGRGFNEQFF	TRBV7-6	TRBJ2-1
CSASIERIGEQYF	TRBV20-1	TRBJ2-7
CSASIERIGEQYF	TRBV20-1	TRBJ2-7
CASSLRQTGMRETQYF	TRBV7-9	TRBJ2-5
CASSLRQTGMRETQYF	TRBV7-9	TRBJ2-5
CASSVEGSSYNEQFF	TRBV9	TRBJ2-1
CASSVEGSSYNEQFF	TRBV9	TRBJ2-1
CASSVEGSSYNEQFF	TRBV9	TRBJ2-1
CASSVEGSSYNEQFF	TRBV9	TRBJ2-1
CASSVEGSSYNEQFF	TRBV9	TRBJ2-1
CASSLDPLSYNEQFF	TRBV11-2	TRBJ2-1
CASSLDPLSYNEQFF	TRBV11-2	TRBJ2-1
CASSLASGGAQNEQFF	TRBV7-8	TRBJ2-1
CASSLASGGAQNEQFF	TRBV7-8	TRBJ2-1
CASIPGAPLLSGANVLTF	TRBV7-8	TRBJ2-6
CASIPGAPLLSGANVLTF	TRBV7-8	TRBJ2-6
CASSQDFGQADYGYTF	TRBV3-1	TRBJ1-2
CASSQDFGQADYGYTF	TRBV3-1	TRBJ1-2
CASSQDLGPFEAFF	TRBV3-1	TRBJ1-1
CASSQDLGPFEAFF	TRBV3-1	TRBJ1-1
CASSWSKDKGTDTQYF	TRBV6-5	TRBJ2-3
CASSWSKDKGTDTQYF	TRBV6-5	TRBJ2-3
CASSWSKDKGTDTQYF	TRBV6-5	TRBJ2-3
CASSLRRDRELAFF	TRBV7-9	TRBJ1-1
CASSLRRDRELAFF	TRBV7-9	TRBJ1-1
CASSLYGASTDTQYF	TRBV12-4	TRBJ2-3
CASSLYGASTDTQYF	TRBV12-4	TRBJ2-3
CASSLYTGTGDGYTF	TRBV6-5	TRBJ1-2
CASSLYTGTGDGYTF	TRBV6-5	TRBJ1-2
CASSPLPGGTDTQYF	TRBV7-6	TRBJ2-3
CASSPLPGGTDTQYF	TRBV7-6	TRBJ2-3
CASSIAGELLPQHF	TRBV19	TRBJ1-5
CASSIAGELLPQHF	TRBV19	TRBJ1-5
CASSPDLGETQYF	TRBV12-4	TRBJ2-5
CASSPDLGETQYF	TRBV12-4	TRBJ2-5
CASSLVWTDTQYF	TRBV12-4	TRBJ2-3
CASSLVWTDTQYF	TRBV12-4	TRBJ2-3
CASSLGLTDTQYF	TRBV5-1	TRBJ2-3
CASSLGLTDTQYF	TRBV5-1	TRBJ2-3
CASSFLGGATNYGYTF	TRBV5-1	TRBJ1-2
CASSFLGGATNYGYTF	TRBV5-1	TRBJ1-2
CASSVWESNQPQHF	TRBV7-8	TRBJ1-5
CASSVWESNQPQHF	TRBV7-8	TRBJ1-5
CASTWGDTIYF	TRBV25-1	TRBJ1-3
CASTWGDTIYF	TRBV25-1	TRBJ1-3
CASSPYNPNQPQHF	TRBV19	TRBJ1-5
CASSPYNPNQPQHF	TRBV19	TRBJ1-5
CASSLTGQELNEQFF	TRBV7-2	TRBJ2-1
CASSLTGQELNEQFF	TRBV7-2	TRBJ2-1
CASSHLFPGGLGTDTQYF	TRBV4-1	TRBJ2-3
CASSHLFPGGLGTDTQYF	TRBV4-1	TRBJ2-3
CASSTLPQGVYPPGEKLFF	TRBV9	TRBJ1-4
CASSTLPQGVYPPGEKLFF	TRBV9	TRBJ1-4
CASSLFGEHSYNSPLHF	TRBV5-4	TRBJ1-6
CASSLFGEHSYNSPLHF	TRBV5-4	TRBJ1-6
CASSVPQGALSYEQYF	TRBV5-4	TRBJ2-7
CASSVPQGALSYEQYF	TRBV5-4	TRBJ2-7
CASSLDGTGNTEAFF	TRBV7-9	TRBJ1-1
CASSLDGTGNTEAFF	TRBV7-9	TRBJ1-1
CSVGLAGALGGPFYNEQFF	TRBV20-1	TRBJ2-1
CSVGLAGALGGPFYNEQFF	TRBV20-1	TRBJ2-1
CASSQDRGTGGYYGYTF	TRBV4-1	TRBJ1-2
CASSQDRGTGGYYGYTF	TRBV4-1	TRBJ1-2
CSDTLDTREAFF	TRBV29-1	TRBJ1-1
CSDTLDTREAFF	TRBV29-1	TRBJ1-1
CASSTVGVSYNEQFF	TRBV9	TRBJ2-1
CASSTVGVSYNEQFF	TRBV9	TRBJ2-1
CASSLGGQGGTEAFF	TRBV13	TRBJ1-1
CASSLGGQGGTEAFF	TRBV13	TRBJ1-1
CASSTRDTAYNEQFF	TRBV9	TRBJ2-1
CASSTRDTAYNEQFF	TRBV9	TRBJ2-1
CASSLGTGRRNQPQHF	TRBV7-9	TRBJ1-5
CASSLGTGRRNQPQHF	TRBV7-9	TRBJ1-5
CASSLARGTGELFF	TRBV5-1	TRBJ2-2
CASSLARGTGELFF	TRBV5-1	TRBJ2-2
CASRATAVREQYF	TRBV19	TRBJ2-7
CASRATAVREQYF	TRBV19	TRBJ2-7
CASSLTWGQGYLTNEKLFF	TRBV5-4	TRBJ1-4
CASSLTWGQGYLTNEKLFF	TRBV5-4	TRBJ1-4
CASMAGGMPPLHF	TRBV6-5	TRBJ1-6
CASMAGGMPPLHF	TRBV6-5	TRBJ1-6
